legacy_id,id 2504,id 2512,verified,library,name 2504,name 2512,artist,artist_label,artist_primary 2504,artist_primary 2512,album 2504,album 2512,album_artist,play_count 2504,play_count 2512,play_count_deducted,play_count_2025,disc_number,disc_count,track_number,track_count,duration,release_date,added_date,modified_date,vocal,locale,genre,genre_alt,genre_tag,apple_music,isrc,album_artwork
0,4482,4787,False,True,My Eyes,My Eyes,,,10cm,10cm,"Guardian, Pt. 2 (Original Television Soundtrack) - Single","Guardian, Pt. 2 (Original Television Soundtrack) - Single",10cm,38,38,0,0,1,1,1,2,157100,2016-12-10 12:00:00,2020-12-02 13:51:40,2019-05-19 11:38:08,,,,K Pop,,1613135825,KRA491600885,
1,4668,4973,True,True,Spring Breeze,Spring Breeze,1268507013,Wanna One,Wanna One,Wanna One,1¹¹=1 (Power of Destiny),1¹¹=1 (Power of Destiny),Wanna One,127,129,0,2,1,1,2,10,238942,2018-11-19 12:00:00,2020-12-02 13:51:40,2019-05-19 13:11:20,V.M,Korean,Pop,K Pop,Dance.Influenced,1570376662,KRA491801136,Music125/v4/49/4f/2d/494f2df8-e81c-3e3e-ba6b-a440d6a88005/8809603547217_Cover.jpg
2,4090,4395,False,True,Beautiful,Beautiful,,,Crush,Crush,"Guardian, Pt. 4 (Original Television Soundtrack) - Single","Guardian, Pt. 4 (Original Television Soundtrack) - Single",Crush,41,41,0,0,1,1,1,2,216868,2016-01-01 00:00:00,2020-12-02 13:51:40,2019-05-19 13:19:36,,,,K Pop,,,,
3,4834,5139,False,True,You are so beautiful,You are so beautiful,,,Eddy Kim,Eddy Kim,"Guardian, Pt. 5 (Original Television Soundtrack) - Single","Guardian, Pt. 5 (Original Television Soundtrack) - Single",Eddy Kim,30,30,0,0,1,1,1,2,196153,2016-12-24 12:00:00,2020-12-02 13:51:40,2019-05-19 13:20:16,,,,K Pop,,1570371871,KRA491600908,
4,4746,5051,True,True,Universe,Universe,657630070,EXO,EXO,EXO,Universe,Universe - EP,EXO,54,54,0,0,1,1,1,8,289724,2017-01-01 00:00:00,2020-12-02 13:51:40,2019-05-19 13:20:46,V.M,Korean,R&B/Soul,K Pop,,1328808427,KRA301700672,Music124/v4/6e/ba/8e/6eba8e9b-aaad-9470-9958-3cff187ab9e7/EXO_2017_WINTER_COVER.jpg
5,4194,4499,True,True,Dalla Dalla,Dalla Dalla,1451964345,ITZY,ITZY,ITZY,IT'z Different - Single,IT'z Different - Single,ITZY,55,55,0,0,1,1,1,2,196205,2019-01-01 00:00:00,2020-12-02 13:51:40,2019-05-19 13:22:58,V.F,Korean,Pop,K Pop,Dance.Influenced,1608248898,US5TA1900013,Music126/v4/b5/83/3f/b5833f11-e5e1-3f65-81f0-a69c5fe09499/192641939532_Cover.jpg
6,4750,5055,True,True,Violeta,Violeta,1440449616,IZ*ONE,IZ*ONE,IZ*ONE,HEART*IZ,HEART*IZ,IZ*ONE,83,84,0,1,1,1,2,8,204695,2020-10-21 12:00:00,2020-12-02 13:51:40,2019-05-19 13:23:22,V.F,Korean,Pop,K Pop,,"1533391533, 1569293224","JPPO02002952, KRA871900003",Music115/v4/bc/f1/6e/bcf16eb1-7fd3-58b6-7f31-4c464efc3c04/8809658311085_Cover.jpg
7,4196,4501,True,True,Dance The Night Away,Dance The Night Away,1203816887,TWICE,TWICE,TWICE,Summer Nights,Summer Nights,TWICE,54,54,0,0,1,1,1,9,183170,2018-07-09 12:00:00,2020-12-02 13:51:40,2019-05-19 13:27:30,V.F,Korean,Pop,K Pop,Dance.Influenced,1555401454,US5TA1800053,Music115/v4/d1/aa/2a/d1aa2a5d-3906-7fbf-465e-39939573a39d/190295579180.jpg
8,4828,5133,True,True,YES or YES,YES or YES,1203816887,TWICE,TWICE,TWICE,YES or YES,YES or YES,TWICE,55,56,0,1,1,1,1,7,238315,2018-11-05 12:00:00,2020-12-02 13:51:40,2019-05-19 13:27:58,V.F,Korean,Pop,K Pop,,1555395988,US5TA1800109,Music124/v4/82/30/18/823018a3-f61b-cc70-aad3-2d87406ef3ba/190295510961.jpg
9,4666,4971,False,True,Spotlight,Spotlight,,,頑童MJ116,頑童MJ116,幹大事,幹大事,頑童MJ116,36,36,0,0,1,,,,214308,2017-11-16 12:00:00,2020-12-02 13:50:11,2019-07-26 07:37:36,,,,Mando Hip-Hop/Rap,,1312736620,TWA451703807,
10,3946,4251,False,True,嘆雲兮,嘆雲兮,,,鞠婧禕,鞠婧禕,嘆雲兮 - Single,嘆雲兮 - Single,鞠婧禕,20,20,0,0,1,,,,278831,2018-07-01 12:00:00,2020-12-02 13:50:11,2019-07-26 07:59:58,,,,Mando Pop,,1703177157,TWCT51716323,
11,4780,5085,True,True,Way Back Home,Way Back Home,1328970300,SHAUN,SHAUN,SHAUN,Take,Take - EP,SHAUN,61,64,0,3,1,1,1,4,216111,2018-06-27 12:00:00,2020-12-02 13:51:40,2019-07-26 08:02:47,V.M,Korean,Dance,K Pop,House.TropicalHouse,1403855287,KRF221800012,Music115/v4/74/89/80/748980c9-b88b-5268-7277-faf96e0fa9f5/190295589172.jpg
12,3672,3977,False,True,我的未來不是夢,我的未來不是夢,,,張雨生,張雨生,自由歌,自由歌,張雨生,5,5,0,0,1,,,,309629,1988-05-01 12:00:00,2020-12-02 13:51:40,2019-09-14 09:58:22,,,,Mando Classic,,1444992246,TWA538896106,
13,3622,3927,False,True,向前走,向前走,,,林強,林強,向前走,向前走,林強,6,7,0,1,1,,,,360751,1991-01-01 00:00:00,2020-12-02 13:51:40,2019-09-14 10:00:24,,,,Mando Classic,,551911684,TWA459025802,
14,4248,4553,False,True,Everytime (feat. Punch),Everytime (feat. Punch),,,CHEN,CHEN,"Descendants of the Sun, Pt. 2 (Original Television Soundtrack) - Single","Descendants of the Sun, Pt. 2 (Original Television Soundtrack) - Single",CHEN,10,10,0,0,1,1,1,2,189387,2016-02-25 12:00:00,2020-12-02 13:51:40,2019-09-14 13:58:35,,,,K Pop,,,,
15,4662,4967,True,True,The Spectre,The Spectre,"1062085272, 322204474","Alan Walker, Jesper Borgen",Alan Walker,Alan Walker,The Spectre - Single,The Spectre - Single,Alan Walker,89,91,0,2,1,1,1,1,189022,2017-09-15 12:00:00,2020-12-02 14:05:53,2019-09-20 17:13:10,V.M,English,Dance,English Dance,House.ElectroHouse,"1277697262, 1707602102",NOG841713010,Music126/v4/91/ae/63/91ae635e-ce72-23d1-c01d-10ea70ddf285/196871477925.jpg
16,4500,4805,True,True,The Nights,The Nights,298496035,Avicii,Avicii,Avicii,Stories,The Days / Nights - EP,Avicii,104,117,0,13,1,1,2,4,175072,2014-09-16 00:00:00,2020-12-02 14:05:53,2019-09-20 17:13:16,V.M,English,Dance,English Dance,House.ProgressiveHouse,"1440829549, 1807714119",CH3131340464,Music126/v4/35/4d/a0/354da058-972b-dcf9-feec-609895ba8cb2/14UMGIM56567.rgb.jpg
17,4180,4485,True,True,Count On Me,Count On Me,278873078,Bruno Mars,Bruno Mars,Bruno Mars,Doo-Wops & Hooligans,Doo-Wops & Hooligans,Bruno Mars,41,42,0,1,1,1,9,12,197407,2010-10-04 00:00:00,2020-12-02 14:05:53,2019-09-20 17:13:24,V.M,English,Pop,English R&B/Soul,,"576670467, 578054251",USAT21206923,Music125/v4/98/ae/c2/98aec2e1-3be4-0311-1b44-69348fc87abb/075679956484.jpg
18,4312,4617,True,True,Grenade,Grenade,278873078,Bruno Mars,Bruno Mars,Bruno Mars,Doo-Wops & Hooligans,Doo-Wops & Hooligans,Bruno Mars,47,47,0,0,1,1,1,12,235807,2010-09-28 00:00:00,2020-12-02 14:05:53,2019-09-20 17:13:26,V.M,English,Pop,English R&B/Soul,,"576670458, 578054243",USAT21206915,Music125/v4/98/ae/c2/98aec2e1-3be4-0311-1b44-69348fc87abb/075679956484.jpg
19,4398,4703,True,True,Just The Way You Are,Just The Way You Are,278873078,Bruno Mars,Bruno Mars,Bruno Mars,Doo-Wops & Hooligans,Doo-Wops & Hooligans,Bruno Mars,41,41,0,0,1,1,2,12,241867,2010-07-20 00:00:00,2020-12-02 14:05:53,2019-09-20 17:13:30,V.M,English,Pop,English R&B/Soul,,578054244,USAT21206916,Music125/v4/98/ae/c2/98aec2e1-3be4-0311-1b44-69348fc87abb/075679956484.jpg
20,4408,4713,True,True,The Lazy Song,The Lazy Song,278873078,Bruno Mars,Bruno Mars,Bruno Mars,Doo-Wops & Hooligans,Doo-Wops & Hooligans,Bruno Mars,37,38,0,1,1,1,5,12,208326,2010-10-04 00:00:00,2020-12-02 14:05:53,2019-09-20 17:13:34,V.M,English,Pop,English R&B/Soul,,578054247,USAT21206919,Music125/v4/98/ae/c2/98aec2e1-3be4-0311-1b44-69348fc87abb/075679956484.jpg
21,4358,4663,False,True,I Really Like You,I Really Like You,,,Carly Rae Jepsen,Carly Rae Jepsen,E•MO•TION,E•MO•TION,Carly Rae Jepsen,4,4,0,0,1,,3,12,208770,2015-01-01 00:00:00,2020-12-02 14:05:53,2019-09-20 17:13:40,,,,English Pop,,1833371784,USUM71501431,
22,4072,4377,True,True,Attention,Attention,336249253,Charlie Puth,Charlie Puth,Charlie Puth,Voicenotes,Voicenotes,Charlie Puth,83,84,0,1,1,1,2,13,231836,2017-04-21 00:00:00,2020-12-02 14:05:53,2019-09-20 17:13:46,V.M,English,Pop,English Pop,,1293229677,USAT21700929,Music125/v4/a8/e2/1b/a8e21b3b-9c8d-2974-2318-6bcd4c9d2370/075679884336.jpg
23,4586,4891,True,True,Rockabye (feat. Sean Paul & Anne-Marie),Rockabye (feat. Sean Paul & Anne-Marie),"463049461, 155138, 474724108","Clean Bandit, Sean Paul, Anne-Marie",Clean Bandit,Clean Bandit,Rockabye - Single,Rockabye - Single,Clean Bandit,65,66,0,1,1,1,1,1,253962,2016-10-21 07:00:00,2020-12-02 14:05:53,2019-09-20 17:13:56,V.X,English,Dance,English Dance,House.TropicalHouse,"1164046335, 1418704737",GBAHS1600363,Music115/v4/dc/2f/a0/dc2fa04e-1ab6-b7ba-e132-657d10093102/190295887728.jpg
24,4694,4999,False,True,Symphony (feat. Zara Larsson),Symphony (feat. Zara Larsson),,,Clean Bandit,Clean Bandit,Symphony - Single,Symphony - Single,Clean Bandit,21,21,0,0,1,1,1,1,246099,2017-01-01 00:00:00,2020-12-02 14:05:53,2019-09-20 17:14:00,,,,English Dance,,,,
25,4420,4725,False,True,Let Me Love You (feat. Justin Bieber),Let Me Love You (feat. Justin Bieber),,,DJ Snake,DJ Snake,Encore,Encore,DJ Snake,36,35,1,1,1,1,13,14,205374,2016-01-01 00:00:00,2020-12-02 14:05:53,2019-09-20 17:14:04,,,,English Dance,,1440867817,QMZSY1600015,
26,4352,4657,True,True,I Don't Care (feat. Justin Bieber),I Don't Care (feat. Justin Bieber),"183313439, 320569549","Ed Sheeran, Justin Bieber",Ed Sheeran,Ed Sheeran,No.6 Collaborations Project,No.6 Collaborations Project,Ed Sheeran,28,28,0,0,1,1,6,15,222928,2019-05-10 07:00:00,2020-12-02 14:05:53,2019-09-20 17:14:06,V.M,English,Pop,English Rock,,1471580177,GBAHS1900673,Music115/v4/e8/09/63/e809636b-2ea8-066e-2749-c0b94ab77052/190295384227.jpg
27,4618,4923,True,True,Shape Of You,Shape Of You,183313439,Ed Sheeran,Ed Sheeran,Ed Sheeran,÷,÷,Ed Sheeran,73,73,0,0,1,1,4,12,235075,2017-01-06 08:00:00,2020-12-02 14:05:53,2019-09-20 17:14:10,V.M,English,Pop,English Rock,,"1193700767, 1193701392",GBAHS1700003,Music115/v4/15/e6/e8/15e6e8a4-4190-6a8b-86c3-ab4a51b88288/190295851286.jpg
28,4716,5021,True,True,Thinking Out Loud,Thinking Out Loud,183313439,Ed Sheeran,Ed Sheeran,Ed Sheeran,x,x,Ed Sheeran,48,48,0,0,1,1,11,12,296698,2014-06-20 00:00:00,2020-12-02 14:05:53,2019-09-20 17:14:14,V.M,English,R&B/Soul,English Rock,,"858517200, 858518134",GBAHS1400099,Music2/v4/b0/75/ec/b075ec42-a102-cde1-132b-9cddbc0d3496/825646285891.jpg
29,4440,4745,True,True,Love Me Like You Do,Love Me Like You Do,338264227,Ellie Goulding,Ellie Goulding,Ellie Goulding,Delirium,Delirium (Deluxe),Ellie Goulding,63,63,0,0,1,1,9,22,249286,2015-01-07 00:00:00,2020-12-02 14:05:53,2019-09-20 17:14:16,V.F,English,Pop,English Pop,,"1440826778, 1442846232",GBUM71406823,Music126/v4/62/98/c6/6298c615-f82b-31fe-c2b8-ba7d2fa08a37/15UMGIM48136.rgb.jpg
30,4450,4755,False,True,Love The Way You Lie (feat. Rihanna),Love The Way You Lie (feat. Rihanna),,,Eminem,Eminem,Recovery,Recovery,Eminem,6,6,0,0,1,,,,266997,2010-06-18 12:00:00,2020-12-02 14:05:53,2019-09-20 17:14:20,,,,English Hip-Hop/Rap,,1440759823,USUM71015397,
31,4412,4717,False,True,Let It Go,Let It Go,,,Idina Menzel,Idina Menzel,Frozen: Original Motion Picture Soundtrack,Frozen: Original Motion Picture Soundtrack,Idina Menzel,20,20,0,0,1,,,,242703,2014-01-01 00:00:00,2020-12-02 14:05:53,2019-09-20 17:14:28,,,,English Pop,,1477388275,USWD11366376,
32,4600,4905,False,True,Say You Wont Let Go,Say You Wont Let Go,,,James Arthur,James Arthur,Back from the Edge,Back from the Edge,James Arthur,40,40,0,0,1,,,,210808,2016-09-09 07:00:00,2020-12-02 14:05:53,2019-09-20 17:14:32,,,,English Pop,,1147252591,DEE861600586,
33,4268,4573,True,True,Flashlight,Flashlight,405360400,Jessie J,Jessie J,Jessie J,Pitch Perfect 2: Original Motion Picture Soundtrack,Pitch Perfect 2: Original Motion Picture Soundtrack,Various Artists,48,49,0,1,1,1,17,18,232489,2015-04-23 00:00:00,2020-12-02 14:05:53,2019-09-20 17:14:36,V.F,English,Pop,English Pop,,1440837948,USUM71504653,Music125/v4/1a/e4/35/1ae4354b-ff0d-b9d8-8bd4-d75c26e7dfc1/00602547290212.rgb.jpg
34,4790,5095,False,True,What Do You Mean,What Do You Mean,,,Justin Bieber,Justin Bieber,Purpose,Purpose,Justin Bieber,35,35,0,0,1,,,,297926,2015-01-01 00:00:00,2020-12-02 14:05:53,2019-09-20 17:14:38,,,,English Pop,,1440829606,USUM71511919,
35,4150,4455,True,True,Can't Stop The Feeling!,Can't Stop The Feeling!,398128,Justin Timberlake,Justin Timberlake,Justin Timberlake,Trolls: Original Motion Picture Soundtrack,Trolls: Original Motion Picture Soundtrack,Various Artists,67,67,0,0,1,1,2,13,285910,2016-05-06 00:00:00,2020-12-02 14:05:53,2019-09-20 17:14:42,V.M,English,Pop,English Pop,,1154239184,USRC11600876,Music125/v4/68/19/43/68194388-efa7-3afe-8a15-a4c3eebef1f6/886445915211.jpg
36,4476,4781,False,True,Monsters,Monsters,,,Katie Sky,Katie Sky,Monsters - Single,Monsters - Single,Katie Sky,43,43,0,0,1,,,,228884,2014-01-01 00:00:00,2020-12-02 14:05:53,2019-09-20 17:14:46,,,,English Pop,,862428709,GB8MX1400041,
37,4138,4443,False,True,California Gurls (feat. Snoop Dogg),California Gurls (feat. Snoop Dogg),,,Katy Perry,Katy Perry,Teenage Dream,Teenage Dream,Katy Perry,6,6,0,0,1,,,,241188,2010-01-01 00:00:00,2020-12-02 14:05:53,2019-09-20 17:14:50,,,,English Pop,,,,
38,4300,4605,True,True,Good Life,Good Life,"690126399, 275649746","Kehlani, G-Eazy",Kehlani,Kehlani,The Fate of the Furious: The Album,Fast & Furious 8: The Album,Various Artists,62,63,0,1,1,1,3,14,231157,2017-03-17 12:00:00,2020-12-02 14:05:53,2019-09-20 17:14:54,V.M,English,Hip Hop/Rap,English R&B/Soul,Pop.Influenced,1210824729,USAT21700469,Music114/v4/f7/92/51/f792519b-33de-f19b-4d91-f19910b65ea7/075679898647.jpg
39,4684,4989,True,True,Stronger (What Doesnt Kill You),Stronger (What Doesnt Kill You),316265,Kelly Clarkson,Kelly Clarkson,Kelly Clarkson,Stronger,Stronger,Kelly Clarkson,52,52,0,0,1,1,2,14,220995,2011-10-21 07:00:00,2020-12-02 14:05:53,2019-09-20 17:14:58,V.F,English,Pop,English Pop,Dance.Influenced,464446141,GBCTA1100364,Music125/v4/d7/e8/b3/d7e8b337-a688-ff11-252c-3bf921cf1fc0/mzi.qfqukfyx.jpg
40,4562,4867,True,True,Pour oublier,Pour oublier,889464695,Kendji Girac,Kendji Girac,Kendji Girac,Pour oublier - Single,Pour oublier - Single,Kendji Girac,53,53,0,0,1,1,1,1,231000,2018-04-21 00:00:00,2020-12-02 14:05:53,2019-09-20 17:15:00,V.M,French,Pop,French Pop,,1400937923,FRUM71801510,Music115/v4/e8/39/4e/e8394ee4-b5cb-cb9b-a6d4-d970d430dbdc/00602567858607.rgb.jpg
41,4106,4411,True,True,Better,Better,82842423,Khalid,Khalid,Khalid,Free Spirit,Free Spirit,Khalid,65,66,0,1,1,1,4,17,251036,2018-09-14 00:00:00,2020-12-02 14:05:53,2019-09-20 17:15:04,V.M,English,R&B/Soul,English R&B/Soul,,1455151646,USRC11803179,Music115/v4/cd/cb/39/cdcb393c-14e6-786a-b120-320957c25699/886447501610.jpg
42,4552,4857,False,True,Party Rock Anthem (feat. Lauren Bennett & GoonRock),Party Rock Anthem (feat. Lauren Bennett & GoonRock),,,LMFAO,LMFAO,Sorry for Party Rocking,Sorry for Party Rocking,LMFAO,10,10,0,0,1,,,,375588,2011-01-01 00:00:00,2020-12-02 14:05:53,2019-09-20 17:15:08,,,,English Pop,,1849795410,US23A9665612,
43,4708,5013,True,True,That’s What I Like,That’s What I Like,278873078,Bruno Mars,Bruno Mars,Bruno Mars,24K Magic,24K Magic,Bruno Mars,53,54,0,1,1,1,4,9,210782,2016-11-18 08:00:00,2020-12-02 14:05:53,2019-09-20 17:15:12,V.M,English,R&B/Soul,English R&B/Soul,,1161504043,USAT21602956,Music125/v4/e3/47/a0/e347a0cc-87ce-5d05-d560-176c7d48f66e/075679904119.jpg
44,4206,4511,False,True,Despacito (feat. Daddy Yankee),Despacito (feat. Daddy Yankee),,,Luis Fonsi,Luis Fonsi,Despacito,Despacito,Luis Fonsi,4,4,0,0,1,,,,281573,2017-01-01 00:00:00,2020-12-02 14:05:53,2019-09-20 17:15:16,,,,Spanish Pop,,,,
45,4852,5157,False,True,7 Years,7 Years,,,Lukas Graham,Lukas Graham,Lukas Graham,Lukas Graham,Lukas Graham,36,36,0,0,1,,,,239281,2015-01-01 00:00:00,2020-12-02 14:05:53,2019-09-20 17:15:20,,,,English Rock,,1081573445,USWB11506516,
46,4446,4751,False,True,Love Someone,Love Someone,,,Lukas Graham,Lukas Graham,3 (The Purple Album),3 (The Purple Album),Lukas Graham,39,39,0,0,1,,,,207124,2018-09-07 12:00:00,2020-12-02 14:05:53,2019-09-20 17:15:24,,,,English Rock,,1435336327,USWB11801984,
47,4748,5053,False,True,Uptown Funk (feat. Bruno Mars),Uptown Funk (feat. Bruno Mars),,,Mark Ronson,Mark Ronson,Uptown Special,Uptown Special,Mark Ronson,9,10,0,1,1,,,,271072,2014-11-10 12:00:00,2020-12-02 14:05:53,2019-09-20 17:15:26,,,,English R&B/Soul,,943946671,GBARL1401524,
48,4294,4599,False,True,Girls Like You (feat. Cardi B),Girls Like You (feat. Cardi B),,,Maroon 5,Maroon 5,Red Pill Blues,Red Pill Blues,Maroon 5,16,16,0,0,1,,,,270837,2017-01-01 00:00:00,2020-12-02 14:05:53,2019-09-20 17:15:30,,,,English Rock,,1396381984,USUM71805272,
49,4480,4785,False,True,Moves Like Jagger (feat. Christina Aguilera),Moves Like Jagger (feat. Christina Aguilera),,,Maroon 5,Maroon 5,Hands All Over,Hands All Over,Maroon 5,17,17,0,0,1,,,,278778,2011-01-01 00:00:00,2020-12-02 14:05:53,2019-09-20 17:15:34,,,,English Rock,,,,
50,4554,4859,False,True,Payphone (feat. Wiz Khalifa),Payphone (feat. Wiz Khalifa),,,Maroon 5,Maroon 5,Overexposed,Overexposed,Maroon 5,21,21,0,0,1,,,,279484,2012-01-01 00:00:00,2020-12-02 14:05:53,2019-09-20 17:15:38,,,,English Rock,,1440751491,USUM71203347,
51,4686,4991,True,True,Sugar,Sugar,1798556,Maroon 5,Maroon 5,Maroon 5,V,V,Maroon 5,78,78,0,0,1,1,5,15,301426,2014-08-29 00:00:00,2020-12-02 14:05:53,2019-09-20 17:15:42,V.M,English,Pop,English Rock,,1422652341,USUM71410340,Music115/v4/ac/20/32/ac203235-b03b-0e60-e03d-1ea1ee53aceb/14UMGIM31675.rgb.jpg
52,4792,5097,False,True,What Lovers Do (feat. SZA),What Lovers Do (feat. SZA),,,Maroon 5,Maroon 5,Red Pill Blues,Red Pill Blues,Maroon 5,16,16,0,0,1,,,,205374,2017-08-30 07:00:00,2020-12-02 14:05:53,2019-09-20 17:15:46,,,,English Rock,,1396381963,USUM71709292,
53,4328,4633,True,True,Here With Me (feat. CHVRCHES),Here With Me (feat. CHVRCHES),"980795202, 566867492","Marshmello, CHVRCHES",Marshmello,Marshmello,Here With Me,Here With Me (feat. CHVRCHES) - Single,Marshmello,47,48,0,1,1,1,1,1,165929,2019-01-01 00:00:00,2020-12-02 14:05:53,2019-09-20 17:15:48,V.F,English,Dance,English Dance,Trap,1776903154,USUG11900610,Music211/v4/60/18/7f/60187f66-42da-aae6-8dc5-c98254986e4e/96.jpg
54,4448,4753,False,True,Love Story,Love Story,,,Matt Cab,Matt Cab,Love Stories,Love Stories,Matt Cab,39,40,0,1,1,,,,318693,2012-09-05 12:00:00,2020-12-02 14:05:53,2019-09-20 17:15:52,,,,English R&B/Soul,,555292230,JPJ901211530,
55,4550,4855,False,True,Party in the USA,Party in the USA,,,Miley Cyrus,Miley Cyrus,The Time of Our Lives,The Time of Our Lives,Miley Cyrus,37,37,0,0,1,,,,213498,2009-08-11 12:00:00,2020-12-02 14:05:53,2019-09-20 17:15:56,,,,English Pop,,1440810158,USHR10924519,
56,4802,5107,False,True,A Whole New World (feat. Mena Massoud),A Whole New World (feat. Mena Massoud),,,Naomi Scott,Naomi Scott,Aladdin (Original Motion Picture Soundtrack),Aladdin (Original Motion Picture Soundtrack),Naomi Scott,14,14,0,0,1,,,,177475,2019-05-22 12:00:00,2020-12-02 14:05:53,2019-09-20 17:16:00,,,,English Pop,,,,
57,4224,4529,True,True,Drag Me Down,Drag Me Down,396754057,One Direction,One Direction,One Direction,Made in the A.M.,Made In The A.M. (Deluxe Edition),One Direction,77,77,0,0,1,1,2,17,191817,2015-07-31 00:00:00,2020-12-02 14:05:53,2019-09-20 17:16:02,V.M,English,Rock,English Rock,,1040195238,GBHMU1500070,Music115/v4/e2/0f/63/e20f6346-a985-ee79-49d3-64180d09aa7d/886445356250.jpg
58,4182,4487,True,True,Counting Stars,Counting Stars,260414340,OneRepublic,OneRepublic,OneRepublic,Native,Native,OneRepublic,64,64,0,0,1,1,1,12,257593,2013-06-14 12:00:00,2020-12-02 14:05:53,2019-09-20 17:16:06,V.M,English,Rock,English Rock,Pop.Influenced,1440862803,USUM71301306,Music126/v4/cb/eb/26/cbeb26a5-15fd-a9e7-0eff-5ee97e28e7c7/13UMGIM15044.rgb.jpg
59,4304,4609,False,True,Good Time (feat. Carly Rae Jepsen),Good Time (feat. Carly Rae Jepsen),,,Owl City,Owl City,The Midsummer Station,The Midsummer Station,Owl City,20,20,0,0,1,,,,207595,2015-01-01 00:00:00,2020-12-02 14:05:53,2019-09-20 17:16:10,,,,English Pop,,,,
60,4318,4623,False,True,Happy,Happy,,,Pharrell Williams,Pharrell Williams,Despicable Me 2: Original Motion Picture Soundtrack,Despicable Me 2: Original Motion Picture Soundtrack,Pharrell Williams,42,43,0,1,1,,,,240692,2013-01-01 00:00:00,2020-12-02 14:05:53,2019-09-20 17:16:14,,,,English Hip-Hop/Rap,,863835363,USQ4E1300686,
61,4378,4683,False,True,If I Can't Have You,If I Can't Have You,,,Shawn Mendes,Shawn Mendes,If I Can't Have You - Single,If I Can't Have You - Single,Shawn Mendes,23,23,0,0,1,,,,190981,2019-05-03 12:00:00,2020-12-02 14:05:53,2019-09-20 17:16:16,,,,English Pop,,1460840853,USUM71907349,
62,4738,5043,False,True,Treat You Better,Treat You Better,,,Shawn Mendes,Shawn Mendes,Illuminate,Illuminate,Shawn Mendes,35,35,0,0,1,,,,256365,2016-01-01 00:00:00,2020-12-02 14:05:53,2019-09-20 17:16:20,,,,English Pop,,1440904109,USUM71604711,
63,4158,4463,True,True,Chandelier,Chandelier,28721078,Sia,Sia,Sia,Chandelier - Single,Chandelier - Single,Sia,51,51,0,0,1,1,1,1,231392,2014-03-17 00:00:00,2020-12-02 14:05:53,2019-09-20 17:16:24,V.F,English,Pop,English Pop,Dance.Influenced,838293751,USRC11400498,Music124/v4/53/fe/b7/53feb71c-3a58-2a15-d715-98f09d30f4c9/886444516952.jpg
64,4066,4371,True,True,Astronaut,Astronaut,150861,Simple Plan,Simple Plan,Simple Plan,Get Your Heart On!,Get Your Heart On!,Simple Plan,47,47,0,0,1,1,4,11,255921,2011-06-21 00:00:00,2020-12-02 14:05:53,2019-09-20 17:16:26,V.M,English,Rock,English Rock,,539918570,USAT21101048,Music/v4/df/b1/d7/dfb1d7fe-7261-f068-7284-61ec7880c038/075679962799.jpg
65,4242,4547,True,True,Everything I Need,Everything I Need,403746928,Skylar Grey,Skylar Grey,Skylar Grey,Aquaman,Aquaman (Original Motion Picture Soundtrack),Rupert Gregson-Williams,46,46,0,0,1,1,1,31,196284,2018-12-14 12:00:00,2020-12-02 14:05:53,2019-09-20 17:16:30,V.F,English,Pop,English Pop,,1472067934,USUM71818121,Music113/v4/e9/2f/34/e92f3427-90a6-a867-6c86-65119f2012dd/794043201929.jpg
66,4616,4921,False,True,Shake It Off,Shake It Off,,,Taylor Swift,Taylor Swift,1989,1989,Taylor Swift,29,29,0,0,1,,,,215510,2014-08-18 12:00:00,2020-12-02 14:05:53,2019-09-20 17:16:32,,,,English Pop,,1445888394,USCJY1431349,
67,4784,5089,True,True,We Are Never Ever Getting Back Together,We Are Never Ever Getting Back Together,159260351,Taylor Swift,Taylor Swift,Taylor Swift,Red,Red,Taylor Swift,64,64,0,0,1,1,2,16,215510,2012-08-13 00:00:00,2020-12-02 14:05:53,2019-09-20 17:16:36,V.F,English,Pop,English Pop,,1440873520,USCJY1231018,Music221/v4/e2/41/93/e24193c4-d766-d1a5-7370-51fa13177bdf/12UMGIM54089.rgb.jpg
68,4838,5143,False,True,You Need To Calm Down,You Need To Calm Down,,,Taylor Swift,Taylor Swift,Lover,Lover,Taylor Swift,40,40,0,0,1,,,,210468,2019-01-01 00:00:00,2020-12-02 14:05:53,2019-09-20 17:16:40,,,,English Pop,,1468058704,USUG11901470,
69,4162,4467,False,True,Chicken Attack (feat. Takeo Ischi),Chicken Attack (feat. Takeo Ischi),,,The Gregory Brothers,The Gregory Brothers,Song Voyage,Song Voyage,The Gregory Brothers,8,8,0,0,1,,,,239934,2017-01-01 00:00:00,2020-12-02 14:05:53,2019-09-20 17:16:50,,,,English Pop,,1184479132,US92U1626004,
70,4276,4581,True,True,The Fox (What Does The Fox Say),The Fox (What Does The Fox Say),262803453,Ylvis,Ylvis,Ylvis,The Fox (What Does The Fox Say?),The Fox (What Does the Fox Say?) - Single,Ylvis,57,58,0,1,1,1,1,1,224888,2013-09-03 00:00:00,2020-12-02 14:05:53,2019-09-20 17:17:02,V.M,English,Dance,English Pop,House.ElectroHouse,690233856,NOAGW1300374,Music114/v4/32/f5/b4/32f5b44a-6713-dfd4-e561-e40679bff318/825646409051.jpg
71,4672,4977,False,True,Stay (feat. Alessia Cara),Stay (feat. Alessia Cara),,,Zedd,Zedd,"Everything, Everything (Original Motion Picture Soundtrack)","Everything, Everything (Original Motion Picture Soundtrack)",Zedd,42,42,0,0,1,,,,212349,2017-01-01 00:00:00,2020-12-02 14:05:53,2019-09-20 17:17:04,,,,English Dance,,,,
72,4468,4773,True,True,The Middle (feat. Grey),The Middle (feat. Grey),"368433979, 262260873, 324853","Zedd, Maren Morris, Grey",Zedd,Zedd,538 Hitzone 85,The Middle - Single,Zedd,49,49,0,0,1,1,1,1,184894,2018-01-23 12:00:00,2020-12-02 14:05:53,2019-09-20 17:17:08,V.F,English,Dance,English Dance,Bass.FutureBass,1444896450,USUM71800463,Music122/v4/8d/86/72/8d867252-5fb7-a83f-ab81-07d07db8c628/18UMGIM02231.rgb.jpg
73,4614,4919,False,True,Señorita (feat. Camila Cabello),Señorita (feat. Camila Cabello),,,Shawn Mendes,Shawn Mendes,Shawn Mendes (Deluxe),Shawn Mendes (Deluxe),Shawn Mendes,13,13,0,0,1,,,,205453,2018-01-01 00:00:00,2020-12-02 14:05:53,2019-09-20 17:17:10,,,,English Pop,,,,
74,4776,5081,False,True,Watch Me,Watch Me,,,Silentó,Silentó,Watch Me - Single,Watch Me - Single,Silentó,41,41,0,0,1,,,,202475,2015-01-01 00:00:00,2020-12-02 14:05:53,2019-09-20 17:17:14,,,,English Hip-Hop/Rap,,,,
75,3892,4197,False,True,童話,童話,,,光良,光良,童話,童話,光良,20,20,0,0,1,,,,245289,2005-01-21 12:00:00,2020-12-31 16:20:18,2019-10-12 21:52:10,,,,Mando Pop,,165274273,TWA450582102,
76,3972,4277,False,True,模特,模特,,,李榮浩,李榮浩,模特,模特,李榮浩,23,23,0,0,1,,,,314932,2013-09-16 12:00:00,2020-12-31 16:20:18,2019-10-12 21:52:52,,,,Mando Pop,,1743353794,CNA231302849,
77,3920,4225,False,True,愛情日期,愛情日期,,,鄭茵聲,鄭茵聲,愛情日期 - Single,愛情日期 - Single,鄭茵聲,31,31,0,0,1,,,,234710,2018-05-17 07:00:00,2020-12-31 16:20:18,2019-10-12 21:54:46,,,,Mando Pop,,1474240322,TWA471898005,
78,4698,5003,True,True,Take Me Back To London (feat. Stormzy),Take Me Back To London (feat. Stormzy),"183313439, 394865154","Ed Sheeran, Stormzy",Ed Sheeran,Ed Sheeran,No.6 Collaborations Project,No.6 Collaborations Project,Ed Sheeran,56,56,0,0,1,1,4,15,190014,2019-07-12 07:00:00,2020-12-02 14:05:53,2019-10-12 21:56:52,V.M,English,Hip Hop/Rap,English Rock,Pop.Influenced,1471580175,GBAHS1900716,Music115/v4/e8/09/63/e809636b-2ea8-066e-2749-c0b94ab77052/190295384227.jpg
79,3592,3897,False,True,中和新蘆線,中和新蘆線,,,陳建騏,陳建騏,中和新蘆線 - Single,中和新蘆線 - Single,陳建騏,16,16,0,0,1,1,1,1,28577,2015-01-01 00:00:00,2020-12-02 13:51:40,2019-10-13 09:59:33,,,,Soundtrack,,,,
80,3730,4035,False,True,松山新店線,松山新店線,,,周岳澄,周岳澄,松山新店線 - Single,松山新店線 - Single,周岳澄,20,20,0,0,1,1,1,1,29675,2015-01-01 00:00:00,2020-12-02 13:51:40,2019-10-13 09:59:44,,,,Soundtrack,,,,
81,3732,4037,False,True,板南線,板南線,,,李欣芸,李欣芸,板南線 - Single,板南線 - Single,李欣芸,13,13,0,0,1,1,1,1,26566,2015-01-01 00:00:00,2020-12-02 13:51:40,2019-10-13 09:59:44,,,,Soundtrack,,,,
82,3832,4137,False,True,淡水信義線,淡水信義線,,,雷光夏,雷光夏,淡水信義線 - Single,淡水信義線 - Single,雷光夏,15,15,0,0,1,1,1,1,27480,2015-01-01 00:00:00,2020-12-02 13:51:40,2019-10-13 09:59:45,,,,Soundtrack,,,,
83,3788,4093,False,True,風起,風起,,,周岳澄,周岳澄,風起 - Single,風起 - Single,周岳澄,45,45,0,0,1,1,1,1,3369,2015-01-01 00:00:00,2020-12-02 13:51:40,2019-10-13 10:18:34,,,,Soundtrack,,,,
84,3880,4185,False,True,普通票,普通票,,,周岳澄,周岳澄,閘門提示音,閘門提示音,周岳澄,38,38,0,0,1,1,2,3,653,2015-01-01 00:00:00,2020-12-02 13:51:40,2019-10-13 10:33:02,,,,Soundtrack,,,,
85,3990,4295,False,True,優待票,優待票,,,周岳澄,周岳澄,閘門提示音,閘門提示音,周岳澄,3,3,0,0,1,1,1,3,783,2015-01-01 00:00:00,2020-12-02 13:51:40,2019-10-13 10:33:04,,,,Soundtrack,,,,
86,3980,4285,False,True,餘額不足,餘額不足,,,周岳澄,周岳澄,閘門提示音,閘門提示音,周岳澄,29,29,0,0,1,1,3,3,940,2015-01-01 00:00:00,2020-12-02 13:51:40,2019-10-13 10:33:04,,,,Soundtrack,,,,
87,4038,4343,False,True,All out of Love,All out of Love,,,Air Supply,Air Supply,Lost in Love,Lost in Love,Air Supply,25,25,0,0,1,,2,10,230243,1980-01-01 00:00:00,2020-12-02 13:51:40,2019-10-20 02:10:59,,,,English Classic,,913765102,USAR18000002,
88,4238,4543,False,True,Even the Nights Are Better,Even the Nights Are Better,,,Air Supply,Air Supply,Now and Forever,Now and Forever,Air Supply,22,22,0,0,1,,2,10,242128,1982-01-01 00:00:00,2020-12-02 13:51:40,2019-10-20 02:13:26,,,,English Classic,,298563594,USAR18200001,
89,4360,4665,False,True,I Swear,I Swear,,,All-4-One,All-4-One,All-4-One,All-4-One,All-4-One,13,13,0,0,1,,4,11,247875,1994-01-01 00:00:00,2020-12-02 13:51:40,2019-10-20 02:18:34,,,,English Classic,,994325941,QM4TW1512147,
90,4366,4671,False,True,I Want It That Way,I Want It That Way,,,Backstreet Boys,Backstreet Boys,Millennium,Millennium,Backstreet Boys,46,47,0,1,1,,2,12,219428,1999-01-01 00:00:00,2020-12-02 13:51:40,2019-10-20 02:34:34,,,,English Classic,,1795046351,USJI19910614,
91,4156,4461,False,True,Casablanca,Casablanca,,,Bertie Higgins,Bertie Higgins,Just Another Day in Paradise,Just Another Day in Paradise,Bertie Higgins,17,17,0,0,1,,2,10,280293,1982-01-01 00:00:00,2020-12-02 13:51:40,2019-10-20 02:41:18,,,,English Classic,,1847973852,USHM20694955,
92,4604,4909,False,True,Sealed with a Kiss,Sealed with a Kiss,,,Bobby Vinton,Bobby Vinton,Sealed with a Kiss,Sealed with a Kiss,Bobby Vinton,16,16,0,0,1,,1,11,170240,1972-01-01 00:00:00,2020-12-02 13:51:40,2019-10-20 02:45:09,,,,English Classic,,1404501535,USSM19929211,
93,4078,4383,False,True,...Baby One More Time,...Baby One More Time,,,Britney Spears,Britney Spears,...Baby One More Time,...Baby One More Time,Britney Spears,15,15,0,0,1,,1,16,223399,1998-09-29 07:00:00,2020-12-02 13:51:40,2019-10-20 02:48:02,,,,English Classic,,273143820,USJI19810404,
94,4246,4551,False,True,Everytime,Everytime,,,Britney Spears,Britney Spears,In the Zone,In the Zone,Britney Spears,14,14,0,0,1,,12,13,247693,2003-01-01 00:00:00,2020-12-02 13:51:40,2019-10-20 02:49:37,,,,English Pop,,1265779183,KRA341609496,
95,4240,4545,False,True,(Everything I Do) I Do It for You,(Everything I Do) I Do It for You,,,Bryan Adams,Bryan Adams,Waking Up the Neighbours,Waking Up the Neighbours,Bryan Adams,11,11,0,0,1,,1,7,449253,1991-01-01 00:00:00,2020-12-02 13:51:40,2019-10-20 02:52:47,,,,English Classic,,1440784715,USAM19190012,
96,4484,4789,False,True,My Heart Will Go On (feat. James Horner),My Heart Will Go On (feat. James Horner),,,Céline Dion,Céline Dion,Titanic: Music from the Motion Picture,Titanic: Music from the Motion Picture,Céline Dion,11,12,0,1,1,,14,15,280633,1997-01-01 00:00:00,2020-12-02 13:51:40,2019-10-20 02:55:26,,,,English Classic,,,,
97,4322,4627,False,True,Hard to Say I'm Sorry,Hard to Say I'm Sorry,,,Chicago,Chicago,Chicago 16,Chicago 16,Chicago,15,15,0,0,1,,,,246674,1982-01-01 00:00:00,2020-12-02 13:51:40,2019-10-20 03:00:23,,,,English Classic,,,,
98,4528,4833,False,True,Ocean Deep,Ocean Deep,,,Cliff Richard,Cliff Richard,Silver,Silver,Cliff Richard,22,22,0,0,1,,,,304143,1983-01-01 00:00:00,2020-12-02 13:51:40,2019-10-20 03:05:41,,,,English Classic,,697286871,GBAYE0200182,
99,4292,4597,False,True,Girls Just Want to Have Fun,Girls Just Want to Have Fun,,,Cyndi Lauper,Cyndi Lauper,She's So Unusual,She's So Unusual,Cyndi Lauper,22,22,0,0,1,,,,265430,1983-01-01 00:00:00,2020-12-02 13:51:40,2019-10-20 03:08:50,,,,English Classic,,400603693,USSM18300548,
100,4146,4451,False,True,Can You Feel the Love Tonight,Can You Feel the Love Tonight,,,Elton John,Elton John,The Lion King: Original Motion Picture Soundtrack,The Lion King: Original Motion Picture Soundtrack,Elton John,25,26,0,1,1,,,,246804,1994-01-01 00:00:00,2020-12-02 13:51:40,2019-10-20 03:12:27,,,,English Classic,,1442813422,USWD10220758,
101,4152,4457,False,True,Candle in the Wind,Candle in the Wind,,,Elton John,Elton John,Goodbye Yellow Brick Road,Goodbye Yellow Brick Road,Elton John,25,25,0,0,1,,,,231444,1973-01-01 00:00:00,2020-12-02 13:51:40,2019-10-20 03:14:37,,,,English Classic,,1484998279,GBUM71304954,
102,4262,4567,False,True,The Final Countdown,The Final Countdown,,,Europe,Europe,The Final Countdown,The Final Countdown,Europe,13,13,0,0,1,,,,295732,1986-01-01 00:00:00,2020-12-02 13:51:40,2019-10-20 03:17:05,,,,English Classic,,1787331601,USSM18600692,
103,4712,5017,True,True,There You'll Be,There You'll Be,168620,Faith Hill,Faith Hill,Faith Hill,There You'll Be,There You'll Be,Faith Hill,73,73,0,0,1,1,1,14,236982,2001-05-22 00:00:00,2020-12-02 13:51:40,2019-10-20 03:19:52,V.F,English,Pop,English Pop,,81893214,USWB10102953,Music124/v4/54/f7/10/54f71094-2f0a-5580-085a-66360e60b09c/mzi.jndgkksy.jpg
104,4520,4825,False,True,Nothing's Gonna Change My Love for You,Nothing's Gonna Change My Love for You,,,George Benson,George Benson,20/20,20/20,George Benson,17,17,0,0,1,,,,247902,1984-01-01 00:00:00,2020-12-02 13:51:40,2019-10-20 03:23:31,,,,English Classic,,300946518,USWB19903292,
105,4154,4459,False,True,Careless Whisper,Careless Whisper,,,George Michael,George Michael,Make It Big,Make It Big,George Michael,14,14,0,0,1,,,,301792,1984-01-01 00:00:00,2020-12-02 13:51:40,2019-10-20 03:28:17,,,,English Classic,,193085066,GBBBN0009513,
106,4702,5007,False,True,"Take Me Home, Country Roads","Take Me Home, Country Roads",,,John Denver,John Denver,"Poems, Prayers & Promises","Poems, Prayers & Promises",John Denver,9,9,0,0,1,,,,198452,1971-04-06 08:00:00,2020-12-02 13:51:40,2019-10-20 03:30:11,,,,English Classic,,511074294,USRC11100481,
107,4596,4901,False,True,Satomi Hakken-Den,Satomi Hakken-Den,,,John O'Banion,John O'Banion,Satomi Hakken-Den,Satomi Hakken-Den,John O'Banion,23,23,0,0,1,,,,202657,1983-01-01 00:00:00,2020-12-02 13:51:40,2019-10-20 03:34:53,,,,English Classic,,,,
108,4346,4651,False,True,How Do I Live,How Do I Live,,,LeAnn Rimes,LeAnn Rimes,How Do I Live - Single,How Do I Live - Single,LeAnn Rimes,17,17,0,0,1,1,1,2,235363,1997-01-01 00:00:00,2020-12-02 13:51:40,2019-10-20 03:38:50,,,,English Classic,,,,
109,4478,4783,False,True,More Than I Can Say,More Than I Can Say,,,Leo Sayer,Leo Sayer,Living in a Fantasy,Living in a Fantasy,Leo Sayer,12,12,0,0,1,,,,206733,1980-01-01 00:00:00,2020-12-02 13:51:40,2019-10-20 03:41:22,,,,English Classic,,1326571414,GBBLG8000340,
110,4816,5121,False,True,Without You,Without You,,,Mariah Carey,Mariah Carey,Music Box,Music Box,Mariah Carey,11,12,0,1,1,,,,216320,1993-08-31 07:00:00,2020-12-02 13:51:40,2019-10-20 03:44:57,,,,English Classic,,1703283258,USSM19303176,
111,4536,4841,False,True,One Sweet Day,One Sweet Day,,,Mariah Carey,Mariah Carey,Daydream,Daydream,Mariah Carey,20,20,0,0,1,,,,285492,1995-01-01 00:00:00,2020-12-02 13:51:40,2019-10-20 03:47:08,,,,English Classic,,169962196,USSM19501117,
112,4796,5101,False,True,When a Man Loves a Woman,When a Man Loves a Woman,,,Michael Bolton,Michael Bolton,"Time, Love & Tenderness","Time, Love & Tenderness",Michael Bolton,19,19,0,0,1,,,,232620,1991-01-01 00:00:00,2020-12-02 13:51:40,2019-10-20 03:49:56,,,,English Classic,,1759150674,US25A1700050,
113,4538,4843,False,True,Only Love,Only Love,,,Trademark,Trademark,Only Love,Only Love,Trademark,66,66,0,0,1,,,,244480,2000-03-11 12:00:00,2020-12-02 13:51:40,2019-10-20 03:57:53,,,,English Classic,,1138790675,DEH499900038,
114,4250,4555,False,True,Everytime You Go Away,Everytime You Go Away,,,Paul Young,Paul Young,The Secret of Association,The Secret of Association,Paul Young,11,14,0,3,1,,,,260623,1985-01-01 00:00:00,2020-12-02 13:51:40,2019-10-20 04:00:46,,,,English Classic,,408372938,GBBBN0400310,
115,4584,4889,False,True,Right Here Waiting,Right Here Waiting,,,Richard Marx,Richard Marx,Repeat Offender,Repeat Offender,Richard Marx,16,17,0,1,1,,,,268617,1989-04-26 07:00:00,2020-12-02 13:51:40,2019-10-20 04:03:38,,,,English Classic,,724490044,USEM38900208,
116,4740,5045,False,True,Truly Madly Deeply,Truly Madly Deeply,,,Savage Garden,Savage Garden,Savage Garden,Savage Garden,Savage Garden,33,33,0,0,1,,,,261668,1997-03-03 12:00:00,2020-12-02 13:51:40,2019-10-20 08:32:06,,,,English Classic,,493242514,USSM19700100,
117,4100,4405,False,True,Because I Love You,Because I Love You,,,Shakin' Stevens,Shakin' Stevens,Let’s Boogie,Let’s Boogie,Shakin' Stevens,17,17,0,0,1,,,,203389,1987-01-01 00:00:00,2020-12-02 13:51:40,2019-10-20 08:42:56,,,,English Classic,,,,
118,4522,4827,False,True,Nothing's Gonna Stop Us Now,Nothing's Gonna Stop Us Now,,,Starship,Starship,No Protection,No Protection,Starship,18,25,0,7,1,,,,269871,1987-01-01 00:00:00,2020-12-02 13:51:40,2019-10-20 08:45:17,,,,English Classic,,1446278331,USRC18702968,
119,4830,5135,False,True,Yesterday Once More,Yesterday Once More,,,Carpenters,Carpenters,Now & Then,Now & Then,Carpenters,6,6,0,0,1,,6,15,243931,1973-05-01 12:00:00,2020-12-02 13:51:40,2019-10-20 08:48:54,,,,English Classic,,1434887442,USAM17300051,
120,4582,4887,False,True,Rhythm of the Rain,Rhythm of the Rain,,,The Cascades,The Cascades,Rhythm of the Rain,Rhythm of the Rain,The Cascades,14,14,0,0,1,,1,12,156943,1963-01-01 12:00:00,2020-12-02 13:51:40,2019-10-20 08:56:24,,,,English Classic,,704955817,GBHGA1316398,
121,4660,4965,False,True,The Sound of Silence,The Sound of Silence,,,Simon & Garfunkel,Simon & Garfunkel,Sounds of Silence,Sounds of Silence,Simon & Garfunkel,11,11,0,0,1,,,,185417,1920-01-01 12:00:00,2020-12-02 13:51:40,2019-10-20 08:58:59,,,,English Classic,,1463664862,USSM16401419,
122,4742,5047,False,True,Un-Break My Heart,Un-Break My Heart,,,Toni Braxton,Toni Braxton,Secrets,Secrets,Toni Braxton,15,15,0,0,1,,,,272352,1996-06-18 12:00:00,2020-12-02 13:51:40,2019-10-20 09:01:31,,,,English Classic,,943232472,USLF29600015,
123,4404,4709,False,True,Last Christmas,Last Christmas,,,Wham!,Wham!,Music from the Edge of Heaven,Music from the Edge of Heaven,Wham!,15,15,0,0,1,,,,277864,1984-01-01 00:00:00,2020-12-02 13:51:40,2019-10-20 09:07:54,,,,English Classic,,268486680,GBBBN0009294,
124,4310,4615,False,True,Greatest Love of All,Greatest Love of All,,,Whitney Houston,Whitney Houston,Whitney Houston,Whitney Houston,Whitney Houston,15,15,0,0,1,,,,290560,1986-01-01 00:00:00,2020-12-02 13:51:40,2019-10-20 09:13:57,,,,English Classic,,349286436,USAR18500139,
125,4354,4659,False,True,I Have Nothing,I Have Nothing,,,Whitney Houston,Whitney Houston,The Bodyguard: Original Soundtrack Album,The Bodyguard: Original Soundtrack Album,Whitney Houston,14,14,0,0,1,,,,288783,1992-11-17 08:00:00,2020-12-02 13:51:40,2019-10-20 09:15:22,,,,English Classic,,388152024,USAR10300965,
126,4370,4675,False,True,I Will Always Love You,I Will Always Love You,,,Whitney Houston,Whitney Houston,The Bodyguard: Original Soundtrack Album,The Bodyguard: Original Soundtrack Album,Whitney Houston,22,23,0,1,1,,,,274860,1993-01-01 00:00:00,2020-12-02 13:51:40,2019-10-20 09:16:12,,,,English Classic,,388151901,USAR19200110,
127,3940,4245,False,True,過客,過客,,,阿涵,阿涵,過客,過客,阿涵,12,12,0,0,1,,,,267624,2016-12-08 12:00:00,2020-12-02 13:50:11,2019-12-28 08:32:42,,,,Mando Pop,,1591182985,FRX201645589,
128,3962,4267,False,True,說一句我不走了,說一句我不走了,,,阿涵,阿涵,說一句我不走了 - Single,說一句我不走了 - Single,阿涵,12,12,0,0,1,,,,286040,2018-01-01 00:00:00,2020-12-02 13:50:11,2019-12-28 08:39:43,,,,Mando Pop,,,,
129,4744,5049,False,True,Unchained Melody,Unchained Melody,,,The Righteous Brothers,The Righteous Brothers,Just Once in My Life,Just Once in My Life,The Righteous Brothers,19,19,0,0,1,,16,,218044,1965-01-01 00:00:00,2020-12-02 13:51:40,2020-02-02 09:19:46,,,,English Classic,,1443912923,USPG19090023,
130,4486,4791,False,True,My Love,My Love,,,Westlife,Westlife,Coast to Coast,Coast to Coast,Westlife,20,20,0,0,1,,2,,253152,2000-01-01 00:00:00,2020-12-02 13:51:40,2020-02-02 09:20:51,,,,English Classic,,,,
131,4498,4803,False,True,Never Gonna Give You Up,Never Gonna Give You Up,,,Rick Astley,Rick Astley,Whenever You Need Somebody,Whenever You Need Somebody,Rick Astley,27,27,0,0,1,,18,,212114,1987-01-01 00:00:00,2020-12-02 13:51:40,2020-02-02 09:21:13,,,,English Classic,,1612648319,GB5KW2103369,
132,4186,4491,False,True,Crown,Crown,,,TOMORROW X TOGETHER,TOMORROW X TOGETHER,The Dream Chapter: Star - EP,The Dream Chapter: Star - EP,TOMORROW X TOGETHER,30,30,0,0,1,1,2,5,230974,2020-01-15 12:00:00,2020-12-02 13:51:40,2020-02-02 09:24:40,,,,K Pop,,1492229596,JPPO01904933,
133,3960,4265,False,True,綠色,綠色,,,陳雪凝,陳雪凝,綠色,綠色,陳雪凝,32,32,0,0,1,,1,,270445,2019-02-14 12:00:00,2020-12-02 13:50:11,2020-02-02 09:26:58,,,,Mando Pop,,1767371025,DGA0H2428579,
134,4814,5119,True,True,Without You,Without You,1095881981,高爾宣,高爾宣 OSN,高爾宣,Without You - Single,Without You - Single,高爾宣,54,54,0,0,1,1,1,1,184764,2019-04-01 12:00:00,2020-12-02 13:50:11,2020-02-02 09:27:40,V.M,Mandarin,Hip Hop/Rap,Mando Hip-Hop/Rap,,1456657983,TWCC31900396,Music116/v4/38/b7/d3/38b7d3e4-bc36-996c-6cfd-e376877c6ff9/4710243776186_cover.jpg
135,3902,4207,False,True,勢在必行 (feat. 畢書盡),勢在必行 (feat. 畢書盡),,,陳勢安,陳勢安,再愛一遍·天后,再愛一遍·天后,陳勢安,28,28,0,0,1,1,1,10,239725,2011-09-23 12:00:00,2020-12-02 13:50:11,2020-02-02 09:29:13,,,,Mando Pop,,,,
136,3728,4033,False,True,東京盆踊り2020 (feat. 二宮芽生),東京盆踊り2020 (feat. 二宮芽生),,,黃明志,黃明志,亞洲通吃,亞洲通吃,黃明志,7,7,0,0,1,,,,189309,2018-01-01 00:00:00,2020-12-31 16:20:18,2020-02-22 17:37:34,,,,Mando Pop,,,,
137,3792,4097,False,True,倒數,倒數,,,鄧紫棋,鄧紫棋,童話的休止符,童話的休止符,鄧紫棋,10,10,0,0,1,,,,225828,2018-08-30 12:00:00,2020-12-02 13:50:11,2020-02-23 09:09:25,,,,Mando Pop,,1422581998,HKI111800002,
138,3912,4217,False,True,愛你,愛你,,,陳芳語,陳芳語,Kimberley,Kimberley,陳芳語,36,36,0,0,1,,,,211539,2012-04-27 12:00:00,2020-12-02 13:50:11,2020-02-23 09:10:33,,,,Mando Pop,,520208666,TWA471202001,
139,3650,3955,False,True,你的酒館對我打了烊,你的酒館對我打了烊,,,陳雪凝,陳雪凝,你的酒館對我打了烊 - Single,你的酒館對我打了烊 - Single,陳雪凝,22,22,0,0,1,,,,252421,2019-01-25 12:00:00,2020-12-02 13:50:11,2020-02-23 09:13:21,,,,Mando Pop,,1767371194,DGA0H2428620,
140,3648,3953,False,True,你的姑娘,你的姑娘,,,隔壁老樊,隔壁老樊,你的姑娘 - Single,你的姑娘 - Single,隔壁老樊,15,15,0,0,1,,,,248189,2019-01-01 00:00:00,2020-12-02 13:50:11,2020-02-23 09:15:07,,,,Mando Pop,,,,
141,3656,3961,False,True,別丟下我不管,別丟下我不管,,,風小箏,風小箏,別丟下我不管 - Single,別丟下我不管 - Single,風小箏,12,12,0,0,1,,,,270759,2019-03-08 12:00:00,2020-12-02 13:50:11,2020-02-23 09:16:22,,,,Mando Pop,,1667092559,HKG731901029,
142,3646,3951,False,True,佛系少女,佛系少女,,,馮提莫,馮提莫,馮提莫,馮提莫,馮提莫,19,19,0,0,1,,,,194664,2019-09-03 12:00:00,2020-12-02 13:50:11,2020-02-23 09:20:29,,,,Mando Pop,,1477956599,CNA791900866,
143,4136,4441,False,True,9420,9420,,,麥小兜,麥小兜,My First Song,My First Song,麥小兜,13,13,0,0,1,,,,229276,2018-01-01 00:00:00,2020-12-02 13:50:11,2020-02-23 09:23:12,,,,Mando Pop,,,,
144,3630,3935,False,True,好愛好散,好愛好散,,,陳勢安,陳勢安,親愛的偏執狂,親愛的偏執狂,陳勢安,31,31,0,0,1,,,,283872,2016-09-29 12:00:00,2020-12-02 14:24:31,2020-02-23 10:37:36,,,,Mando Pop,,1156515822,TWA531658701,
145,3660,3965,False,True,我不是神,我不是神,,,方泂鑌,方泂鑌,我不是神,我不是神,方泂鑌,39,39,0,0,1,,,,269217,2017-10-05 12:00:00,2020-12-02 14:24:31,2020-02-23 10:39:38,,,,Mando Pop,,1290747847,TWB671710102,
146,4018,4323,False,True,聽見下雨的聲音,聽見下雨的聲音,,,魏如昀,魏如昀,聽見下雨的聲音 電影原聲帶,聽見下雨的聲音 電影原聲帶,魏如昀,21,21,0,0,1,,,,282264,2013-09-14 12:00:00,2020-12-02 14:24:31,2020-02-23 10:43:36,,,,Mando Pop,,716614702,TWL251305201,
147,3850,4155,False,True,Serenade for strings in G major No. 13 'Eine kleine Nachtmusik' I,Serenade for strings in G major No. 13 'Eine kleine Nachtmusik' I,,,Wolfgang Amadeus Mozart,Wolfgang Amadeus Mozart,K. 525,K. 525,Wolfgang Amadeus Mozart,29,29,0,0,1,1,1,1,363180,1787-01-01 00:00:00,2020-12-02 13:51:40,2020-02-24 02:19:52,,,,Classical,,,,
148,3848,4153,True,True,Piano Sonata in A major No. 11 III 'Turkish March',Piano Sonata in A major No. 11 III 'Turkish March',12374,Wolfgang Amadeus Mozart,Wolfgang Amadeus Mozart,Wolfgang Amadeus Mozart,K. 331,K. 331 - Single,Wolfgang Amadeus Mozart,95,95,0,0,1,1,1,3,198373,1783-01-01 00:00:00,2020-12-02 13:51:40,2020-02-24 02:19:53,A,-,Classical,Classical,,1147329286,GBDYG1502176,
149,3846,4151,False,True,Symphony in C minor No. 5 'Fate' I,Symphony in C minor No. 5 'Fate' I,,,Ludwig van Beethoven,Ludwig van Beethoven,"Symphony, Op. 67","Symphony, Op. 67",Ludwig van Beethoven,38,38,0,0,1,1,1,1,470099,2012-05-15 12:00:00,2020-12-02 13:51:40,2020-02-24 02:19:54,,,,Classical,,,,
150,4230,4535,True,True,Nocturne in E-flat major,Nocturne in E-flat major,316783,Frédéric Chopin,Frédéric Chopin,Frédéric Chopin,"Nocturnes, Op. 9","Nocturnes, Op. 9 - Single",Frédéric Chopin,60,60,0,0,1,1,2,3,269270,1830-01-01 00:00:00,2020-12-02 13:51:40,2020-02-24 02:19:55,A,-,Classical,Classical,,1452218299,NLA507700423,
151,4290,4595,True,True,Étude in G major 'Black Keys',Étude in G major 'Black Keys',316783,Frédéric Chopin,Frédéric Chopin,Frédéric Chopin,"Études, Op. 10","Études, Op. 10",Frédéric Chopin,62,62,0,0,1,1,5,12,100075,1830-01-01 00:00:00,2020-12-02 13:51:40,2020-02-24 02:19:57,A,-,Classical,Classical,,1440734770,DEF057230004,
152,3774,4079,False,True,Concerto in F major 'Autumn' I,Concerto in F major 'Autumn' I,,,Antonio Vivaldi,Antonio Vivaldi,"Il cimento dell'armonia e dell'inventione, Op. 8","Il cimento dell'armonia e dell'inventione, Op. 8",Antonio Vivaldi,22,22,0,0,1,1,7,12,315768,1723-01-01 00:00:00,2020-12-02 13:51:40,2020-02-24 02:19:58,,,,Classical,,,,
153,3776,4081,False,True,Concerto in F major 'Autumn' II,Concerto in F major 'Autumn' II,,,Antonio Vivaldi,Antonio Vivaldi,"Il cimento dell'armonia e dell'inventione, Op. 8","Il cimento dell'armonia e dell'inventione, Op. 8",Antonio Vivaldi,24,24,0,0,1,1,8,12,184973,1723-01-01 00:00:00,2020-12-02 13:51:40,2020-02-24 02:19:59,,,,Classical,,,,
154,3778,4083,False,True,Concerto in F major 'Autumn' III,Concerto in F major 'Autumn' III,,,Antonio Vivaldi,Antonio Vivaldi,"Il cimento dell'armonia e dell'inventione, Op. 8","Il cimento dell'armonia e dell'inventione, Op. 8",Antonio Vivaldi,23,23,0,0,1,1,9,12,231601,1723-01-01 00:00:00,2020-12-02 13:51:40,2020-02-24 02:20:00,,,,Classical,,,,
155,3756,4061,False,True,Concerto in E major 'Spring' I,Concerto in E major 'Spring' I,,,Antonio Vivaldi,Antonio Vivaldi,"Il cimento dell'armonia e dell'inventione, Op. 8","Il cimento dell'armonia e dell'inventione, Op. 8",Antonio Vivaldi,29,29,0,0,1,1,1,12,212271,1723-01-01 00:00:00,2020-12-02 13:51:40,2020-02-24 02:20:01,,,,Classical,,,,
156,3758,4063,False,True,Concerto in E major 'Spring' II,Concerto in E major 'Spring' II,,,Antonio Vivaldi,Antonio Vivaldi,"Il cimento dell'armonia e dell'inventione, Op. 8","Il cimento dell'armonia e dell'inventione, Op. 8",Antonio Vivaldi,29,29,0,0,1,1,2,12,212610,1723-01-01 00:00:00,2020-12-02 13:51:40,2020-02-24 02:20:03,,,,Classical,,,,
157,3760,4065,False,True,Concerto in E major 'Spring' III,Concerto in E major 'Spring' III,,,Antonio Vivaldi,Antonio Vivaldi,"Il cimento dell'armonia e dell'inventione, Op. 8","Il cimento dell'armonia e dell'inventione, Op. 8",Antonio Vivaldi,25,25,0,0,1,1,3,12,276271,1723-01-01 00:00:00,2020-12-02 13:51:40,2020-02-24 02:20:04,,,,Classical,,,,
158,3794,4099,False,True,Concerto in G minor 'Summer' I,Concerto in G minor 'Summer' I,,,Antonio Vivaldi,Antonio Vivaldi,"Il cimento dell'armonia e dell'inventione, Op. 8","Il cimento dell'armonia e dell'inventione, Op. 8",Antonio Vivaldi,23,23,0,0,1,1,4,12,353933,1723-01-01 00:00:00,2020-12-02 13:51:40,2020-02-24 02:20:05,,,,Classical,,,,
159,3796,4101,False,True,Concerto in G minor 'Summer' II,Concerto in G minor 'Summer' II,,,Antonio Vivaldi,Antonio Vivaldi,"Il cimento dell'armonia e dell'inventione, Op. 8","Il cimento dell'armonia e dell'inventione, Op. 8",Antonio Vivaldi,39,39,0,0,1,1,5,12,151275,1723-01-01 00:00:00,2020-12-02 13:51:40,2020-02-24 02:20:06,,,,Classical,,,,
160,3798,4103,False,True,Concerto in G minor 'Summer' III,Concerto in G minor 'Summer' III,,,Antonio Vivaldi,Antonio Vivaldi,"Il cimento dell'armonia e dell'inventione, Op. 8","Il cimento dell'armonia e dell'inventione, Op. 8",Antonio Vivaldi,23,23,0,0,1,1,6,12,192104,1967-01-01 12:00:00,2020-12-02 13:51:40,2020-02-24 02:20:07,,,,Classical,,,,
161,3614,3919,False,True,Concerto in F minor 'Winter' I,Concerto in F minor 'Winter' I,,,Antonio Vivaldi,Antonio Vivaldi,"Il cimento dell'armonia e dell'inventione, Op. 8","Il cimento dell'armonia e dell'inventione, Op. 8",Antonio Vivaldi,16,16,0,0,1,1,10,12,245968,1723-01-01 00:00:00,2020-12-02 13:51:40,2020-02-24 02:20:08,,,,Classical,,,,
162,3616,3921,False,True,Concerto in F minor 'Winter' II,Concerto in F minor 'Winter' II,,,Antonio Vivaldi,Antonio Vivaldi,"Il cimento dell'armonia e dell'inventione, Op. 8","Il cimento dell'armonia e dell'inventione, Op. 8",Antonio Vivaldi,21,21,0,0,1,1,11,12,147278,1723-01-01 00:00:00,2020-12-02 13:51:40,2020-02-24 02:20:10,,,,Classical,,,,
163,3618,3923,False,True,Concerto in F minor 'Winter' III,Concerto in F minor 'Winter' III,,,Antonio Vivaldi,Antonio Vivaldi,"Il cimento dell'armonia e dell'inventione, Op. 8","Il cimento dell'armonia e dell'inventione, Op. 8",Antonio Vivaldi,16,16,0,0,1,1,12,12,207595,1723-01-01 00:00:00,2020-12-02 13:51:40,2020-02-24 02:20:11,,,,Classical,,,,
164,4020,4325,False,True,Crescimento Calmo (feat. A Fada da Música de Ninar & Lullaby Time),Crescimento Calmo (feat. A Fada da Música de Ninar & Lullaby Time),,,Música de Ninar,Música de Ninar,Coleção Completa Música De Ninar,Coleção Completa Música De Ninar,Música de Ninar,39,40,0,1,1,1,14,30,281880,2022-01-01 00:00:00,2020-12-02 13:51:40,2020-02-24 02:20:12,,,,Classical,,,,
165,4854,5159,False,True,"10,000 Hours (feat. Justin Bieber)","10,000 Hours (feat. Justin Bieber)",,,Dan + Shay,Dan + Shay,"10,000 Hours - Single","10,000 Hours - Single",Dan + Shay,39,39,0,0,1,,,,167784,2019-10-04 12:00:00,2020-12-02 13:51:40,2020-06-08 21:01:10,,,,English Country,,1481229017,USWB11902408,
166,4308,4613,False,True,Good Vibes,Good Vibes,,,Chris Janson,Chris Janson,Real Friends,Real Friends,Chris Janson,44,44,0,0,1,,1,14,170135,2019-02-08 12:00:00,2020-12-02 13:51:40,2020-06-08 21:01:10,,,,English Country,,1478976690,USWB11900337,
167,4336,4641,False,True,Hollow (feat. Sabelle),Hollow (feat. Sabelle),,,My Buddy Mike,My Buddy Mike,Hollow - Single,Hollow - Single,My Buddy Mike,44,44,0,0,1,,,,233639,2017-08-04 12:00:00,2020-12-02 13:51:40,2020-06-08 21:27:18,,,,English Dance,,1351933788,TCADM1897308,
168,4842,5147,False,True,"Young, Wild and Free (feat. Snoop Dogg & Bruno Mars)","Young, Wild and Free (feat. Snoop Dogg & Bruno Mars)",,,Wiz Khalifa,Wiz Khalifa,Mac & Devin Go to High School (soundtrack),Mac & Devin Go to High School (soundtrack),Wiz Khalifa,11,11,0,0,1,,,,203284,2011-01-01 00:00:00,2020-12-02 13:51:40,2020-06-08 22:08:42,,,,English Hip-Hop/Rap,,,,
169,4168,4473,True,True,Clarity (feat. Foxes),Clarity (feat. Foxes),"368433979, 476901652","Zedd, Foxes",Zedd,Zedd,Clarity,Clarity,Zedd,47,49,0,2,1,1,5,10,269217,2012-10-02 00:00:00,2020-12-02 13:51:40,2020-06-08 22:10:10,V.F,English,Dance,English Dance,House.ProgressiveHouse,1445887846,USUM71210662,Music112/v4/8d/75/bf/8d75bf1e-1613-f354-7856-19b3f826ab45/13UAAIM75149.rgb.jpg
170,4368,4673,False,True,I Want You To Know (feat. Selena Gomez),I Want You To Know (feat. Selena Gomez),,,Zedd,Zedd,True Colors,True Colors,Zedd,42,42,0,0,1,,,,239020,2015-02-23 12:00:00,2020-12-02 13:51:40,2020-06-08 22:10:56,,,,English Dance,,1470706637,USUM71502344,
171,4752,5057,False,True,Viva La Vida,Viva La Vida,,,Coldplay,Coldplay,Viva la Vida or Death and All His Friends,Viva la Vida or Death and All His Friends,Coldplay,33,33,0,0,1,,,,242155,2008-01-01 00:00:00,2020-12-02 13:51:40,2020-06-09 00:01:11,,,,English Rock,,1122778616,GBAYE1600217,
172,4646,4951,False,True,Someone You Loved,Someone You Loved,,,Lewis Capaldi,Lewis Capaldi,Divinely Uninspired To a Hellish Extent,Divinely Uninspired To a Hellish Extent,Lewis Capaldi,19,19,0,0,1,,,,181289,2018-11-08 08:00:00,2020-12-02 13:51:40,2020-06-09 00:01:12,,,,English R&B/Soul,,1452619054,DEUM71807062,
173,4730,5035,False,True,Tip of My Tongue,Tip of My Tongue,,,Kenny Chesney,Kenny Chesney,Here and Now,Here and Now,Kenny Chesney,39,39,0,0,1,,,,199627,2019-07-12 12:00:00,2020-12-02 13:51:40,2020-06-09 00:01:12,,,,English Country,,1502163428,USWB11901594,
174,4696,5001,True,True,Take Back The Night,Take Back The Night,429929192,TryHardNinja,TryHardNinja,TryHardNinja,In Real Life,In Real Life,TryHardNinja,47,47,0,0,1,1,12,13,390504,2013-08-20 00:00:00,2020-12-02 13:51:40,2020-06-09 00:01:15,V.M,English,Dance,English Dance,House.ProgressiveHouse,"1823232894, 1823241662",QZ4JJ1728801,Music221/v4/7e/96/c8/7e96c85c-a123-de67-1240-53877f92c8ae/3182.jpg
175,4454,4759,False,True,Lucky Strike,Lucky Strike,,,Maroon 5,Maroon 5,Overexposed,Overexposed,Maroon 5,29,29,0,0,1,,,,185443,2012-06-20 12:00:00,2020-12-02 13:51:40,2020-06-09 00:08:24,,,,English Rock,,1440806736,USUM71204772,
176,4472,4777,True,True,Misery,Misery,1798556,Maroon 5,Maroon 5,Maroon 5,Hands All Over,Hands All Over,Maroon 5,53,53,0,0,1,1,1,14,210285,2010-06-22 00:00:00,2020-12-02 13:51:40,2020-06-09 00:09:21,V.M,English,Pop,English Rock,Rock.Influenced,1440855977,USUM71015280,Music125/v4/5f/6e/4c/5f6e4c8b-eba6-f722-caf4-c5773dea7fa1/14UMGIM27067.rgb.jpg
177,4754,5059,True,True,Wait,Wait,1798556,Maroon 5,Maroon 5,Maroon 5,Red Pill Blues,Red Pill Blues,Maroon 5,65,65,0,0,1,1,3,16,214413,2017-10-31 00:00:00,2020-12-02 13:51:40,2020-06-09 00:10:27,V.M,English,Pop,English Rock,,"1396381964, 1396383925",USUM71710370,Music115/v4/df/9b/1a/df9b1a02-b867-98dd-5754-d8d96c5d4429/17UM1IM31407.rgb.jpg
178,4826,5131,False,True,Wrecking Ball,Wrecking Ball,,,Miley Cyrus,Miley Cyrus,Bangerz,Bangerz,Miley Cyrus,17,17,0,0,1,,,,221335,2013-08-25 12:00:00,2020-12-02 13:51:40,2020-06-09 00:11:31,,,,English Pop,,904438781,USRC11301214,
179,4664,4969,False,True,Speechless,Speechless,,,Naomi Scott,Naomi Scott,Aladdin (Original Motion Picture Soundtrack),Aladdin (Original Motion Picture Soundtrack),Naomi Scott,15,15,0,0,1,,,,205818,2019-05-22 12:00:00,2020-12-02 13:51:40,2020-06-09 00:13:23,,,,English Pop,,,,
180,4028,4333,False,True,À nos héros du quotidien,À nos héros du quotidien,,,Soprano,Soprano,Phœnix,Phœnix,Soprano,36,36,0,0,1,,,,238942,2019-01-01 00:00:00,2020-12-02 13:51:40,2020-06-09 00:15:09,,,,French Hip-Hop/Rap,,,,
181,7556,7853,False,True,À nos héros du quotidien,À nos héros du quotidien,,,Soprano,Soprano,Phoenix,Phoenix,Soprano,33,33,0,0,1,,,,238942,2019-01-01 00:00:00,2020-12-02 13:51:40,2020-06-09 00:15:09,,,,French Hip-Hop/Rap,,,,
182,4856,5161,False,True,22,22,,,Taylor Swift,Taylor Swift,Red,Red,Taylor Swift,26,26,0,0,1,,,,231288,2012-10-22 12:00:00,2020-12-02 13:51:40,2020-06-09 00:16:48,,,,English Pop,,1440873516,USCJY1231040,
183,4114,4419,False,True,Blank Space,Blank Space,,,Taylor Swift,Taylor Swift,1989,1989,Taylor Swift,18,18,0,0,1,,,,244636,2014-01-01 00:00:00,2020-12-02 13:51:40,2020-06-09 00:17:45,,,,English Pop,,1445882174,USCJY1431309,
184,4260,4565,False,True,Fallen Kingdom,Fallen Kingdom,,,TryHardNinja,TryHardNinja,Fallen Kingdom - Single,Fallen Kingdom - Single,TryHardNinja,23,23,0,0,1,,,,287738,2012-01-01 00:00:00,2020-12-02 13:51:40,2020-06-09 13:06:30,,,,English Pop,,,,
185,4344,4649,False,True,"How Can I Love The Heartbreak, You're The One I Love","How Can I Love The Heartbreak, You're The One I Love",,,AKMU,AKMU,Sailing,Sailing,AKMU,36,36,0,0,1,1,3,10,290246,2019-09-25 12:00:00,2020-12-02 13:51:40,2020-06-11 14:11:46,,,,K Pop,,1480802550,KRA401900217,
186,4060,4365,False,True,Any Song,Any Song,,,Zico,Zico,Any Song - Single,Any Song - Single,Zico,37,37,0,0,1,1,1,1,227265,2020-01-13 12:00:00,2020-12-02 13:51:40,2020-06-11 14:15:01,,,,K Hip-Hop/Rap,,1494673344,KRA381905519,
187,4452,4757,True,True,Loving You ft. Mirabela,Loving You (feat. Mirabela),"280002961, 727517271","Allexinno, Mirabela",Allexinno,Allexinno,Loving You (Single),Loving You - Single,Allexinno,46,46,0,0,1,1,2,2,210364,2013-05-15 12:00:00,2020-12-02 13:51:40,2020-07-22 00:51:02,V.F,English,Dance,English Dance,House.TropicalHouse,"1661738814, 6764457478",CNZ782222009,Music113/v4/17/11/1b/17111b1d-91d0-a86a-4258-d33340b5ee78/lovingyou.jpg
188,4082,4387,False,True,bad guy,bad guy,,,Billie Eilish,Billie Eilish,"WHEN WE ALL FALL ASLEEP, WHERE DO WE GO?","WHEN WE ALL FALL ASLEEP, WHERE DO WE GO?",Billie Eilish,17,17,0,0,1,,2,14,206001,2019-01-01 00:00:00,2020-12-02 13:51:40,2020-07-22 00:54:22,,,,English Pop,,1450695739,USUM71900764,
189,3596,3901,False,True,天黑請閉眼 (feat. 邱鋒澤),天黑請閉眼 (feat. 邱鋒澤),,,陳零九,陳零九,過,過,陳零九,27,27,0,0,1,,,,286981,2019-05-09 07:00:00,2020-12-31 16:20:18,2020-07-22 11:34:12,,,,Mando Pop,,1488899965,TWA451900027,
190,4390,4695,True,True,It Ain't Me (feat. Selena Gomez),It Ain't Me (feat. Selena Gomez),"635806094, 280215834","Kygo, Selena Gomez",Kygo,Kygo,It Ain't Me - Single,It Ain't Me - Single,Kygo,51,51,0,0,1,1,1,1,221544,2017-02-17 08:00:00,2020-12-02 14:05:53,2020-07-22 13:03:50,V.F,English,Dance,English Dance,House.TropicalHouse,1205671288,SEBGA1700015,Music115/v4/3f/8e/44/3f8e4469-ea05-29d7-99b9-e3aec73ecc32/886446357423.jpg
191,4316,4621,False,True,Happier (feat. Bastille),Happier (feat. Bastille),,,Marshmello,Marshmello,Happier - Single,Happier - Single,Marshmello,41,41,0,0,1,,,,224966,2018-12-21 12:00:00,2020-12-02 13:51:40,2020-07-22 13:05:56,,,,English Dance,,1447509382,TCAEA1813543,
192,4878,5183,False,True,Hymn For The Weekend,Hymn For The Weekend,,,Coldplay,Coldplay,A Head Full of Dreams,A Head Full of Dreams,Coldplay,39,39,0,0,,,,,260728,2015-12-04 08:00:00,2020-07-23 00:15:22,2021-03-24 14:49:23,,,,English Rock,,1053934844,GBAYE1501020,
193,4374,4679,False,True,I'm a little drunk,I'm a little drunk,,,Lim Jae Hyun,Lim Jae Hyun,I'm a Little Drunk - Single,I'm a Little Drunk - Single,Lim Jae Hyun,18,19,0,1,1,1,1,2,258481,2019-09-24 12:00:00,2020-12-02 13:51:40,2020-07-23 02:00:47,,,,K Pop,,1684466052,KRA381904291,
194,3890,4195,False,True,畫,畫,,,鄧紫棋,鄧紫棋,畫 - Single,畫 - Single,鄧紫棋,12,12,0,0,1,,,,168620,2016-05-16 12:00:00,2020-12-02 13:50:11,2020-07-23 02:33:14,,,,Mando Pop,,,,
195,4804,5109,False,True,Why You Gonna Lie,Why You Gonna Lie,,,高爾宣 OSN,高爾宣 OSN,#osnrap,#osnrap,高爾宣 OSN,26,26,0,0,1,,,,173217,2019-02-01 12:00:00,2020-12-02 13:50:11,2020-07-23 02:37:20,,,,Mando Hip-Hop/Rap,,1460167117,TWCC31900570,
196,3864,4169,False,True,最後一次,最後一次,,,高爾宣 OSN,高爾宣 OSN,#osnrap,#osnrap,高爾宣 OSN,28,28,0,0,1,,,,165407,2019-04-30 12:00:00,2020-12-02 13:50:11,2020-07-23 02:37:34,,,,Mando Hip-Hop/Rap,,1460167118,TWCC31900571,
197,4216,4521,False,True,Don't Start Now,Don't Start Now,,,Dua Lipa,Dua Lipa,Future Nostalgia,Future Nostalgia,Dua Lipa,38,38,0,0,1,,,,203415,2020-01-01 00:00:00,2020-12-02 13:51:40,2020-07-23 03:57:03,,,,English Pop,,,,
198,4726,5031,False,True,Thunder,Thunder,,,Imagine Dragons,Imagine Dragons,Evolve,Evolve,Imagine Dragons,42,42,0,0,1,,,,183431,2017-04-27 07:00:00,2020-12-02 13:51:40,2020-07-23 03:57:53,,,,English Rock,,1411629089,USUM71704167,
199,4416,4721,False,True,Let Me Go (feat. E R I K),Let Me Go (feat. E R I K),,,Tyler & Ryan,Tyler & Ryan,Let Me Go - Single,Let Me Go - Single,Tyler & Ryan,39,39,0,0,1,,,,221936,2016-01-01 00:00:00,2020-12-02 13:51:40,2020-07-23 04:02:52,,,,English Dance,,,,
200,4458,4763,True,True,Maps,Maps,1798556,Maroon 5,Maroon 5,Maroon 5,V,V,Maroon 5,54,54,0,0,1,1,1,15,189048,2014-06-16 00:00:00,2020-12-02 13:51:40,2020-07-23 04:04:35,V.M,English,Pop,English Rock,,1422651836,USUM71407116,Music115/v4/ac/20/32/ac203235-b03b-0e60-e03d-1ea1ee53aceb/14UMGIM31675.rgb.jpg
201,4164,4469,True,True,Circles,Circles,966309175,Post Malone,Post Malone,Post Malone,Hollywood's Bleeding,Hollywood's Bleeding,Post Malone,89,89,0,0,1,1,6,17,215484,2019-08-29 07:00:00,2020-12-02 13:51:40,2020-07-23 04:06:58,V.M,English,Pop,English Hip-Hop/Rap,Rock.Influenced,1477887285,USUM71915699,Music115/v4/6c/13/27/6c13279a-399b-2631-3cb2-6233a91d7a53/19UMGIM78325.rgb.jpg
202,4434,4739,False,True,Lose You To Love Me,Lose You To Love Me,,,Selena Gomez,Selena Gomez,Rare,Rare,Selena Gomez,27,27,0,0,1,,,,198217,2020-01-01 00:00:00,2020-12-02 13:51:40,2020-07-23 04:07:37,,,,English Pop,,,,
203,4160,4465,True,True,Cheap Trills,Cheap Trills,28721078,Sia,Sia,Sia,This Is Acting,This Is Acting,Sia,47,47,0,0,1,1,6,12,217887,2015-12-17 00:00:00,2020-12-02 13:51:40,2020-07-23 04:08:21,V.F,English,Pop,English Pop,Dance.Influenced,"1055074640, 1082506273",USRC11600201,Music115/v4/bc/13/27/bc13275c-8b26-802d-771b-d15ae00fb530/mzm.hvpwjsvi.jpg
204,4578,4883,True,True,Revenge,Revenge (feat. CaptainSparklez),"429929192, 458458032","TryHardNinja, CaptainSparklez",TryHardNinja,TryHardNinja,"Video Game Songs, Vol. 2","Video Game Songs, Vol. 2",TryHardNinja,53,55,0,2,1,1,18,50,264594,2013-08-20 00:00:00,2020-12-02 13:51:40,2020-07-23 04:11:43,V.M,English,Dance,English Dance,House.ElectroHouse,1823244226,TCACK1581159,Music211/v4/5d/e5/12/5de51221-f250-893d-d8ce-2a5ad76918d3/3138.jpg
205,4858,5163,False,True,123我愛你,123我愛你,,,新樂塵符,新樂塵符,123我愛你 - Single,123我愛你 - Single,,12,12,0,0,,,,,195422,2015-01-01 12:00:00,2020-12-02 13:50:11,2021-03-29 10:51:44,,,,Mando Pop,,1479667904,CNZ781900666,
206,3588,3893,False,True,不愛我就拉倒,不愛我就拉倒,,,周杰倫,周杰倫,最偉大的作品,最偉大的作品,周杰倫,20,20,0,0,1,1,6,12,243931,2022-01-01 00:00:00,2020-12-02 13:50:11,2021-03-29 10:46:23,,,,Mando Pop,,1336404847,TWK971801101,
207,3814,4119,False,True,寂寞寂寞就好,寂寞寂寞就好,,,田馥甄,田馥甄,To Hebe,To Hebe,,16,16,0,0,,,,,265195,2010-01-01 00:00:00,2020-12-02 13:50:11,2021-03-29 10:58:59,,,,Mando Pop,,546243295,TWD951043107,
208,4012,4317,False,True,寶貝,寶貝,,,張懸,張懸,My Life Will,My Life Will,,14,14,0,0,,,,,161044,2006-06-09 07:00:00,2020-12-02 13:50:11,2021-03-29 10:50:48,,,,Mando Pop,,300117911,TWA470601002,
209,3578,3883,False,True,小手拉大手,小手拉大手,,,梁靜茹,梁靜茹,親親,親親,,17,17,0,0,,,,,244349,2006-06-30 12:00:00,2020-12-02 13:50:11,2021-03-29 10:56:28,,,,Mando Pop,,1095245184,TWA450688609,
210,3582,3887,True,True,小時候的我們,小時候的我們,903273139,周興哲,周興哲,周興哲,小時候的我們,小時候的我們,周興哲,128,130,0,2,1,1,2,11,211487,2020-01-07 00:00:00,2020-12-02 13:50:11,2021-03-29 10:48:16,V.M,Mandarin,Pop,Mando Pop,,1492970480,TWAP11900502,Music115/v4/da/8e/23/da8e23f8-6896-5e90-0605-a66bd3563246/886448209997.jpg
211,3822,4127,False,True,崇拜,崇拜,,,梁靜茹,梁靜茹,崇拜,崇拜,,16,16,0,0,,,,,241867,2007-11-09 12:00:00,2020-12-02 13:50:11,2021-03-29 10:56:01,,,,Mando Pop,,1097016175,TWK230700901,
212,3752,4057,False,True,思念是一種病,思念是一種病,,,張震嶽,張震嶽,OK,OK,,7,7,0,0,,,,,253440,2007-06-25 12:00:00,2020-12-02 13:50:11,2021-03-29 10:50:53,,,,Mando Pop,,661608563,TWA450789901,
213,3824,4129,False,True,情歌,情歌,,,梁靜茹,梁靜茹,別再為他流淚,別再為他流淚,,12,12,0,0,,,,,260101,2009-01-01 00:00:00,2020-12-02 13:50:11,2021-03-29 10:55:56,,,,Mando Pop,,1095630246,TWK230901805,
214,3914,4219,False,True,愛我別走,愛我別走,,,張震嶽,張震嶽,秘密基地,秘密基地,,18,18,0,0,,,,,284943,1998-12-01 12:00:00,2020-12-02 13:50:11,2021-03-29 10:50:58,,,,Mando Classic,,1692284282,TWB879804807,
215,3950,4255,False,True,慢慢喜歡你,慢慢喜歡你,,,莫文蔚,莫文蔚,我們在中場相遇,我們在中場相遇,,12,12,0,0,,,,,343614,2018-01-01 00:00:00,2020-12-02 13:50:11,2021-03-29 11:00:37,,,,Mando Pop,,1674113756,TWA471803002,
216,3690,3995,False,True,我們青春,我們青春,,,李玉璽,李玉璽,Shout,Shout,李玉璽,9,9,0,0,,,5,,222615,2015-01-01 00:00:00,2020-12-02 13:50:11,2021-03-29 10:53:28,,,,Mando Pop,,,,
217,3682,3987,False,True,我是真的愛過你,我是真的愛過你,,,劉增瞳,劉增瞳,說好不回憶,說好不回憶,,11,12,0,1,,,,,226481,2017-09-29 12:00:00,2020-12-02 13:50:11,2021-03-29 10:45:03,,,,Mando Pop,,1800201850,HKD012388367,
218,3684,3989,False,True,我相信,我相信,,,楊培安,楊培安,午夜兩點半的我,午夜兩點半的我,,8,8,0,0,,,,,244114,2006-05-26 07:00:00,2020-12-02 13:50:11,2021-03-29 10:57:16,,,,Mando Pop,,1077738044,TWC610605401,
219,3694,3999,False,True,我願意平凡的陪在你身旁,我願意平凡的陪在你身旁,,,王七七,王七七,我願意平凡的陪在你身旁 - Single,我願意平凡的陪在你身旁 - Single,,17,17,0,0,,,,,149420,2019-04-25 12:00:00,2020-12-02 13:50:11,2021-03-29 10:58:45,,,,Mando Pop,,1637434858,TWDL71904341,
220,3762,4067,False,True,是什麼讓我遇見這樣的你,是什麼讓我遇見這樣的你,,,白安,白安,麥田捕手,麥田捕手,,7,7,0,0,,,,,235128,2012-01-01 00:00:00,2020-12-02 13:50:11,2021-03-29 10:59:29,,,,Mando Pop,,1108376321,TWT111200110,
221,3930,4235,False,True,暖暖,暖暖,,,梁靜茹,梁靜茹,親親,親親,,13,13,0,0,,,,,239516,2006-06-30 12:00:00,2020-12-02 13:50:11,2021-03-29 10:56:35,,,,Mando Pop,,1095245179,TWA450688602,
222,3992,4297,False,True,曖昧,曖昧,,,楊丞琳,楊丞琳,曖昧,曖昧,,9,9,0,0,,,,,286249,2005-01-01 00:00:00,2020-12-02 13:50:11,2021-03-29 10:56:53,,,,Mando Pop,,321101766,TWA470526002,
223,3932,4237,False,True,會呼吸的痛,會呼吸的痛,,,梁靜茹,梁靜茹,崇拜,崇拜,,22,22,0,0,,,,,272483,2007-11-09 12:00:00,2020-12-02 13:50:11,2021-03-29 10:56:06,,,,Mando Pop,,1097016179,TWK230700904,
224,3726,4031,False,True,東京不太熱,東京不太熱,,,封茗囧菌,封茗囧菌,東京不太熱 - Single,東京不太熱 - Single,封茗囧菌,11,11,0,0,,,,,225332,2018-01-01 00:00:00,2020-12-02 13:50:11,2021-03-29 10:49:59,,,,Mando Pop,,,,
225,3974,4279,False,True,歐若拉,歐若拉,,,張韶涵,張韶涵,歐若拉,歐若拉,,13,13,0,0,,,,,257306,2004-12-01 12:00:00,2020-12-02 13:50:11,2021-03-29 10:51:10,,,,Mando Pop,,535770131,TWA210419902,
226,3802,4107,False,True,浪子回頭,浪子回頭,,,茄子蛋,茄子蛋,卡通人物,卡通人物,,22,23,0,1,,,,,248241,2017-01-01 00:00:00,2020-12-02 13:50:11,2021-03-29 11:00:17,,,,Hokkien Pop,,1726978526,TWBN31600206,
227,3888,4193,False,True,無窮,無窮,,,吳汶芳,吳汶芳,我來自…,我來自…,吳汶芳,12,12,0,0,,,7,,236277,2017-12-30 12:00:00,2020-12-02 13:50:11,2021-03-29 10:45:29,,,,Mando Pop,,1326750131,TWA211731807,
228,3840,4145,False,True,理想情人,理想情人,,,楊丞琳,楊丞琳,曖昧,曖昧,,12,12,0,0,,,,,261302,2005-03-23 12:00:00,2020-12-02 13:50:11,2021-03-29 10:56:58,,,,Mando Pop,,321101769,TWA470526003,
229,3898,4203,False,True,給我一首歌的時間,給我一首歌的時間,,,周杰倫,周杰倫,魔杰座,魔杰座,,18,18,0,0,,,,,250514,2008-10-14 12:00:00,2020-12-02 13:50:11,2021-03-29 10:47:35,,,,Mando Pop,,1624000715,TWK970801502,
230,3854,4159,False,True,莫名其妙愛上你,莫名其妙愛上你,,,四葉草,四葉草,我來自四葉草,我來自四葉草,,8,8,0,0,,,,,218200,2017-01-01 12:00:00,2020-12-02 13:50:11,2021-03-29 10:48:59,,,,Mando Pop,,1316075417,SGB171700011,
231,3702,4007,False,True,走心,走心,,,賀敬軒,賀敬軒,走心 - Single,走心 - Single,,12,12,0,0,,,,,332695,2018-01-01 00:00:00,2020-12-02 13:50:11,2021-03-29 11:03:49,,,,Mando Pop,,,,
232,3808,4113,False,True,逆光,逆光,,,孫燕姿,孫燕姿,逆光,逆光,,12,12,0,0,,,,,296411,2007-03-22 07:00:00,2020-12-02 13:50:11,2021-03-29 10:49:43,,,,Mando Pop,,905226302,TWA270614001,
233,3810,4115,False,True,逆風飛翔,逆風飛翔,,,蕭煌奇,蕭煌奇,我們的故事,我們的故事,,10,10,0,0,,,,,278360,2006-09-01 12:00:00,2020-12-02 13:50:11,2021-03-29 11:01:48,,,,Mando Pop,,1492394953,TWJ110600012,
234,3708,4013,False,True,那些年,那些年,,,胡夏,胡夏,燃點,燃點,,11,11,0,0,,,,,371905,2011-01-01 00:00:00,2020-12-02 13:50:11,2021-03-29 11:00:00,,,,Mando Pop,,501505387,TWA471108014,
235,4004,4309,False,True,隱形的翅膀,隱形的翅膀,,,張韶涵,張韶涵,潘朵拉,潘朵拉,,7,7,0,0,,,,,216790,2006-01-01 00:00:00,2020-12-02 13:50:11,2021-03-29 10:51:15,,,,Mando Pop,,535741167,TWA210621301,
236,4036,4341,True,True,All Falls Down (feat. Noah Cyrus & Digital Farm Animals),All Falls Down (feat. Noah Cyrus & Digital Farm Animals),"1062085272, 333158887, 600073218","Alan Walker, Noah Cyrus, Digital Farm Animals",Alan Walker,Alan Walker,Different World,Different World,Alan Walker,69,75,0,6,1,1,10,15,205165,2017-10-27 12:00:00,2020-12-02 13:51:40,2021-01-25 07:18:31,V.X,English,Dance,English Dance,House.ElectroHouse,1445141159,NOG841715010,Music125/v4/7b/37/53/7b375382-ce23-cfa4-03d4-1db4b0f89d72/886447442562.jpg
237,4058,4363,True,True,Answer : Love Myself,Answer : Love Myself,883131348,BTS,BTS,防彈少年團,Love Yourself 結 'Answer',Love Yourself 結 'Answer',BTS,74,74,0,0,1,2,16,16,252421,2018-08-24 12:00:00,2020-12-02 13:51:40,2020-12-20 04:55:31,V.M,Korean,Pop,K Pop,,1598730982,QM6MZ1886145,Music126/v4/ff/00/2c/ff002c29-6da9-1a26-16b3-282a73180366/192562871591_Cover.jpg
238,4064,4369,False,True,As If It's Your Last,As If It's Your Last,,,BLACKPINK,BLACKPINK,As If It's Your Last - Single,As If It's Your Last - Single,BLACKPINK,19,19,0,0,1,1,1,1,216868,2017-01-01 00:00:00,2020-12-02 13:51:40,2021-01-26 06:52:41,,,,K Pop,,1251249891,KRA401700174,
239,4084,4389,True,True,Bang Bang Bang,Bang Bang Bang,318754656,BIGBANG,BIGBANG,BIGBANG,MADE,MADE,BIGBANG,9,9,0,0,1,1,7,11,229851,2016-01-01 00:00:00,2020-12-02 13:51:40,2021-01-26 07:23:38,V.M,Korean,Pop,K Pop,Dance.Influenced,1313176083,KRA401500556,Music125/v4/5b/9b/8e/5b9b8ef2-998e-1210-8454-dfebfbf6271c/BB_COVER_IMAGE_4000.jpg
240,4092,4397,False,True,Beautiful,Beautiful,,,Wanna One,Wanna One,1-1=0 (Nothing Without You),1-1=0 (Nothing Without You),Wanna One,14,14,0,0,1,1,2,10,200489,2017-11-13 12:00:00,2020-12-02 13:51:40,2020-12-20 05:12:12,,,,K Pop,,1569744258,KRA491700282,
241,4094,4399,False,True,Beautiful Goodbye,Beautiful Goodbye,,,CHEN,CHEN,"April, And A Flower","April, And A Flower",CHEN,44,44,0,0,1,1,2,6,270080,2019-04-01 12:00:00,2020-12-02 13:51:40,2020-12-20 05:04:13,,,,K Pop,,1457960609,KRA301900161,
242,4122,4427,True,True,Boy With Luv (feat. Halsey),Boy With Luv (feat. Halsey),"883131348, 324916925","BTS, Halsey",BTS,防彈少年團,MAP OF THE SOUL : 7,MAP OF THE SOUL : PERSONA - EP,BTS,29,29,0,0,1,1,2,7,232254,2020-01-01 00:00:00,2020-12-02 13:51:40,2021-01-26 07:37:21,V.X,Korean,Pop,K Pop,,"1599172208, 1599362618, 1627575407",,Music116/v4/40/d4/93/40d493e3-ac9e-1746-8d4c-f380f27c97cb/193483706238_Cover.jpg
243,4142,4447,True,True,Call You Mine (feat. Bebe Rexha),Call You Mine (feat. Bebe Rexha),"580391756, 466059563","The Chainsmokers, Bebe Rexha",The Chainsmokers,The Chainsmokers,World War Joy,World War Joy,The Chainsmokers,51,50,1,1,1,1,7,10,233769,2019-05-31 00:00:00,2020-12-02 13:51:40,2020-12-20 05:57:45,V.F,English,Dance,English Dance,Bass.FutureBass,1489350663,USQX91901124,Music125/v4/aa/7c/54/aa7c54ad-35b0-fc35-caf5-07eaf30baca6/886448164586.jpg
244,4870,5175,False,True,Canon in D,Canon in D,,,Johann Pachelbel,Johann Pachelbel,Canon in D,Canon in D,Johann Pachelbel,10,10,0,0,1,1,1,1,380688,2020-05-20 12:00:00,2020-12-02 13:51:40,2020-12-05 08:51:31,,,,Classical,,,,
245,4202,4507,True,True,DDU-DU DDU-DU,DDU-DU DDU-DU,1141774019,BLACKPINK,BLACKPINK,BLACKPINK,SQUARE UP - EP,SQUARE UP - EP,BLACKPINK,75,75,0,0,1,1,1,4,215379,2018-06-15 12:00:00,2020-12-02 13:51:40,2021-01-26 06:50:26,V.F,Korean,Pop,K Pop,,1398185834,KRA401800096,Music125/v4/d8/c2/7b/d8c27bd6-8358-5f68-45b2-673bf6baa1fa/BLACKPINK_DIGITAL_SINGLE_IMAGE.jpg
246,4218,4523,True,True,Don't Wanna Cry,Don't Wanna Cry,999644772,SEVENTEEN,SEVENTEEN,SEVENTEEN,Al1 - EP,Al1 - EP,SEVENTEEN,153,153,0,0,1,1,1,6,206184,2017-05-22 12:00:00,2020-12-02 13:51:40,2020-12-20 05:10:34,V.M,Korean,Pop,K Pop,Dance.Influenced,"1239346065, 1741447460",KRA381701127,Music124/v4/7e/93/76/7e937672-f339-eda1-8d7b-708a0c16acc4/cover-.jpg
247,4234,4539,False,True,Energetic,Energetic,,,Wanna One,Wanna One,1X1=1 (To Be One),1X1=1 (To Be One),Wanna One,13,13,0,0,1,1,3,5,189361,2017-08-08 12:00:00,2020-12-02 13:51:40,2020-12-20 05:12:46,,,,K Pop,,1569744609,KRA491700108,
248,4356,4661,False,True,I Miss You,I Miss You,,,SoYou,SoYou,"Guardian, Pt. 7 (Original Television Soundtrack) - Single","Guardian, Pt. 7 (Original Television Soundtrack) - Single",SoYou,13,13,0,0,1,1,1,2,170266,2016-12-31 12:00:00,2020-12-02 13:51:40,2020-12-20 05:42:22,,,,K Pop,,1569743540,KRA491600916,
249,4372,4677,False,True,I Will Go To You Like The First Snow,I Will Go To You Like The First Snow,,,Ailee,Ailee,"Guardian, Pt. 9 (Original Television Soundtrack) - Single","Guardian, Pt. 9 (Original Television Soundtrack) - Single",Ailee,42,42,0,0,1,1,1,2,230635,2017-01-07 12:00:00,2020-12-02 13:51:40,2020-12-20 04:52:07,,,,K Pop,,1569425907,KRA491600937,
250,4406,4711,True,True,Last Dance,Last Dance,318754656,BIGBANG,BIGBANG,BIGBANG,MADE,MADE,BIGBANG,52,52,0,0,1,1,2,11,296986,2016-12-12 00:00:00,2020-12-02 13:51:40,2021-01-26 07:23:14,V.M,Korean,R&B/Soul,K Pop,,1313176078,KRA401600294,Music125/v4/5b/9b/8e/5b9b8ef2-998e-1210-8454-dfebfbf6271c/BB_COVER_IMAGE_4000.jpg
251,4426,4731,False,True,Lonely (feat. TAEYEON),Lonely (feat. TAEYEON),,,JONGHYUN,JONGHYUN,Story Op.2,Story Op.2,JONGHYUN,36,36,0,0,1,1,1,9,247666,2017-01-01 00:00:00,2020-12-02 13:51:40,2020-12-20 05:10:07,,,,K Pop,,,,
252,4456,4761,False,True,Making Love Out of Nothing at All,Making Love Out of Nothing at All,,,Air Supply,Air Supply,Greatest Hits,Greatest Hits,Air Supply,23,23,0,0,1,,6,9,345704,1983-01-01 00:00:00,2020-12-02 13:51:40,2021-01-26 07:08:17,,,,English Classic,,308903905,USAR18300001,
253,4464,4769,False,True,Meant To Be (feat. Florida Georgia Line),Meant To Be (feat. Florida Georgia Line),,,Bebe Rexha,Bebe Rexha,"All Your Fault, Pt. 2","All Your Fault, Pt. 2",Bebe Rexha,10,10,0,0,1,,6,6,164022,2017-08-11 07:00:00,2020-12-02 13:51:40,2020-12-27 11:33:00,,,,English Pop,,,,
254,4548,4853,True,True,Paris,Paris,580391756,The Chainsmokers,The Chainsmokers,The Chainsmokers,Memories...Do Not Open,Memories...Do Not Open,The Chainsmokers,54,53,1,1,1,1,8,15,228911,2017-01-13 00:00:00,2020-12-02 13:51:40,2021-01-26 08:09:22,V.X,English,Pop,English Dance,Dance.Influenced,1207120538,USQX91603031,Music125/v4/9d/56/6f/9d566f55-5253-bed6-5c31-df952dae649d/886446379289.jpg
255,4590,4895,False,True,Round And Round (feat. Han Suji),Round And Round (feat. Han Suji),,,HEIZE,HEIZE,"Guardian, Pt. 14 (Original Television Soundtrack) - Single","Guardian, Pt. 14 (Original Television Soundtrack) - Single",HEIZE,8,8,0,0,1,1,1,2,201116,2017-01-21 12:00:00,2020-12-02 13:51:40,2021-01-25 03:19:29,,,,K Pop,,1569920389,KRA491600953,
256,4632,4937,True,True,Sing Me To Sleep,Sing Me To Sleep,"1062085272, 1301636586","Alan Walker, Iselin",Alan Walker,Alan Walker,Different World,Different World,Alan Walker,77,82,0,5,1,1,9,15,188029,2016-06-02 07:00:00,2020-12-02 13:51:40,2021-01-25 07:20:29,V.F,English,Dance,English Dance,House.ElectroHouse,"1196295123, 1445141158",NOG841611010,Music125/v4/7b/37/53/7b375382-ce23-cfa4-03d4-1db4b0f89d72/886447442562.jpg
257,4638,4943,False,True,So Goodbye,So Goodbye,,,JONGHYUN,JONGHYUN,City Hunter In Seoul (Original Television Soundtrack),City Hunter In Seoul (Original Television Soundtrack),Various Artists,41,41,0,0,2,2,3,12,249155,2012-04-11 12:00:00,2020-12-02 13:51:40,2020-12-20 05:09:17,,,,K Pop,,1198264547,KRA031102310,
258,4642,4947,True,True,Solo,Solo,913944,JENNIE,JENNIE,JENNIE,Solo,Solo - Single,JENNIE,82,82,0,0,1,1,1,1,176718,2018-11-12 12:00:00,2020-12-02 13:51:40,2020-12-20 05:08:48,V.F,Korean,Pop,K Pop,,1441851654,KRA401800139,Music118/v4/12/9e/12/129e12e4-988e-111b-1620-31cf526e8228/JENNIE_SOLO_DIGITALSINGLE.jpg
259,4670,4975,True,True,Spring Day,Spring Day,883131348,BTS,BTS,防彈少年團,You Never Walk Alone,You Never Walk Alone,BTS,23,23,0,0,1,1,15,18,274207,2017-02-13 12:00:00,2020-12-02 13:51:40,2021-01-26 07:41:38,V.M,Korean,R&B/Soul,K Pop,,1596529381,KRA381700253,Music116/v4/ce/fb/eb/cefbebd4-d53b-8d6c-33cf-2ee55408bd79/8804775077494_Cover.jpg
260,4674,4979,False,True,Stay With Me (feat. Punch),Stay With Me (feat. Punch),,,Chanyeol,Chanyeol,"Guardian, Pt. 1 (Original Television Soundtrack) - Single","Guardian, Pt. 1 (Original Television Soundtrack) - Single",Chanyeol,10,10,0,0,1,,,,192078,2016-01-01 00:00:00,2020-12-02 13:51:40,2020-12-20 05:03:38,,,,K Pop,,,,
261,4704,5009,False,True,Take My Breathe Away,Take My Breathe Away,,,Berlin,Berlin,Count Three & Pray,Count Three & Pray,Berlin,11,11,0,0,1,,5,10,253309,1986-06-01 12:00:00,2020-12-02 13:51:40,2021-01-26 07:21:42,,,,English Classic,,,,
262,4564,4869,False,True,The Power of Love,The Power of Love,,,Céline Dion,Céline Dion,The Colour of My Love,The Colour of My Love,Céline Dion,18,18,0,0,1,,1,15,286615,1993-11-09 12:00:00,2020-12-02 13:51:40,2021-01-26 08:00:54,,,,English Classic,,,,
263,4718,5023,False,True,This Feeling (feat. Kelsea Ballerini),This Feeling (feat. Kelsea Ballerini),,,The Chainsmokers,The Chainsmokers,Sick Boy,Sick Boy,The Chainsmokers,45,44,1,1,1,1,1,10,196623,2018-01-01 00:00:00,2020-12-02 13:51:40,2020-12-20 05:59:19,,,,English Dance,,1445725434,USQX91802210,
264,4732,5037,True,True,Tired (feat. Gavin James),Tired (feat. Gavin James),"1062085272, 715175756","Alan Walker, Gavin James",Alan Walker,Alan Walker,Tired - Single,Tired - Single,Alan Walker,67,75,0,8,1,1,1,1,194089,2017-05-19 00:00:00,2020-12-02 13:51:40,2020-12-27 13:51:54,V.M,English,Pop,English Dance,"Bass.FutureBass, House.TropicalHouse",1235474551,NOG841708010,Music125/v4/0c/db/57/0cdb570b-de9e-dd91-35fd-8b3ff88c4adb/886446521480.jpg
265,4762,5067,True,True,Waiting For Love,Waiting For Love,298496035,Avicii,Avicii,Avicii,Stories,Stories,Avicii,64,68,0,4,1,1,1,14,231183,2015-05-22 00:00:00,2020-12-02 13:51:40,2021-01-26 07:15:08,V.M,English,Dance,English Dance,House.ProgressiveHouse,1440834312,CHB701400134,Music112/v4/e0/f4/25/e0f425ba-2848-f1c2-e102-9ddcef5e9d9d/15UMGIM35223.rgb.jpg
266,4808,5113,False,True,Winter Is Coming,Winter Is Coming,,,Han Suji,Han Suji,"Guardian, Pt. 11 (Original Television Soundtrack) - Single","Guardian, Pt. 11 (Original Television Soundtrack) - Single",Han Suji,14,14,0,0,1,1,2,3,150125,2017-01-09 12:00:00,2020-12-02 13:51:40,2021-01-25 03:18:52,,,,K Pop,,1604152731,KRA491600942,
267,4244,4549,False,True,everything i wanted,everything i wanted,,,Billie Eilish,Billie Eilish,everything i wanted - Single,everything i wanted - Single,Billie Eilish,11,11,0,0,1,,,,281208,2019-01-01 00:00:00,2020-12-02 13:51:40,2020-12-05 04:27:36,,,,English Pop,,,,
268,4044,4349,True,True,Alone,Alone,"1062085272, 277666244","Alan Walker, Noonie Bao",Alan Walker,Alan Walker,Different World,Different World,Alan Walker,54,55,0,1,1,1,12,15,163343,2016-12-02 00:00:00,2020-12-02 14:05:53,2021-01-25 07:15:45,V.F,English,Dance,English Dance,House.ElectroHouse,1445141168,NOG841617010,Music125/v4/7b/37/53/7b375382-ce23-cfa4-03d4-1db4b0f89d72/886447442562.jpg
269,4062,4367,False,True,Apologize (feat. OneRepublic),Apologize (feat. OneRepublic),,,Timbaland,Timbaland,Shock Value,Shock Value,Timbaland,24,24,0,0,1,,,,200124,2006-04-30 12:00:00,2020-12-02 14:05:53,2020-12-27 13:33:35,,,,English Hip-Hop/Rap,,,,
270,4098,4403,False,True,Beauty And A Beat (feat. Kurt Hugo Schneider & Chrissy Costanza) [Cover],Beauty And A Beat (feat. Kurt Hugo Schneider & Chrissy Costanza) [Cover],,,Alex Goot,Alex Goot,"Alex Goot & Friends, Vol. 3","Alex Goot & Friends, Vol. 3",Alex Goot,9,9,0,0,1,,9,11,237531,2014-01-01 00:00:00,2020-12-02 14:05:53,2021-01-26 07:10:15,,,,English Indie,,,,
271,4140,4445,False,True,Call Me Maybe,Call Me Maybe,,,Carly Rae Jepsen,Carly Rae Jepsen,Kiss,Kiss,Carly Rae Jepsen,14,14,0,0,1,,3,13,199497,2012-01-01 00:00:00,2020-12-02 14:05:53,2021-01-26 07:45:49,,,,English Pop,,1442234276,CAB391100615,
272,4170,4475,True,True,Closer (feat. Halsey),Closer (feat. Halsey),"580391756, 324916925","The Chainsmokers, Halsey",The Chainsmokers,The Chainsmokers,Memories...Do Not Open,Collage - EP,The Chainsmokers,48,47,1,1,1,1,3,5,261877,2016-07-29 00:00:00,2020-12-02 14:05:53,2021-01-26 08:09:06,V.F,English,Dance,English Dance,Bass.FutureBass,"1136768508, 1170699703",USQX91601347,Music125/v4/41/f8/38/41f8380b-9b56-d5d4-31f7-a6411c0c9aaa/886446102054.jpg
273,4176,4481,False,True,Congratulations (feat. Roomie & Boyinaband),Congratulations (feat. Roomie & Boyinaband),,,PewDiePie,PewDiePie,Congratulations - Single,Congratulations - Single,PewDiePie,13,14,0,1,1,,,,246778,2019-01-01 00:00:00,2020-12-02 14:05:53,2020-12-27 00:11:09,,,,English Hip-Hop/Rap,,,,
274,4198,4503,True,True,Darkside (feat. Au/Ra & Tomine Harket),Darkside (feat. Au/Ra & Tomine Harket),"1062085272, 1160086543, 348295619","Alan Walker, Au/Ra, Tomine Harket",Alan Walker,Alan Walker,Different World,Different World,Alan Walker,60,61,0,1,1,1,11,15,239777,2018-07-27 00:00:00,2020-12-02 14:05:53,2021-01-25 07:22:33,V.F,English,Pop,English Dance,Dance.Influenced,"1414300769, 1445141160",NOG841806010,Music125/v4/7b/37/53/7b375382-ce23-cfa4-03d4-1db4b0f89d72/886447442562.jpg
275,4214,4519,False,True,Don't Let Me Down (feat. Daya),Don't Let Me Down (feat. Daya),,,The Chainsmokers,The Chainsmokers,Memories...Do Not Open,Memories...Do Not Open,The Chainsmokers,45,44,1,1,1,1,14,15,217913,2017-01-01 00:00:00,2020-12-02 14:05:53,2021-01-26 08:12:25,,,,English Dance,,,,
276,4254,4559,True,True,Faded,Faded,"1062085272, 1301636586","Alan Walker, Iselin",Alan Walker,Alan Walker,Different World,Different World,Alan Walker,54,54,0,0,1,1,15,15,212558,2015-12-03 12:00:00,2020-12-02 14:05:53,2021-01-25 07:16:43,V.F,English,Dance,English Dance,House.ElectroHouse,"1196294581, 1445141316",NOG841549010,Music125/v4/7b/37/53/7b375382-ce23-cfa4-03d4-1db4b0f89d72/886447442562.jpg
277,4330,4635,False,True,Higher Love (feat. Whitney Houston),Higher Love (feat. Whitney Houston),,,Kygo,Kygo,Higher Love - Single,Higher Love - Single,Kygo,25,26,0,1,1,,,,229851,2019-06-28 12:00:00,2020-12-02 14:05:53,2020-12-05 09:14:21,,,,English Dance,,1469941840,USRC11901901,
278,4526,4831,True,True,Now That I Found You,Now That I Found You,284363062,Carly Rae Jepsen,Carly Rae Jepsen,Carly Rae Jepsen,Dedicated,Dedicated,Carly Rae Jepsen,47,47,0,0,1,1,3,15,200698,2019-02-27 12:00:00,2020-12-02 14:05:53,2021-01-26 07:49:37,V.F,English,Pop,English Pop,Dance.Influenced,1459935301,USUM71901983,Music115/v4/7a/79/ae/7a79aeb0-9a81-af12-fc69-acd6e82fe568/00602577657528.rgb.jpg
279,4532,4837,True,True,On My Way (feat. Sabrina Carpenter & Farruko),On My Way (feat. Sabrina Carpenter & Farruko),"1062085272, 390647681, 364377482","Alan Walker, Sabrina Carpenter, Farruko",Alan Walker,Alan Walker,World Of Walker,World Of Walker,Alan Walker,56,57,0,1,1,1,9,15,193567,2019-03-21 12:00:00,2020-12-02 14:05:53,2020-12-27 13:19:54,V.X,English,Pop,English Dance,Dance.Influenced,"1455648996, 1596240700",NOG841901010,Music126/v4/40/62/24/406224f0-6e9d-b22d-7666-786de0f09200/886449752935.jpg
280,4534,4839,False,True,One Call Away,One Call Away,,,Charlie Puth,Charlie Puth,Nine Track Mind,Nine Track Mind,Charlie Puth,43,43,0,0,1,,1,13,200045,2015-08-05 07:00:00,2020-12-02 14:05:53,2021-01-26 08:18:07,,,,English Pop,,1041127298,USAT21502915,
281,4612,4917,False,True,See You Again (feat. Wiz Khalifa),See You Again (feat. Wiz Khalifa),,,Charlie Puth,Charlie Puth,Nine Track Mind,Nine Track Mind,Charlie Puth,10,10,0,0,1,,13,13,237453,2016-01-01 00:00:00,2020-12-02 14:05:53,2021-01-26 08:18:08,,,,English Pop,,,,
282,4648,4953,True,True,Something Just Like This (feat. Coldplay),Something Just Like This (feat. Coldplay),"580391756, 471744","The Chainsmokers, Coldplay",The Chainsmokers,The Chainsmokers,Memories...Do Not Open,Memories...Do Not Open,The Chainsmokers,58,58,0,0,1,1,5,15,247196,2017-02-22 08:00:00,2020-12-02 14:05:53,2021-01-26 08:11:17,V.M,English,Dance,English Dance,Bass.FutureBass,1207120448,USQX91700278,Music125/v4/9d/56/6f/9d566f55-5253-bed6-5c31-df952dae649d/886446379289.jpg
283,4766,5071,True,True,Wake Me Up,Wake Me Up,298496035,Avicii,Avicii,Avicii,True,True,Avicii,82,87,0,5,1,1,1,10,251454,2013-06-01 00:00:00,2020-12-02 14:05:53,2021-01-26 07:18:16,V.M,English,Dance,English Dance,House.ProgressiveHouse,1440872929,SEUM71301326,Music211/v4/18/5b/1e/185b1ef5-5d97-19d8-aebf-8e29e41874ef/13UAAIM59255.rgb.jpg
284,4786,5091,False,True,We Dont Talk Anymore (feat. Selena Gomez),We Dont Talk Anymore (feat. Selena Gomez),,,Charlie Puth,Charlie Puth,Nine Track Mind,Nine Track Mind,Charlie Puth,11,11,0,0,1,,5,13,230504,2016-01-01 00:00:00,2020-12-02 14:05:53,2021-01-26 08:18:08,,,,English Pop,,,,
285,4820,5125,False,True,Work from Home (feat. Ty Dolla $ign),Work from Home (feat. Ty Dolla $ign),,,Fifth Harmony,Fifth Harmony,7/27,7/27,Fifth Harmony,32,32,0,0,1,,,,220029,2016-01-01 00:00:00,2020-12-02 14:05:53,2020-12-27 14:01:28,,,,English Pop,,1087445213,USSM11600251,
286,3590,3895,False,True,不像話,不像話,,,呂薔,呂薔,O_LOVE,O_LOVE,呂薔,33,33,0,0,,,,,288966,2017-01-01 00:00:00,2020-12-02 14:24:31,2021-03-29 10:46:06,,,,Mando Pop,,,,
287,3654,3959,False,True,你說你愛我,你說你愛我,,,蔡佩軒,蔡佩軒,遇見Ariel,遇見Ariel,蔡佩軒,42,42,0,0,,,,,259239,2017-01-01 00:00:00,2020-12-02 14:24:31,2021-03-29 11:00:48,,,,Mando Pop,,,,
288,3572,3877,False,True,十年,十年,,,陳奕迅,陳奕迅,THE 1ST ELEVEN YEARS 然後呢?,THE 1ST ELEVEN YEARS 然後呢?,陳奕迅,40,40,0,0,1,,,,201926,2003-04-15 12:00:00,2020-12-02 14:24:31,2020-12-20 01:08:28,,,,Mando Pop,,667921994,HKD250331804,
289,3714,4019,False,True,夜空中最亮的星,夜空中最亮的星,,,鄧紫棋,鄧紫棋,夜空中最亮的星 - Single,夜空中最亮的星 - Single,,26,26,0,0,,,,,235885,2016-01-01 00:00:00,2020-12-02 14:24:31,2021-03-29 11:04:34,,,,Mando Pop,,,,
290,3576,3881,False,True,大哥,大哥,,,衛蘭,衛蘭,My Love,My Love,,26,26,0,0,,,,,230739,2005-01-01 00:00:00,2020-12-02 14:24:31,2021-03-29 11:03:21,,,,Canto Pop,,567996563,HKC840500064,
291,3716,4021,False,True,妮妮 (feat. 妮妮) [Deluxe 版],妮妮 (feat. 妮妮) [Deluxe 版],,,林京燁,林京燁,妮妮,妮妮,林京燁,17,17,0,0,1,1,1,8,234240,2017-01-26 12:00:00,2020-12-02 14:24:31,2021-03-29 11:04:01,,,,Mando Pop,,1592224320,TWAE31700062,
292,3720,4025,False,True,孤獨是會上癮的,孤獨是會上癮的,,,吳克群,吳克群,人生超幽默,人生超幽默,吳克群,30,30,0,0,,,,,233064,2016-12-13 12:00:00,2020-12-02 14:24:31,2021-03-29 10:45:23,,,,Mando Pop,,1182348118,TWA531612801,
293,3634,3939,False,True,安靜,安靜,,,周杰倫,周杰倫,范特西,范特西,周杰倫,25,25,0,0,,,,,334341,2001-09-14 12:00:00,2020-12-02 14:24:31,2021-03-29 10:47:10,,,,Mando Pop,,535739359,TWK970100210,
294,3740,4045,False,True,宣言,宣言,,,蔡佩軒,蔡佩軒,遇見Ariel,遇見Ariel,蔡佩軒,23,23,0,0,,,,,200542,2017-10-24 12:00:00,2020-12-02 14:24:31,2021-03-29 11:00:52,,,,Mando Pop,,1298451644,NLRD51738273,
295,3800,4105,False,True,家家酒,家家酒,,,家家,家家,還是想念,還是想念,家家,30,30,0,0,,,,,273475,2016-12-30 12:00:00,2020-12-02 14:24:31,2021-03-29 10:49:55,,,,Mando Pop,,1190504672,TWK231609211,
296,3816,4121,False,True,寂寞無害,寂寞無害,,,艾怡良,艾怡良,說 艾怡良,說 艾怡良,艾怡良,25,25,0,0,,,,,264280,2016-05-27 12:00:00,2020-12-02 14:24:31,2021-03-29 11:00:11,,,,Mando Pop,,1115264490,TWA471603002,
297,3580,3885,False,True,小幸運,小幸運,,,田馥甄,田馥甄,小幸運,小幸運,田馥甄,23,23,0,0,,,,,265586,2015-07-10 07:00:00,2020-12-02 14:24:31,2021-03-29 10:59:10,,,,Mando Pop,,,,
298,3638,3943,False,True,年輪說,年輪說,,,楊丞琳,楊丞琳,年輪說 - 年輪說,年輪說 - 年輪說,楊丞琳,25,25,0,0,,,,,266579,2016-09-09 12:00:00,2020-12-02 14:24:31,2021-03-29 10:56:47,,,,Mando Pop,,1834198640,TWUM71600042,
299,3926,4231,False,True,愛情轉移,愛情轉移,,,陳奕迅,陳奕迅,認了吧,認了吧,陳奕迅,24,24,0,0,1,,,,259970,2007-04-24 12:00:00,2020-12-02 14:24:31,2020-12-20 01:08:41,,,,Mando Pop,,1443352465,HKUM70600455,
300,3916,4221,False,True,愛的就是你,愛的就是你,,,劉佳,劉佳,一個人走,一個人走,劉佳,38,38,0,0,,,,,273293,2012-05-31 12:00:00,2020-12-02 14:24:31,2021-03-29 10:44:46,,,,Mando Pop,,1754345611,TWCC31200036,
301,3928,4233,False,True,愛過你有多久就有多痛,愛過你有多久就有多痛,,,蕭秉治,蕭秉治,凡人,凡人,,29,29,0,0,,,,,235284,2018-05-23 12:00:00,2020-12-02 14:24:31,2021-03-29 11:01:53,,,,Mando Pop,,1391548615,TWK231811304,
302,3908,4213,False,True,愛．這件事情,愛．這件事情,,,傅又宣,傅又宣,愛．這件事情,愛．這件事情,傅又宣,37,37,0,0,,,,,235128,2014-10-16 12:00:00,2020-12-02 14:24:31,2021-03-29 10:44:03,,,,Mando Pop,,,,
303,3662,3967,False,True,我不會,我不會,,,那對夫妻,那對夫妻,我不會,我不會,那對夫妻,32,32,0,0,,,,,343823,2017-08-29 12:00:00,2020-12-02 14:24:31,2021-03-29 11:03:55,,,,Mando Pop,,1276101004,TWCT51707654,
304,3686,3991,False,True,我們不一樣,我們不一樣,,,大壯,大壯,我們不一樣,我們不一樣,大壯,42,43,0,1,,,,,271072,2017-06-06 12:00:00,2020-12-02 14:24:31,2021-03-29 10:49:05,,,,Mando Pop,,1751844978,TWDL72104116,
305,3688,3993,False,True,我們的愛,我們的愛,,,獅子合唱團,獅子合唱團,我們的愛,我們的愛,獅子合唱團,40,40,0,0,,,,,315193,2017-09-28 12:00:00,2020-12-02 14:24:31,2021-03-29 10:58:41,,,,Mando Rock,,1288111411,TWA531737106,
306,3680,3985,False,True,我很愉快,我很愉快,,,孫燕姿,孫燕姿,No.13 作品 : 跳舞的梵谷,No.13 作品 : 跳舞的梵谷,,21,21,0,0,,,2,10,276688,2017-11-09 12:00:00,2020-12-02 14:24:31,2021-03-29 10:49:37,,,,Mando Pop,,1440901473,TWUM71700037,
307,3692,3997,False,True,我想你了,我想你了,,,畢書盡,畢書盡,Bii Your Light,Bii Your Light,畢書盡,4,4,0,0,,,,,277446,2017-10-05 12:00:00,2020-12-02 14:24:31,2021-03-29 10:59:17,,,,Mando Pop,,1289159356,TWD631721509,
308,3674,3979,False,True,我的新衣 (feat. 王倩倩 & TY),我的新衣 (feat. 王倩倩 & TY),,,VAVA,VAVA,21,21,VAVA,43,43,0,0,1,1,3,11,244819,2017-10-06 12:00:00,2020-12-02 14:24:31,2021-03-29 10:42:39,,,,Mando Hip-Hop/Rap,,1825109868,FRX762504005,
309,3724,4029,False,True,所謂的愛,所謂的愛,,,小宇-宋念宇,小宇,同在,同在,小宇-宋念宇,14,15,0,1,,,,,194690,2017-04-07 12:00:00,2020-12-02 14:24:31,2021-03-29 10:50:11,,,,Mando Pop,,1215327826,TWA531700656,
310,4006,4311,False,True,斷訊 (feat. 黃偉晉),斷訊 (feat. 黃偉晉),,,邱鋒澤,邱鋒澤,預言家,預言家,邱鋒澤,27,28,0,1,1,1,10,10,243931,2019-01-01 00:00:00,2020-12-02 14:24:31,2021-03-29 11:04:08,,,,Mando Pop,,,,
311,3764,4069,False,True,是我不夠好,是我不夠好,,,李毓芬,李毓芬,是我不夠好 - 韓劇<第二次20歲>片尾曲,是我不夠好 - 韓劇<第二次20歲>片尾曲,李毓芬,45,45,0,0,,,,,216894,2016-04-15 12:00:00,2020-12-02 14:24:31,2021-03-29 10:53:16,,,,Mando Pop,,1101306936,TWA471698001,
312,3882,4187,False,True,晴天,晴天,,,周杰倫,周杰倫,葉惠美,葉惠美,周杰倫,37,37,0,0,,,,,269856,2003-07-31 07:00:00,2020-12-02 14:24:31,2021-03-29 10:47:22,,,,Mando Pop,,535824738,TWK970300503,
313,3994,4299,False,True,曖昧,曖昧,,,薛之謙,薛之謙,渡,渡,薛之謙,41,41,0,0,,,,,312320,2017-04-11 12:00:00,2020-12-02 14:24:31,2021-03-29 11:02:23,,,,Mando Pop,,1787509717,CNZ501700186,
314,3870,4175,False,True,最笨的人是我,最笨的人是我,,,方泂鑌,方泂鑌,我不是神,我不是神,方泂鑌,24,24,0,0,,,,,323343,2017-10-05 12:00:00,2020-12-02 14:24:31,2021-03-29 10:51:58,,,,Mando Pop,,1290747846,TWB671710101,
315,3696,4001,False,True,李白,李白,,,李榮浩,李榮浩,模特,模特,李榮浩,27,27,0,0,,,1,,273576,2013-09-16 12:00:00,2020-12-02 14:24:31,2021-03-29 10:53:04,,,,Mando Pop,,1743353792,CNA231302848,
316,3620,3925,False,True,永不失聯的愛,永不失聯的愛,,,周興哲,周興哲,永不失聯的愛 - 原創概念版,永不失聯的愛 - 原創概念版,周興哲,34,35,0,1,,,,,253648,2017-05-24 12:00:00,2020-12-02 14:24:31,2021-03-29 10:48:39,,,,Mando Pop,,,,
317,3826,4131,False,True,涼涼 (with 張碧晨),涼涼 (with 張碧晨),,,楊宗緯,楊宗緯,電視劇《三生三世十里桃花》原聲帶,電視劇《三生三世十里桃花》原聲帶,楊宗緯,5,5,0,0,1,1,1,10,335464,2017-01-09 12:00:00,2020-12-02 14:24:31,2021-03-29 10:57:23,,,,Mando Pop,,,,
318,3830,4135,False,True,淘汰,淘汰,,,陳奕迅,陳奕迅,認了吧,認了吧,陳奕迅,21,21,0,0,1,,,,285283,2007-01-01 00:00:00,2020-12-02 14:24:31,2020-12-20 01:08:36,,,,Mando Pop,,,,
319,3952,4257,False,True,漂向北方,漂向北方,,,文慧如,文慧如,Boon Boom! Cover Series,Boon Boom! Cover Series,文慧如,37,37,0,0,,,,,265613,2017-01-01 00:00:00,2020-12-02 14:24:31,2021-03-29 10:51:39,,,,Mando Pop,,,,
320,3956,4261,False,True,演員,演員,,,薛之謙,薛之謙,紳士,紳士,薛之謙,39,39,0,0,,,,,261302,2015-06-05 12:00:00,2020-12-02 14:24:31,2021-03-29 11:02:29,,,,Mando Pop,,1787930244,CNA651500230,
321,3954,4259,False,True,演員,演員,,,田馥甄,田馥甄,夢想的聲音現場Live版,夢想的聲音現場Live版,田馥甄,36,37,0,1,,,,,281626,2016-12-14 12:00:00,2020-12-02 14:24:31,2021-03-29 10:59:05,,,,Mando Pop,,,,
322,3834,4139,False,True,牽心萬苦,牽心萬苦,,,謝和弦,謝和弦,於是長大了以後,於是長大了以後,謝和弦,39,39,0,0,,,,,273000,2011-05-27 12:00:00,2020-12-02 14:24:31,2021-03-29 11:03:38,,,,Mando Pop,,672637825,TWJ011100207,
323,3838,4143,False,True,猜猜看,猜猜看,,,曾之喬,曾之喬,亮了,亮了,曾之喬,18,18,0,0,,,,,256052,2017-07-12 12:00:00,2020-12-02 14:24:31,2021-03-29 10:52:24,,,,Mando Pop,,1280296654,TWD951779102,
324,3986,4291,False,True,獨家記憶,獨家記憶,,,陳小春,陳小春,獨家記憶,獨家記憶,陳小春,20,20,0,0,1,,3,,301897,2008-05-09 12:00:00,2020-12-02 14:24:31,2020-12-20 01:08:24,,,,Mando Pop,,1443764392,HKUM70800716,
325,3772,4077,False,True,珊瑚海 (feat. 梁心頤),珊瑚海 (feat. 梁心頤),,,周杰倫,周杰倫,11月的蕭邦,11月的蕭邦,周杰倫,17,17,0,0,1,1,10,12,256235,2005-11-01 12:00:00,2020-12-02 14:24:31,2021-03-29 10:47:40,,,,Mando Pop,,536009751,TWK970500912,
326,3976,4281,False,True,稻香,稻香,,,周杰倫,周杰倫,魔杰座,魔杰座,周杰倫,23,24,0,1,,,11,,223660,2008-10-14 12:00:00,2020-12-02 14:24:31,2021-03-29 10:47:31,,,,Mando Pop,,1624001324,TWK970801511,
327,3958,4263,True,True,算什麼男人,算什麼男人,300117743,周杰倫,周杰倫,周杰倫,哎呦，不錯哦,哎呦，不錯哦,周杰倫,48,48,0,0,1,1,3,12,289608,2014-12-26 08:00:00,2020-12-02 14:24:31,2021-03-29 10:46:46,V.M,Mandarin,Pop,Mando Pop,,944321440,TWK971401103,Music115/v4/16/db/ff/16dbff09-0750-29b0-07b7-3fa44f8a556e/dj.nzqvfsza.jpg
328,4016,4321,False,True,聽見下雨的聲音,聽見下雨的聲音,,,周杰倫,周杰倫,哎呦，不錯哦,哎呦，不錯哦,周杰倫,22,22,0,0,,,,,279432,2014-12-26 08:00:00,2020-12-02 14:24:31,2021-03-29 10:46:51,,,,Mando Pop,,944321451,TWK971401112,
329,4000,4305,False,True,謝謝你愛我,謝謝你愛我,,,謝和弦,謝和弦,要你知道,要你知道,謝和弦,36,36,0,0,,,,,227395,2016-08-26 12:00:00,2020-12-02 14:24:31,2021-03-29 11:03:42,,,,Mando Pop,,1142543127,TWA531602245,
330,4024,4329,False,True,讓我為你唱情歌,讓我為你唱情歌,,,蕭敬騰,蕭敬騰,讓我為你唱情歌 - Single,讓我為你唱情歌 - Single,,25,25,0,0,,,,,269844,2018-01-01 00:00:00,2020-12-02 14:24:31,2021-03-29 11:01:43,,,,Mando Pop,,1397886922,TWA531882213,
331,4026,4331,False,True,讓我留在你身邊,讓我留在你身邊,,,陳奕迅,陳奕迅,讓我留在你身邊,讓我留在你身邊,陳奕迅,32,32,0,0,1,,,,185443,2016-11-08 12:00:00,2020-12-02 14:24:31,2020-12-20 01:08:32,,,,Mando Pop,,1445291088,HKJ631603001,
332,3706,4011,False,True,走著走著就散了,走著走著就散了,,,莊心妍,莊心妍,走著走著就散了,走著走著就散了,莊心妍,7,7,0,0,,,,,268248,2024-08-10 12:00:00,2020-12-02 14:24:31,2021-03-29 11:00:29,,,,Mando Pop,,1801154900,KJMOJ9874151,
333,3806,4111,False,True,追光者,追光者,,,岑寧兒,岑寧兒,夏至未至 電視劇原聲帶,夏至未至 電視劇原聲帶,岑寧兒,22,22,0,0,,,,,239647,2017-06-16 12:00:00,2020-12-02 14:24:31,2021-03-29 10:50:25,,,,Mando Pop,,1504856657,CNZ481700070,
334,3944,4249,True,True,道聽涂說,道聽塗說,616598523,林芯儀,林芯儀,林芯儀,I'm Singing,I'm Singing - Single,林芯儀,46,46,0,0,1,1,1,3,299023,2016-03-01 12:00:00,2020-12-02 14:24:31,2021-03-29 10:55:45,V.F,Mandarin,Pop,Mando Pop,,1760479690,TWX351600001,Music211/v4/2b/4e/63/2b4e63b6-4484-0a9e-dbfb-aa30ff765fc9/4712755013094.jpg
335,3710,4015,False,True,那些你很冒險的夢,那些你很冒險的夢,,,林俊傑,林俊傑,學不會,學不會,林俊傑,26,26,0,0,,,,,246543,2011-12-30 12:00:00,2020-12-02 14:24:31,2021-03-29 10:54:51,,,,Mando Pop,,1663699423,TWA531107004,
336,4002,4307,False,True,醜八怪,醜八怪,,,薛之謙,薛之謙,意外,意外,薛之謙,36,36,0,0,,,,,248502,2013-10-07 12:00:00,2020-12-02 14:24:31,2021-03-29 11:02:16,,,,Mando Pop,,1788255149,CNA651302297,
337,4010,4315,False,True,關鍵詞,關鍵詞,,,林俊傑,林俊傑,和自己對話 - 實驗專輯,和自己對話 - 實驗專輯,林俊傑,22,22,0,0,,,,,210408,2015-12-25 12:00:00,2020-12-02 14:24:31,2021-03-29 10:54:04,,,,Mando Pop,,,,
338,3738,4043,True,True,青春住了誰,青春住了誰,299846702,楊丞琳,楊丞琳,楊丞琳,青春住了誰,青春住了誰 - Single,楊丞琳,52,52,0,0,1,1,1,1,270759,2017-09-15 07:00:00,2020-12-02 14:24:31,2021-03-29 10:57:04,V.F,Mandarin,Pop,Mando Pop,Rock.Influenced,1466587307,TWAG11706001,Music113/v4/45/d8/c0/45d8c03d-1467-c143-5dca-0ebb0bde8e9b/3000x3000.jpg
339,3786,4091,False,True,風衣,風衣,,,孫燕姿,孫燕姿,No.13 作品 : 跳舞的梵谷,No.13 作品 : 跳舞的梵谷,孫燕姿,21,21,0,0,,,1,10,244009,2017-11-09 12:00:00,2020-12-02 14:24:31,2021-03-29 10:49:27,,,,Mando Pop,,1440901471,TWUM71700036,
340,4014,4319,False,True,飄向北方 (feat. 王力宏),飄向北方 (feat. 王力宏),,,黃明志,黃明志,亞洲通車,亞洲通車,黃明志,16,16,0,0,1,1,2,10,270471,2016-12-30 12:00:00,2020-12-02 14:24:31,2020-12-20 01:08:07,,,,Mando Pop,,1446369359,MYNW11600015,
341,3860,4165,False,True,魚仔,魚仔,,,盧廣仲,盧廣仲,魚仔 (He-R),魚仔 (He-R),盧廣仲,20,21,0,1,,,,,280973,2017-01-01 00:00:00,2020-12-02 14:24:31,2021-03-29 10:59:47,,,,Hokkien Pop,,,,
342,4204,4509,True,True,Deep End,Deep End,1440084977,Ameryh,Ameryh,Ameryh,Deep End - Single,Deep End - Single,Ameryh,46,46,0,0,1,1,1,2,193515,2019-01-18 12:00:00,2020-12-05 08:26:08,2020-12-05 06:58:50,V.F,English,Pop,English Dance,Dance.Influenced,1445662758,SE5Q51827496,Music128/v4/6b/cc/1e/6bcc1e2a-5ff9-7c92-5cd6-97daca032617/7330178007352.png
343,4516,4821,True,True,Not Long Ago,Not Long Ago,1440084977,Ameryh,Ameryh,Ameryh,Not Long Ago - Single,Not Long Ago - Single,Ameryh,64,66,0,2,1,1,1,2,186801,2018-11-23 12:00:00,2020-12-05 08:26:08,2020-12-05 06:59:19,V.F,English,Dance,English Dance,Trap,1440084979,SE5Q51827474,Music124/v4/2a/f1/79/2af1792b-17ab-d316-2623-e28b3e1c5f24/7330178006188.png
344,4656,4961,True,True,Sorry That I Do That,Sorry That I Do That,895883737,Anna Clendening,Anna Clendening,Anna Clendening,Evolve,Evolve - EP,Anna Clendening,46,46,0,0,1,1,4,5,150151,2020-07-24 07:00:00,2020-12-05 08:26:08,2020-12-05 07:00:12,V.F,English,Pop,English Indie,,1522267868,USAT22003340,Music115/v4/3f/32/3f/3f323f3d-0b68-b68b-0844-1e2a253a6908/075679813701.jpg
345,4278,4583,False,True,Freaking Me Out,Freaking Me Out,,,Ava Max,Ava Max,Freaking Me Out - Single,Freaking Me Out - Single,Ava Max,17,17,0,0,1,,,,192626,2019-07-31 12:00:00,2020-12-05 08:26:08,2020-12-05 07:00:48,,,,English Pop,,1473788263,USAT21904201,
346,4332,4637,True,True,History (feat. Lostboycrow),History (feat. Lostboycrow),"1494388260, 975614133","Beren Olivia, Lostboycrow",Beren Olivia,Beren Olivia,History - Single,History - Single,Beren Olivia,124,125,0,1,1,1,1,1,202945,2020-11-12 12:00:00,2020-12-05 08:26:08,2020-12-05 07:02:12,V.X,English,Pop,English Pop,,1720763837,TCAFF2010176,Music116/v4/89/ea/a2/89eaa2f1-2594-c007-3a7e-046c591cca95/cover.jpg
347,4112,4417,True,True,Between Our Hearts (feat. CXLOE),Between Our Hearts (feat. CXLOE),"957521979, 1144207163","Cheat Codes, CXLOE",Cheat Codes,Cheat Codes,"HELLRAISERS, Part 1","HELLRAISERS, Part 1",Cheat Codes,48,47,1,1,1,1,5,10,222328,2020-09-01 12:00:00,2020-12-05 08:26:08,2020-12-05 07:07:39,V.X,English,Pop,English Dance,Dance.Influenced,"1528734338, 1833388546",QMCE32000440,Music211/v4/40/7f/ee/407fee11-cf04-ea02-cf0a-bc1cfaee0443/1963623680754_cover.jpg
348,4772,5077,True,True,Washed Up,Washed Up,957521979,Cheat Codes,Cheat Codes,Cheat Codes,"HELLRAISERS, Part 1","HELLRAISERS, Part 1",Cheat Codes,63,63,0,0,1,1,10,10,175986,2020-11-04 12:00:00,2020-12-05 08:26:08,2020-12-05 07:08:50,V.M,English,Pop,English Dance,,"1536922707, 1833388557",QMCE32000594,Music211/v4/40/7f/ee/407fee11-cf04-ea02-cf0a-bc1cfaee0443/1963623680754_cover.jpg
349,4050,4355,False,True,Alright (feat. Russell Dickerson),Alright (feat. Russell Dickerson),,,Clara Mae,Clara Mae,Drunk On Emotions,Drunk On Emotions,Clara Mae,43,44,0,1,1,,,,161201,2020-08-27 12:00:00,2020-12-05 08:26:08,2020-12-05 07:10:21,,,,English Pop,,1527990971,USAT22004929,
350,4076,4381,False,True,Baby Blue,Baby Blue,,,Dylan Conrique,Dylan Conrique,Baby Blue,Baby Blue,Dylan Conrique,45,45,0,0,1,,,,147017,2020-07-30 12:00:00,2020-12-05 08:26:08,2020-12-05 07:11:04,V.F,English,Pop,English Pop,Dance.Influenced,1537188427,ZZOPM2002902,
351,4284,4589,True,True,Full of Life (feat. Micah Martin),Full of Life (feat. Micah Martin),"332465235, 438867631","Fairlane, Micah Martin",Fairlane,Fairlane,Full of Life - Single,Full of Life - Single,Fairlane,89,99,0,10,1,1,1,1,231575,2020-10-02 12:00:00,2020-12-05 08:26:08,2020-12-05 07:12:37,V.M,English,Dance,English Dance,Bass.MelodicBass,1637744752,GBKPL2021688,Music112/v4/f3/aa/8b/f3aa8b33-a2ba-e80b-18de-e06a46b882ed/cover.jpg
352,4134,4439,True,True,Caffeine (feat. Snoffy),Caffeine (feat. Shoffy),"1046396707, 924207050","Fly By Midnight, Shoffy",Fly By Midnight,Fly By Midnight,Caffeine - Single,Caffeine (feat. Shoffy) - Single,Fly By Midnight,87,89,0,2,1,1,1,1,183510,2020-09-25 12:00:00,2020-12-05 08:26:08,2020-12-05 07:13:30,V.M,English,Pop,English Indie,,1869797197,SE6JF2000702,Music221/v4/1e/df/14/1edf14a0-f884-c9b7-816e-7d530b7611ee/63788.jpg
353,4652,4957,True,True,Something Out of Nothing (feat. Kwesi),Something Out of Nothing (feat. Kwesi),"1019528519, 285872765","GhostDragon, Kwesi",GhostDragon,GhostDragon,Could've Been Us,Could've Been Us,GhostDragon,69,71,0,2,1,1,3,9,212140,2020-10-09 12:00:00,2020-12-05 08:26:08,2020-12-05 07:14:27,V.M,English,Dance,English Dance,Bass.FutureBass,"1534147918, 1618955227",GB2LD2010211,Music122/v4/40/9a/79/409a796d-f34a-8bad-14e2-d4c9548b2224/5055199558264.png
354,4190,4495,True,True,Cry (feat. John Martin),Cry (feat. John Martin),"953311187, 6966952","Gryffin, John Martin",Gryffin,Gryffin,Gravity (Deluxe),Gravity (Deluxe),Gryffin,147,162,0,15,2,2,1,7,218514,2020-07-30 12:00:00,2020-12-05 08:26:08,2020-12-05 07:15:10,V.M,English,Dance,English Dance,Bass.FutureBass,"1523764444, 1543107990",USUG12002577,Music124/v4/2b/e4/ce/2be4ce4d-22fd-9975-8465-fc526d181580/20UM1IM11387.rgb.jpg
355,4512,4817,True,True,Nobody Compares to You (feat. Katie Pearlman),Nobody Compares to You (feat. Katie Pearlman),"953311187, 1511004436","Gryffin, Katie Pearlman",Gryffin,Gryffin,Gravity,Gravity (Deluxe),Gryffin,90,99,0,9,1,2,16,16,231418,2019-10-24 12:00:00,2020-12-05 08:26:08,2020-12-05 07:15:50,V.F,English,Dance,English Dance,Bass.FutureBass,"1483998085, 1543107988",USUM71710956,Music124/v4/2b/e4/ce/2be4ce4d-22fd-9975-8465-fc526d181580/20UM1IM11387.rgb.jpg
356,4592,4897,True,True,Run Back to You (feat. Alisa),Run Back to You (feat. Alisa),"490974321, 1392492685","Hoang, Alisa",Hoang,Hoang,Run Back to You - Single,Run Back to You - Single,Hoang,69,72,0,3,1,1,1,1,193253,2020-08-28 12:00:00,2020-12-05 08:26:08,2020-12-05 07:16:42,V.F,English,Dance,English Dance,Bass.FutureBass,"1697876308, 1878233321",QZK6M2008313,Music116/v4/b0/b9/38/b0b93870-f9dd-c201-2fe9-84ca6fb9c691/195543888977_cover.jpg
357,4546,4851,True,True,Paper Thin (feat. Tom Delonge & Angels & Airwaves),Paper Thin (feat. Tom DeLonge & Angels & Airwaves),"645420096, 27597781, 151164855","ILLENIUM, Tom DeLonge, Angels & Airwaves",Illenium,ILLENIUM,Fallen Embers (Deluxe Version),Fallen Embers,ILLENIUM,81,85,0,4,1,1,12,14,197381,2020-10-23 12:00:00,2020-12-05 08:26:08,2020-12-05 07:17:32,V.M,English,Dance,English Dance,Bass.MelodicBass,"1535102042, 1591091810",ZZOPM2003536,Music115/v4/5f/12/8f/5f128f6c-3354-b004-c7b4-80763ee92abe/190296673603.jpg
358,4040,4345,True,True,all the kids are depressed,all the kids are depressed,1049356910,Jeremy Zucker,Jeremy Zucker,Jeremy Zucker,supercuts,supercuts - EP,Jeremy Zucker,51,52,0,1,1,1,5,5,171154,2018-04-06 12:00:00,2020-12-05 08:26:08,2020-12-05 07:19:55,V.M,English,Pop,English Pop,,1529513431,USUM71804195,Music115/v4/38/2d/98/382d98cb-2fa2-c978-6cbc-db5515798dd7/FIXIMG00602435191065.rgb.jpg
359,4174,4479,False,True,comethru,comethru,,,Jeremy Zucker,Jeremy Zucker,love is not dying (Deluxe Version),love is not dying (Deluxe Version),Jeremy Zucker,42,42,0,0,1,,,,180741,2018-09-28 12:00:00,2020-12-05 08:26:08,2020-12-05 07:20:42,,,,English Pop,,1502746171,USUM71813455,
360,4298,4603,True,True,Good Bye,Good Bye,1049356910,Jeremy Zucker,Jeremy Zucker,Jeremy Zucker,Breathe,Breathe - EP,Jeremy Zucker,70,70,0,0,1,1,5,6,188186,2015-12-06 00:00:00,2020-12-05 08:26:08,2020-12-05 07:21:24,V.M,English,Pop,English Pop,Dance.Influenced,1067959090,TCACK1562416,Music124/v4/a6/13/3c/a6133ca1-7c27-94d7-3642-b9557e3898e3/859716146270_cover.jpg
361,4624,4929,False,True,Show You,Show You,,,Kasbo,Kasbo,The Making of a Paracosm,The Making of a Paracosm,Kasbo,45,45,0,0,1,,,,263758,2020-10-23 12:00:00,2020-12-05 08:26:08,2020-12-05 07:22:48,V.M,English,Pop,English Dance,,1516632732,GBCFB2000234,
362,4676,4981,True,True,Staying in Love (feat. Nea),Staying in Love (feat. Nea),"739932137, 85096326","Kasbo, Nea",Kasbo,Kasbo,The Making of a Paracosm,The Making of a Paracosm,Kasbo,47,47,0,0,1,1,12,14,223216,2020-10-23 00:00:00,2020-12-05 08:26:08,2020-12-05 07:22:53,V.F,English,Dance,English Dance,Bass.FutureBass,1516632731,GBCFB2000232,Music116/v4/26/b7/6a/26b76a9a-f299-8f98-0bde-bc4746a82bd0/5054429138528.png
363,4070,4375,True,True,At Least It Was Fun,At Least It Was Fun,1166726627,JVNA,JVNA,JVNA,At Least It Was Fun - Single,Hope In Chaos,JVNA,56,57,0,1,1,1,9,12,192104,2020-08-28 12:00:00,2020-12-05 08:26:08,2020-12-05 07:23:30,V.F,English,Pop,English Dance,Dance.Influenced,"1526906878, 1590926218",QZK6N2005299,Music125/v4/35/88/cb/3588cb28-3014-c3a1-4c37-a18b1265124f/192641855115_Cover.jpg
364,4494,4799,False,True,Never Be Like You (feat. Diamond White & AJ Rafael),Never Be Like You (feat. Diamond White & AJ Rafael),,,Kurt Hugo Schneider,Kurt Hugo Schneider,Never Be Like You - Single,Never Be Like You - Single,Kurt Hugo Schneider,21,21,0,0,1,,,,211487,2016-09-09 12:00:00,2020-12-05 08:26:08,2020-12-05 07:24:20,,,,English Indie,,1152632733,GBDMT1600225,
365,4324,4629,True,True,heart won't let me,heart won't let me,867853783,LANY,LANY,LANY,mama's boy,mama's boy,LANY,59,59,0,0,1,1,3,14,199888,2020-10-02 12:00:00,2020-12-05 08:26:08,2020-12-05 07:25:15,V.M,English,Pop,English Pop,,1525736403,GBUM72003710,Music115/v4/96/d2/ff/96d2ff2e-7e8d-384e-1ee2-14c06f6835e9/20UMGIM33837.rgb.jpg
366,4364,4669,True,True,I Wanna Stay Here with You (feat. Sarah Pumphery),I Wanna Stay Here with You (feat. Sarah Pumphrey),"1348733515, 346374403","Loving Caliber, Sarah Pumphrey",Loving Caliber,Loving Caliber,Fire Line,Fire Line,Loving Caliber,54,55,0,1,1,1,4,7,195422,2017-10-10 12:00:00,2020-12-05 08:26:08,2020-12-05 07:27:05,V.F,English,Dance,English Dance,"House.TropicalHouse, Pop.Influenced",1474422859,SE5Q51815095,Music113/v4/26/76/df/2676df72-3b26-8308-e6dd-9885cf22d42c/7330178032958.png
367,4840,5145,True,True,You Will Always Be The One,You Will Always Be The One,1348733515,Loving Caliber,Loving Caliber,Loving Caliber,Chemicals,Chemicals - EP,Loving Caliber,57,57,0,0,1,1,7,7,189492,2017-03-21 12:00:00,2020-12-05 08:26:08,2020-12-05 07:27:42,V.M,English,Pop,English Dance,,1478115266,"SE5Q51700898, SE5Q51815095",Music123/v4/16/f7/be/16f7be77-df38-e2f2-bf79-7575d1a6b3fe/7330178033184.png
368,4054,4359,False,True,Animals,Animals,,,Maroon 5,Maroon 5,V,V,Maroon 5,24,24,0,0,1,,,,229250,2014-08-22 12:00:00,2020-12-05 08:26:08,2020-12-05 07:47:28,,,,English Rock,,1422651844,USUM71409576,
369,4220,4525,False,True,Don't Wanna Know (feat. Kendrick Lamar),Don't Wanna Know (feat. Kendrick Lamar),,,Maroon 5,Maroon 5,Red Pill Blues,Red Pill Blues,Maroon 5,41,43,0,2,1,,,,218697,2016-10-12 07:00:00,2020-12-05 08:26:08,2020-12-05 07:49:25,,,,English Rock,,1396384699,USUM71609975,
370,4046,4351,True,True,Alone,Alone,980795202,Marshmello,Marshmello,Marshmello,Alone - Single,Alone - Single,Marshmello,59,60,0,1,1,1,1,1,271568,2016-05-13 07:00:00,2020-12-05 08:26:08,2020-12-05 07:50:27,V.M,English,Dance,English Dance,Trap,1110087159,CA6D21600147,Music221/v4/7e/be/33/7ebe3370-959a-94f7-77e2-c9e7fea9a4ed/859716988917_cover.jpg
371,4572,4877,True,True,Ready Yet,Ready Yet,278839058,Mokita,Mokita,Mokita,Ready Yet - Single,Ready Yet - Single,Mokita,48,49,0,1,1,1,1,1,153051,2020-10-09 12:00:00,2020-12-05 08:26:08,2020-12-05 07:51:06,V.M,English,Pop,English Dance,Dance.Influenced,1599432690,US3DF2089639,Music116/v4/a4/41/0c/a4410c9a-418b-4e3c-7c2b-1ba92c76d3d9/067003256964.png
372,4504,4809,True,True,Nights With You,Nights With You,285266258,Nicky Romero,Nicky Romero,Nicky Romero,Nights With You,Nights With You - EP,Nicky Romero,66,69,0,3,1,1,1,3,149315,2020-10-09 12:00:00,2020-12-05 08:26:08,2020-12-05 07:52:26,V.M,English,Dance,English Dance,Bass.FutureBass,"1533358037, 1539391621",NLUW22001071,Music114/v4/3d/7f/58/3d7f58fb-3253-c0be-b588-757b791a2aab/20UMGIM75439.rgb.jpg
373,4108,4413,True,True,Better Off Lonely (feat. RØRY),Better Off Lonely (feat. RØRY),"1060269286, 1422050233","NURKO, RØRY",Nurko,Nurko,Better Off Lonely - Single,Better Off Lonely - Single,Nurko,63,68,0,5,1,1,1,1,270132,2020-08-21 12:00:00,2020-12-05 08:26:08,2020-12-05 07:53:34,V.F,English,Dance,English Dance,Dubstep.MelodicDubstep,1663823690,USA2P2028676,Music113/v4/28/ee/c8/28eec8b8-1b28-2c1e-8fd0-a64753a94582/192641539688_.jpg
374,4474,4779,True,True,Misery,Misery,1196418866,RUNN,RUNN,RUNN,Misery - Single,Handle with Care - EP,RUNN,57,57,0,0,1,1,2,5,160287,2020-08-17 12:00:00,2020-12-05 08:26:08,2020-12-05 07:54:23,V.F,English,Pop,English Dance,Dance.Influenced,1700469824,USA2P2025404,Music126/v4/04/63/13/0463134c-d819-7ca2-e3d0-efe612e87c6a/192641552755.png
375,4630,4935,True,True,Since Loving You,Since Loving You,1196418866,RUNN,RUNN,RUNN,Handle With Care,Handle with Care - EP,RUNN,56,56,0,0,1,1,4,5,165825,2020-09-25 12:00:00,2020-12-05 08:26:08,2020-12-05 07:55:22,V.F,English,Pop,English Dance,Dance.Influenced,1700470097,USA2P2031405,Music126/v4/04/63/13/0463134c-d819-7ca2-e3d0-efe612e87c6a/192641552755.png
376,4514,4819,True,True,Northern Lights,Northern Lights,6009765,Ryan Farish,Ryan Farish,Ryan Farish,Life in Stereo,Life in Stereo,Ryan Farish,56,61,0,5,1,1,4,18,329116,2012-12-04 12:00:00,2020-12-05 08:27:03,2020-12-05 07:57:25,A,-,Dance,Dubstep,Dubstep.Chillstep,583175214,TCABK1266068,Music124/v4/88/56/eb/8856eb0f-877f-96c0-3f6a-a4ea58203e1a/859708784640_cover.jpg
377,4376,4681,False,True,i'm glad that you found someone (feat. gnash),i'm glad that you found someone (feat. gnash),,,sad alex,sad alex,i'm glad that you found someone - Single,i'm glad that you found someone - Single,sad alex,44,45,0,1,1,,,,138475,2020-10-02 12:00:00,2020-12-05 08:26:08,2020-12-05 07:58:25,,,,English Indie,,1530983910,USP6L2000534,
378,4824,5129,False,True,Worth Living For (feat. Olivver the Kid & Levi The Poet),Worth Living For (feat. Olivver the Kid & Levi The Poet),,,Said The Sky,Said The Sky,Worth Living For - Single,Worth Living For - Single,Said The Sky,43,43,0,0,1,,,,199888,2020-09-08 12:00:00,2020-12-05 08:26:08,2020-12-05 07:59:11,,,,English Indie,,1529379628,USHR22013701,
379,4610,4915,False,True,See Me Cry (feat. Merseh),See Me Cry (feat. Merseh),,,Sleepwalkers,Sleepwalkers,Community,Community,Sleepwalkers,40,40,0,0,1,,,,220003,2020-09-18 12:00:00,2020-12-05 08:26:08,2020-12-05 08:00:08,,,,English Dance,,1529901412,CYA112000637,
380,4492,4797,False,True,Nevada (feat. Cozi Zuehlsdorff),Nevada (feat. Cozi Zuehlsdorff),,,Vicetone,Vicetone,Nevada - Single,Nevada - Single,Vicetone,42,42,0,0,1,,,,208744,2016-06-24 12:00:00,2020-12-05 08:26:08,2020-12-05 08:00:48,,,,English Dance,,1449662834,CA6D21600175,
381,4770,5075,True,True,Walk Thru Fire (feat. Meron Ryan),Walk Thru Fire (feat. Meron Ryan),"586782209, 680184185","Vicetone, Meron Ryan",Vicetone,Vicetone,Walk Thru Fire - Single,Walk Thru Fire - Single,Vicetone,51,51,0,0,1,1,1,1,194533,2018-08-03 12:00:00,2020-12-05 08:26:08,2020-12-05 08:01:23,V.F,English,Dance,English Dance,House.FutureHouse,"1413528456, 1804444594",CA6D21800176,Music115/v4/fc/95/24/fc952432-3a6e-b38b-1ae3-1f555c45baa8/859727680299.png
382,4068,4373,True,True,Astronomia (feat. Tony Igy),Astronomia (feat. Tony Igy),"586782209, 480334695","Vicetone, Tony Igy",Vicetone,Vicetone,Astronomia - Single,Astronomia - Single,Vicetone,47,47,0,0,1,1,1,1,198321,2016-09-16 00:00:00,2020-12-05 08:27:03,2020-12-05 08:01:57,A,-,Dance,House,House.ElectroHouse,1274300446,DK4YA1609401,Music124/v4/61/70/24/6170245a-cf39-29a5-a4e4-553f84bb86c4/886446088099.jpg
383,4272,4577,True,True,flyby. (feat. Mokita),flyby. (feat. Mokita),"778104083, 278839058","Virginia To Vegas, Mokita",Virginia To Vegas,Virginia To Vegas,"don't wake me, i'm dreaming","don't wake me, i'm dreaming - EP",Virginia To Vegas,57,57,0,0,1,1,3,6,185573,2020-10-30 12:00:00,2020-12-05 08:26:08,2020-12-05 08:05:14,V.M,English,Pop,English Indie,,1536058126,CA0K52000022,Music124/v4/24/3e/f8/243ef8d4-8a92-622c-991d-46a2a9af41b6/20UMGIM85474.rgb.jpg
384,4226,4531,True,True,Drown The Sky (feat. RØRY),Drown The Sky (feat. RØRY),"1297084102, 1422050233","William Black, RØRY",William Black,William Black,Pages,Pages,William Black,87,94,0,7,1,1,4,10,217129,2019-08-14 12:00:00,2020-12-05 08:26:08,2020-12-05 08:05:58,V.F,English,Dance,English Dance,Bass.MelodicBass,1652371771,GBKPL1959567,Music122/v4/b1/27/0b/b1270bc7-7fb7-25fc-c668-42fa32015c05/cover.jpg
385,4700,5005,True,True,Take Me (feat. RUNN & Matte),Take Me (feat. RUNN & Matte),"1297084102, 1196418866, 1473969406","William Black, RUNN, Matte",William Black,William Black,Universe,Universe - EP,William Black,126,144,0,18,1,1,4,5,192287,2018-07-27 12:00:00,2020-12-05 08:26:08,2020-12-05 08:06:50,V.F,English,Dance,English Dance,Dubstep.MelodicDubstep,1630196299,QM24S1821574,Music122/v4/8c/69/31/8c6931e5-4c1f-900b-7e13-8ac0601f09f8/cover.jpg
386,4264,4569,True,True,Firelight (feat. MEDZ),Firelight (feat. MEDZ),"1434980841, 1490490040","WRATHE, MEDZ",WRATHE,WRATHE,Firelight - Single,Firelight - Single,WRATHE,70,79,0,9,1,1,1,1,207438,2020-10-23 12:00:00,2020-12-05 08:26:08,2020-12-05 08:08:19,V.M,English,Dance,English Dance,Dubstep.MelodicDubstep,1535686545,GB2LD2010222,Music124/v4/5f/55/aa/5f55aaa0-f1ca-bd55-1aca-51745a60f60d/cover.jpg
387,4384,4689,False,True,Inside Out (feat. Griff),Inside Out (feat. Griff),,,Zedd,Zedd,Inside Out - Single,Inside Out - Single,Zedd,43,43,0,0,1,,,,186357,2020-10-23 12:00:00,2020-12-05 08:26:08,2020-12-05 08:08:54,,,,English Dance,,1535987324,USUM72019501,
388,3658,3963,True,True,忘記你 (feat. Tyson Yoshi),忘記你 (feat. Tyson Yoshi),"1052525542, 1434795872","派偉俊, Tyson Yoshi",派偉俊,派偉俊,忘記你 - Single,忘記你 - Single,"派偉俊, Tyson Yoshi",49,49,0,0,1,1,1,1,171102,2020-05-15 12:00:00,2020-12-05 08:25:25,2021-03-29 10:57:42,V.M,Mandarin,R&B/Soul,Mando Pop,,1512083588,TWL252007201,Music123/v4/a8/1a/79/a81a79c5-e890-06ed-f9b0-fd3b56d356b1/dj.fzsoyfgq.jpg
389,4144,4449,True,True,Can We Go Back (feat. Exede),Can We Go Back (feat. Exede),"350247425, 1237729767","Caslow, Exede",Caslow,Caslow,Days of Our Youth - Single,Days of Our Youth - Single,"Caslow, Exede",100,111,0,11,1,1,2,3,213890,2020-10-16 12:00:00,2020-12-05 08:26:08,2021-01-26 07:56:42,V.M,English,Dance,English Dance,Bass.FutureBass,1536887777,GB2LD2010213,Music124/v4/d7/62/75/d7627504-e0d4-1b01-a856-f5517c52eae3/cover.jpg
390,4166,4471,True,True,City Lights (feat. Exede),City Lights (feat. Exede),"350247425, 1237729767","Caslow, Exede",Caslow,Caslow,Days of Our Youth - Single,Days of Our Youth - Single,"Caslow, Exede",95,94,1,1,1,1,3,3,187846,2020-10-02 12:00:00,2020-12-05 08:26:08,2021-01-26 07:56:43,V.M,English,Pop,English Dance,Dance.Influenced,1536887780,GB2LD2010205,Music124/v4/d7/62/75/d7627504-e0d4-1b01-a856-f5517c52eae3/cover.jpg
391,4200,4505,True,True,Days of Our Youth (feat. Exede),Days of Our Youth (feat. Exede),"350247425, 1237729767","Caslow, Exede",Caslow,Caslow,Days of Our Youth - Single,Days of Our Youth - Single,"Caslow, Exede",104,114,0,10,1,1,1,3,187820,2020-10-30 12:00:00,2020-12-05 08:26:08,2021-01-26 07:56:43,V.M,English,Dance,English Dance,Bass.FutureBass,1536887774,GB2LD2010234,Music124/v4/d7/62/75/d7627504-e0d4-1b01-a856-f5517c52eae3/cover.jpg
392,4594,4899,True,True,Safe With You (feat. dreamr. & Emily McNally),Safe With You (feat. dreamr. & Emily McNally),"280673915, 1566190378, 1033676377","Catchphrase, dreamr., Emily McNally",Catchphrase,Catchphrase,Safe With You - Single,Safe With You - Single,"Catchphrase, dreamr., Emily McNally",71,73,0,2,1,1,1,1,188421,2020-09-18 12:00:00,2020-12-05 08:26:08,2021-01-26 07:59:52,V.F,English,Dance,English Dance,Bass.FutureBass,1531366463,GB2LD2010189,Music114/v4/0b/43/b7/0b43b7e0-8de3-0016-8a7f-4fe746b9ce79/cover.jpg
393,4650,4955,True,True,Something New (feat. Johnny Van Der Velden & Cypert),Something New (feat. Johnny Van Der Velden & Cypert),"350247425, 1434418642, 1393219125","Caslow, Johnny Van Der Velden, Cypert",Caslow,Caslow,Something New - Single,Something New - Single,"Caslow, Johnny Van Der Velden, Cypert",95,103,0,8,1,1,1,1,210808,2020-08-20 12:00:00,2020-12-05 08:26:08,2021-01-26 07:58:23,V.M,English,Dance,English Dance,Bass.FutureBass,1527382671,GB2LD2010155,Music124/v4/13/68/b5/1368b533-bc49-08a2-9960-1a2bf3ea1c30/cover.jpg
394,4692,4997,False,True,Sweet but Psycho,Sweet but Psycho,,,Ava Max,Ava Max,Heaven & Hell,Heaven & Hell,Ava Max,37,37,0,0,1,,16,16,187715,2018-08-17 12:00:00,2020-12-05 08:26:08,2021-01-26 07:14:42,,,,English Pop,,1538214889,USAT21802011,
395,3612,3917,False,True,他只是經過 (feat. Felix Bennett),他只是經過 (feat. Felix Bennett),,,h3R3,h3R3,他只是經過 - Single,他只是經過 - Single,,9,9,0,0,,,,,215510,2020-01-01 00:00:00,2020-12-20 00:11:00,2021-03-29 10:42:31,,,,Mando Pop,,,,
396,3712,4017,False,True,刻在我心底的名字,刻在我心底的名字,,,盧廣仲,盧廣仲,刻在我心底的名字 (電影《刻在你心底的名字》主題曲),刻在我心底的名字 (電影《刻在你心底的名字》主題曲),,15,15,0,0,,,,,314148,2020-08-25 12:00:00,2020-12-20 00:11:00,2021-03-29 10:59:35,,,,Mando Pop,,,,
397,3624,3929,False,True,因你而在,因你而在,,,林俊傑,林俊傑,因你而在,因你而在,,5,5,0,0,,,,,312084,2013-01-01 00:00:00,2020-12-20 00:11:00,2021-03-29 10:54:16,,,,Mando Pop,,1694849135,TWA531398001,
398,3982,4287,False,True,學不會,學不會,,,林俊傑,林俊傑,學不會,學不會,,15,15,0,0,,,,,229694,2011-12-30 12:00:00,2020-12-20 00:11:00,2021-03-29 10:54:46,,,,Mando Pop,,1663699421,TWA531107002,
399,3818,4123,False,True,將故事寫成我們,將故事寫成我們,,,林俊傑,林俊傑,將故事寫成我們 - Single,將故事寫成我們 - Single,林俊傑,13,13,0,0,,,,,337110,2019-09-20 12:00:00,2020-12-20 00:11:00,2021-03-29 10:54:58,,,,Mando Pop,,1664063686,TWA531901551,
400,3584,3889,False,True,小酒窩 (feat. 蔡卓妍),小酒窩 (feat. 蔡卓妍),,,林俊傑,林俊傑,JJ陸,JJ陸,林俊傑,7,7,0,0,1,1,3,11,238968,2008-01-01 00:00:00,2020-12-20 00:11:00,2021-03-29 10:53:44,,,,Mando Pop,,1071752115,TWB670805203,
401,3918,4223,False,True,愛笑的眼睛,愛笑的眼睛,,,林俊傑,林俊傑,她說,她說,,12,12,0,0,,,,,253675,2010-12-08 12:00:00,2020-12-20 00:11:00,2021-03-29 10:54:40,,,,Mando Pop,,1071506930,TWB671005202,
402,3644,3949,False,True,江南,江南,,,林俊傑,林俊傑,第二天堂(江南),第二天堂(江南),,11,11,0,0,,,,,268068,2004-06-04 12:00:00,2020-12-20 00:11:00,2021-03-29 10:55:16,,,,Mando Pop,,1071753628,TWB670401206,
403,3934,4239,False,True,當你,當你,,,王心凌,王心凌,Begin,Begin,,9,10,0,1,,,,,200202,2003-02-24 08:00:00,2020-12-20 00:11:00,2021-03-29 10:58:49,,,,Mando Pop,,1504638070,TWEP10300003,
404,3782,4087,False,True,背對背擁抱,背對背擁抱,,,林俊傑,林俊傑,100天,100天,,11,11,0,0,,,,,239046,2009-03-09 12:00:00,2020-12-20 00:11:00,2021-03-29 10:55:21,,,,Mando Pop,,1071517710,TWB670904205,
405,3856,4161,False,True,連名帶姓,連名帶姓,,,張惠妹,張惠妹,偷故事的人,偷故事的人,,11,11,0,0,,,,,326556,2017-12-06 12:00:00,2020-12-20 00:11:00,2021-03-29 10:50:38,,,,Mando Pop,,1834199249,TWU971702006,
406,4042,4347,True,True,All We Know (feat. Phoebe Ryan),All We Know (feat. Phoebe Ryan),"580391756, 725170786","The Chainsmokers, Phoebe Ryan",The Chainsmokers,The Chainsmokers,Collage - EP,Collage - EP,The Chainsmokers,57,56,1,1,1,1,2,5,195735,2016-09-29 07:00:00,2020-12-20 00:13:19,2020-12-20 11:18:01,V.X,English,Dance,English Dance,Bass.FutureBass,1170699702,USQX91602153,Music125/v4/41/f8/38/41f8380b-9b56-d5d4-31f7-a6411c0c9aaa/886446102054.jpg
407,4080,4385,True,True,Bad,Bad,278839058,Mokita,Mokita,Mokita,Bad - Single,Bad - Single,Mokita,48,48,0,0,1,1,1,1,170684,2020-06-12 12:00:00,2020-12-20 00:13:19,2020-12-20 08:29:35,V.M,English,Pop,English Dance,Dance.Influenced,1599367942,TCAEW2083101,Music126/v4/e4/29/c4/e429c494-4819-b1fd-e70d-aa7aad82e666/067003257169.png
408,4116,4421,True,True,Body Back (feat. Maia Wright) [VIP Remix],Body Back (feat. Maia Wright) [VIP Remix],"953311187, 1228100112","Gryffin, Maia Wright",Gryffin,Gryffin,Gravity (Deluxe),Gravity (Deluxe),Gryffin,125,136,0,11,2,2,2,7,215301,2020-12-10 00:00:00,2020-12-20 00:13:19,2021-01-17 03:16:32,V.F,English,Dance,English Dance,Bass.FutureBass,1543107136,USUM72005561,Music124/v4/78/5e/1a/785e1acf-9cd1-c088-79dc-55ab0f50f9d3/20UM1IM11387.rgb.jpg
409,4128,4433,True,True,Broken Glass (feat. Merseh),Broken Glass (feat. Merseh),"1462475034, 1494281686","SABAI, Merseh",Sabai,SABAI,Broken Glass - Single,Where It All Began - EP,SABAI,62,64,0,2,1,1,3,4,204120,2020-06-05 12:00:00,2020-12-20 00:13:19,2020-12-20 09:06:07,V.F,English,Dance,English Dance,Bass.FutureBass,"1512861178, 1534395761",CA6D22000134,Music124/v4/e5/d5/be/e5d5be21-d35d-a448-0088-22c42da20623/703980552032.png
410,4130,4435,True,True,Bulletproof (Caslow Remix),Bulletproof (Caslow Remix),"885439866, 350247425","ARMNHMR, Caslow",ARMNHMR,ARMNHMR,The Free World (Remixes),The Free World (Remixes),ARMNHMR,56,57,0,1,1,1,17,18,202788,2020-06-19 12:00:00,2020-12-20 00:13:19,2020-12-20 07:28:52,V.F,English,Dance,English Dance,Bass.FutureBass,1514185822,USDM32022917,Music124/v4/4c/cb/f7/4ccbf75f-b8e5-f2a8-f891-72afa0511932/810012534628.png
411,4178,4483,False,True,Control (NOTD Remix),Control (NOTD Remix),,,Zoe Wees,Zoe Wees,Control (Remixes),Control (Remixes),Zoe Wees,39,39,0,0,1,,,,202109,2020-07-10 12:00:00,2020-12-20 00:13:19,2020-12-20 11:34:22,,,,English Dance,,1523849105,GB2DY2000354,
412,4228,4533,False,True,Drunk On Emotions,Drunk On Emotions,,,Clara Mae,Clara Mae,Drunk On Emotions,Drunk On Emotions,Clara Mae,36,36,0,0,1,,,,193044,2020-06-26 12:00:00,2020-12-20 00:13:19,2020-12-20 07:40:00,,,,English Pop,,1527991248,USAT22003624,
413,4256,4561,True,True,Faith (feat. Dia Frampton) [Caslow Remix],Faith (feat. Dia Frampton) [Caslow Remix],"1060269286, 432647731, 350247425","NURKO, Dia Frampton, Caslow",Nurko,Nurko,Faith (The Remixes),Faith (The Remixes) [feat. Dia Frampton] - EP,NURKO,70,71,0,1,1,1,6,6,231209,2020-07-24 12:00:00,2020-12-20 00:13:19,2020-12-20 08:35:32,V.F,English,Dance,English Dance,Bass.MelodicBass,1659516786,USA2P2024931,Music112/v4/91/b9/8c/91b98ce8-a471-cddd-511a-a19f2516275e/192641522413_.jpg
414,4286,4591,False,True,Funny (feat. Jasmine Thompson),Funny (feat. Jasmine Thompson),,,Zedd,Zedd,Funny - Single,Funny - Single,Zedd,36,36,0,0,1,,,,221831,2020-07-17 12:00:00,2020-12-20 00:13:19,2020-12-20 11:32:24,,,,English Dance,,1514505153,USAT22003344,
415,4296,4601,True,True,Glue (Fells Remix),Glue (Fells Remix),"292655177, 1464955650","BKAYE, Fells",BKAYE,BKAYE,Glue (The Remixes),Glue (The Remixes) - Single,BKAYE,52,51,1,1,1,1,2,3,166086,2020-05-14 12:00:00,2020-12-20 00:13:19,2020-12-20 07:31:45,V.F,English,Pop,English Dance,Dance.Influenced,1638197543,GBKPL2001976,Music112/v4/85/a5/7d/85a57d71-4f7e-7f9d-3de6-b1307744e47f/cover.jpg
416,4314,4619,False,True,Handle With Care,Handle With Care,,,RUNN,RUNN,Handle With Care - Single,Handle With Care - Single,RUNN,38,38,0,0,1,,,,162690,2020-07-10 12:00:00,2020-12-20 00:13:19,2020-12-20 08:43:09,,,,English Dance,,1700469823,USA2P2023108,
417,4338,4643,True,True,Home (feat. Melissa Lamm),Home (feat. Melissa Lamm),"1503350802, 1242622410","Arize, Melissa Lamm",Arize,Arize,Home - Single,Home - Single,Arize,54,56,0,2,1,1,1,1,199627,2020-07-09 12:00:00,2020-12-20 00:13:19,2020-12-20 07:25:38,V.F,English,Dance,English Dance,Bass.FutureBass,1522562297,GB2LD2010123,Music114/v4/d1/9b/ee/d19bee70-2a1d-e2da-e525-aa87abe89f7c/cover.jpg
418,4410,4715,True,True,Leave It All Behind (feat. Fagin) [Nurko Remix],Leave It All Behind (feat. Fagin) [Nurko Remix],"855763579, 262747674, 1060269286","Trivecta, Fagin, NURKO",Trivecta,Trivecta,Everyday (Remixes),Everyday (Remixes) - EP,Trivecta,47,50,0,3,1,1,1,4,241554,2020-07-10 12:00:00,2020-12-20 00:13:19,2020-12-20 11:30:44,V.F,English,Dance,English Dance,Dubstep.MelodicDubstep,1806751356,GBEWA1906851,Music221/v4/f4/8f/15/f48f1598-247a-2344-6d6d-f0bf8a1949af/5039060528891.jpg
419,4432,4737,True,True,Lose Somebody (feat. OneRepublic),Lose Somebody (feat. OneRepublic),"635806094, 260414340","Kygo, OneRepublic",Kygo,Kygo,Golden Hour,Golden Hour,Kygo,46,47,0,1,1,1,2,18,199915,2020-05-15 12:00:00,2020-12-20 00:13:19,2020-12-20 08:20:34,V.M,English,Dance,English Dance,Bass.FutureBass,1513224622,SEBGA2000398,Music124/v4/7e/45/0d/7e450def-fa0d-02c1-5cff-206534f88faf/886448458449.jpg
420,4444,4749,False,True,Love Somebody,Love Somebody,,,Lauv,Lauv,Without You,Without You,Lauv,31,31,0,0,1,,,,142915,2020-06-24 12:00:00,2020-12-20 00:13:19,2020-12-20 08:23:47,,,,English Pop,,1521827113,GBKPL2008404,
421,4496,4801,True,True,Never Giving Up (feat. Exede),Never Giving Up (feat. Exede),"1019528519, 1237729767","GhostDragon, Exede",GhostDragon,GhostDragon,Never Giving Up - Single,Never Giving Up - Single,GhostDragon,93,103,0,10,1,1,1,1,173165,2020-07-23 12:00:00,2020-12-20 00:13:19,2020-12-20 07:47:51,V.M,English,Dance,English Dance,Bass.FutureBass,1524143590,GB2LD2010132,Music114/v4/b7/fa/45/b7fa4541-5b18-c2d3-6cbd-ba22590872d4/cover.jpg
422,4544,4849,False,True,Overused (feat. gnash),Overused (feat. gnash),,,Clara Mae,Clara Mae,Drunk On Emotions,Drunk On Emotions,Clara Mae,37,37,0,0,1,,,,161332,2020-05-22 12:00:00,2020-12-20 00:13:19,2020-12-20 07:40:00,,,,English Pop,,1527991245,USAT22001242,
423,4568,4873,False,True,Put Me Back Together (feat. Kiiara),Put Me Back Together (feat. Kiiara),,,Cheat Codes,Cheat Codes,Put Me Back Together - Single,Put Me Back Together - Single,Cheat Codes,46,45,1,1,1,1,1,1,223895,2018-01-01 00:00:00,2020-12-20 00:13:19,2020-12-20 07:37:33,V.F,English,Dance,English Dance,Bass.FutureBass,,,
424,4576,4881,True,True,Rescue (feat. Luke Anders),Rescue (feat. Luke Anders),"1439434309, 983858285","HGHLND, Luke Anders",HGHLND,HGHLND,Rescue - Single,Rescue - Single,HGHLND,62,68,0,6,1,1,1,1,168907,2020-06-25 12:00:00,2020-12-20 00:13:19,2020-12-20 08:07:52,V.F,English,Dance,English Dance,Dubstep.MelodicDubstep,1518839704,GB2LD2010096,Music221/v4/fd/eb/33/fdeb3353-5419-2267-c823-05e282cc87e1/5055199551197.png
425,4588,4893,True,True,Roses (feat. ROZES),Roses (feat. ROZES),"580391756, 992241067","The Chainsmokers, ROZES",The Chainsmokers,The Chainsmokers,Memories...Do Not Open,Bouquet - EP,The Chainsmokers,49,48,1,1,1,1,1,5,230765,2015-06-16 07:00:00,2020-12-20 00:13:19,2021-01-26 08:06:27,V.F,English,Dance,English Dance,Bass.FutureBass,1050203620,USQX91500801,Music115/v4/5e/5c/ea/5e5cead2-a482-48ef-8134-f725c2b49202/mzm.lydeceiv.jpg
426,4608,4913,False,True,Secrets (feat. RUNN),Secrets (feat. RUNN),,,Hahlweg,Hahlweg,Calm & Calamity,Calm & Calamity,Hahlweg,40,40,0,0,1,,,,233743,2020-07-20 12:00:00,2020-12-20 00:13:19,2020-12-20 08:04:47,,,,English Dance,,,,
427,4620,4925,False,True,Shed A Light (feat. David Guetta & Cheat Codes),Shed A Light (feat. David Guetta & Cheat Codes),,,Robin Schulz,Robin Schulz,Uncovered,Uncovered,Robin Schulz,45,45,0,0,1,,,,192365,2016-11-25 08:00:00,2020-12-20 00:13:19,2020-12-20 08:41:37,,,,English Dance,,1234278475,DEA621602185,
428,4634,4939,False,True,Slow Grenade (feat. Lauv),Slow Grenade (feat. Lauv),,,Ellie Goulding,Ellie Goulding,Brightest Blue - EG.0,Brightest Blue - EG.0,Ellie Goulding,45,45,0,0,1,,,,217861,2020-07-02 12:00:00,2020-12-20 00:13:19,2020-12-20 07:45:31,V.X,English,Pop,English Pop,,,,
429,4706,5011,True,True,"Takeaway (feat. ILLENIUM, Lennon Stella)","Takeaway (feat. ILLENIUM, Lennon Stella)","580391756, 645420096, 360635055","The Chainsmokers, ILLENIUM, Lennon Stella",The Chainsmokers,The Chainsmokers,World War Joy,World War Joy,The Chainsmokers,51,50,1,1,1,1,6,10,206053,2019-07-27 07:00:00,2020-12-20 00:13:19,2020-12-20 11:25:28,V.X,English,Dance,English Dance,Bass.FutureBass,"1468053678, 1489350662",USQX91901353,Music125/v4/aa/7c/54/aa7c54ad-35b0-fc35-caf5-07eaf30baca6/886448164586.jpg
430,4758,5063,False,True,Wait No More,Wait No More,,,Scott Helman,Scott Helman,Nonsuch Park (sa),Nonsuch Park (sa),Scott Helman,20,20,0,0,1,,,,164989,2020-05-29 12:00:00,2020-12-20 00:13:19,2020-12-20 11:11:45,,,,English Pop,,1522703957,CAW112000131,
431,4764,5069,True,True,Waiting (feat. Kaylie Foster),Waiting (feat. Kaylie Foster),"350247425, 1188957494","Caslow, Kaylie Foster",Caslow,Caslow,Waiting - Single,Waiting - Single,Caslow,73,74,0,1,1,1,1,1,239360,2020-04-16 12:00:00,2020-12-20 00:13:19,2020-12-20 07:34:23,V.F,English,Pop,English Dance,Dance.Influenced,1507233036,GB2LD2010042,Music113/v4/39/3d/4a/393d4a0e-025a-cb45-8db1-b1d0db1694bc/cover.jpg
432,4768,5073,False,True,Waking Up (feat. Carly Paige),Waking Up (feat. Carly Paige),,,Grumbae,Grumbae,Waking Up - Single,Waking Up - Single,Grumbae,39,39,0,0,1,1,1,1,175908,2020-01-01 00:00:00,2020-12-20 00:13:19,2020-12-20 07:50:10,,,,English Dance,,,,
433,4774,5079,False,True,Wasted Makeup,Wasted Makeup,,,Dylan Conrique,Dylan Conrique,Baby Blue,Baby Blue,Dylan Conrique,29,29,0,0,1,,,,216607,2020-08-26 12:00:00,2020-12-20 00:13:19,2020-12-20 07:41:38,,,,English Pop,,1537188430,ZZOPM2003048,
434,4806,5111,False,True,Wildlife (feat. Karra),Wildlife (feat. Karra),,,Jauz,Jauz,Wildlife - Single,Wildlife - Single,Jauz,39,39,0,0,1,,,,212715,2020-06-25 12:00:00,2020-12-20 00:13:19,2020-12-20 08:09:20,,,,English Dance,,1518646442,USAT22003787,
435,4682,4987,True,True,stockholm's a ghost town,stockholm's a ghost town,657289713,sad alex,sad alex,sad alex,stockholm's a ghost town - Single,stockholm's a ghost town - Single,sad alex,55,55,0,0,1,1,1,1,170736,2020-03-20 12:00:00,2020-12-20 00:13:19,2020-12-20 10:45:53,V.F,English,Pop,English Indie,,1516084293,USP6L2000505,Music115/v4/9b/bd/96/9bbd9684-b408-1424-c382-35cec015e513/844942079805.jpg
436,4836,5141,True,True,you heard me,you heard me,968949202,Heather Sommer,Heather Sommer,Heather Sommer,you heard me - Single,you heard me - Single,Heather Sommer,47,48,0,1,1,1,1,1,179017,2020-12-04 00:00:00,2020-12-20 00:13:19,2020-12-20 08:06:10,V.F,English,Dance,English Dance,Trap,1539807944,QMEZE1948942,Music114/v4/3b/3a/d8/3b3ad8b1-2f20-5e63-8d1e-1ae89d86dac8/5059033592322.png
437,4210,4515,True,True,DNA,DNA,883131348,BTS,BTS,防彈少年團,Love Yourself 結 'Answer',Love Yourself 結 'Answer',BTS,42,42,0,0,1,2,4,16,222223,2017-09-18 12:00:00,2020-12-20 00:16:36,2021-01-26 07:33:41,V.M,Korean,Pop,K Pop,Dance.Influenced,1598730623,QM6MZ1886133,Music126/v4/ff/00/2c/ff002c29-6da9-1a26-16b3-282a73180366/192562871591_Cover.jpg
438,4258,4563,True,True,Fake Love,Fake Love,883131348,BTS,BTS,防彈少年團,Love Yourself 結 'Answer',Love Yourself 結 'Answer',BTS,83,83,0,0,1,2,9,16,242703,2018-05-18 12:00:00,2020-12-20 00:16:36,2021-01-26 07:35:09,V.M,Korean,Pop,K Pop,Rap.Influenced,1598730630,"QM6MZ1886138, QM6MZ1886145",Music126/v4/ff/00/2c/ff002c29-6da9-1a26-16b3-282a73180366/192562871591_Cover.jpg
439,4570,4875,False,True,Q&A (feat. Ailee),Q&A (feat. Ailee),,,SEVENTEEN,SEVENTEEN,Q&A - Single,Q&A - Single,SEVENTEEN,28,28,0,0,1,1,1,1,244610,2015-01-01 00:00:00,2020-12-20 00:16:36,2020-12-20 11:16:13,,,,K Pop,,,,
440,4342,4647,True,True,Hopes and Fears,Hopes and Fears,6009765,Ryan Farish,Ryan Farish,Ryan Farish,Life in Stereo,Life in Stereo,Ryan Farish,54,60,0,6,1,1,5,18,325433,2012-12-04 12:00:00,2020-12-20 00:16:51,2020-12-20 08:44:52,A,-,Dance,Dubstep,Dubstep.Chillstep,583175215,TCABI1265050,Music124/v4/88/56/eb/8856eb0f-877f-96c0-3f6a-a4ea58203e1a/859708784640_cover.jpg
441,4386,4691,True,True,Instant,Instant,1466867564,Nettson,Nettson,Nettson,Instant - Single,Instant - Single,Nettson,64,69,0,5,1,1,1,1,204355,2020-08-16 12:00:00,2020-12-20 00:16:51,2020-12-20 08:32:06,A,-,Dance,House,House.TropicalHouse,1527065691,QZK6N2026999,Music124/v4/84/cd/79/84cd7967-9104-8ef7-2970-721f48170543/artwork.jpg
442,4436,4741,True,True,Lost My Mind,Lost My Mind,1434418642,Johnny Van Der Velden,Johnny Van Der Velden,Johnny Van Der Velden,Lost My Mind - Single,Lost My Mind - Single,Johnny Van Der Velden,141,151,0,10,1,1,1,1,206315,2019-02-28 12:00:00,2020-12-20 00:16:51,2020-12-20 08:11:32,A,-,Dance,Future Bass,Bass.MelodicBass,1453992992,QZDA71973328,Music124/v4/8a/49/d3/8a49d3c5-588e-bfd2-879c-02d1222c2eb1/artwork.jpg
443,4644,4949,True,True,Someday,Someday,333815122,Roa,Roa,Roa,Someday - Single,Someday - Single,Roa,119,136,0,17,1,1,1,1,212297,2020-12-02 00:00:00,2020-12-20 00:16:51,2020-12-20 08:38:38,A,-,Dance,House,House.TropicalHouse,1541951111,QZNWU2062037,Music114/v4/61/70/ef/6170efec-01e7-e72c-66c3-6d5641f7f166/artwork.jpg
444,4688,4993,True,True,Summer Breeze (feat. Jordan Kelvin James),Summer Breeze (feat. Jordan Kelvin James),"611180201, 972949068","Tobu, Jordan Kelvin James",Tobu,Tobu,Summer Breeze - Single,Summer Breeze - Single,Tobu,53,54,0,1,1,1,1,1,210520,2015-01-23 12:00:00,2020-12-20 00:16:51,2020-12-20 11:28:09,A,-,Dance,House,House.TropicalHouse,1537452830,GBSMU1958569,Music124/v4/b1/5e/a9/b15ea908-f583-a71d-d66c-c4a0bf4fd79a/b49831ec-90d0-452f-ab0f-5515c1420c05.jpg
445,4734,5039,True,True,Toch,Toch,1561567953,Sapajou,Sapajou,Sapajou,Toch - Single,"Until Now, Vol. 1",Sapajou,52,53,0,1,1,1,5,26,153103,2020-09-30 00:00:00,2020-12-20 00:16:51,2020-12-20 11:06:31,A,-,Instrumental,House,,1561569557,,Music124/v4/0d/52/43/0d5243bf-73b0-fe76-792a-cb9d468dd3bf/198000017156.jpg
446,4822,5127,True,True,Work it out,Work it out,1442196233,LiQWYD,LiQWYD,LiQWYD,Work it out - Single,Work it out - Single,LiQWYD,78,83,0,5,1,1,1,1,195526,2020-11-20 00:00:00,2020-12-20 00:16:51,2020-12-20 08:25:49,A,-,Dance,House,House.TropicalHouse,1539012175,QZJRC2065773,Music114/v4/01/91/93/019193d4-f2ba-9b94-e50a-d1683b64cb0f/artwork.jpg
447,3784,4089,False,True,致青春,致青春,,,831,831,致青春 - Single,致青春 - Single,,27,27,0,0,,,,,209893,2018-01-01 00:00:00,2020-12-31 15:58:56,2021-03-29 10:44:34,,,,Mando Rock,,,,
448,4034,4339,False,True,All about you (feat. Cnballer & Cloud Wang),All about you (feat. Cnballer & Cloud Wang),,,DP龙猪,DP龙猪,All About You - Single,All About You - Single,,8,8,0,0,,,,,203781,2017-03-16 12:00:00,2020-12-31 16:20:18,2021-03-29 10:42:27,,,,Mando Hip-Hop/Rap,,1215186526,FR2X41714610,
449,4172,4477,False,True,Come Back to Me,Come Back to Me,,,AC 周予天,周予天,YOU,You - EP,,37,37,0,0,1,1,3,6,249417,2015-10-30 12:00:00,2020-12-31 16:20:18,2021-03-29 10:42:13,,,,Mando Pop,,1052774045,CNE041500161,
450,4222,4527,True,True,Don't Wanna Lie (feat. 8lak & Hosea),Don't Wanna Lie (feat. 8lak & Hosea),"1052525542, 1459813950, 1502933501","派偉俊, 8lak, Hosea",派偉俊,派偉俊,燥熱,燥熱,派偉俊,91,91,0,0,1,1,5,10,174942,2020-02-21 12:00:00,2020-12-31 16:20:18,2021-03-29 10:58:02,V.M,Mandarin,Hip Hop/Rap,Mando Pop,,"1499056397, 1536263379",TWL252007101,Music124/v4/97/b2/a8/97b2a85d-c08f-9781-7b87-e022633a6a57/Untitled.jpg
451,4270,4575,False,True,Fly Out,Fly Out,,,兄弟本色,兄弟本色,Fly Out,Fly Out,,37,37,0,0,,,,,264333,2016-01-01 00:00:00,2020-12-31 16:20:18,2021-03-29 10:44:08,,,,Mando Hip-Hop/Rap,,,,
452,3652,3957,True,True,你要的全拿走,你要的全拿走,29431462,胡彥斌,胡彥斌,胡彥斌,覅忒好,覅忒好,胡彥斌,64,64,0,0,1,1,3,9,302132,2018-01-24 00:00:00,2020-12-31 16:20:18,2021-03-29 11:00:06,V.M,Mandarin,Pop,Mando Pop,,1338725298,CNZ501800019,Music118/v4/23/df/7c/23df7ce1-84b2-5751-e707-248773aca6bf/mian.jpg
453,3874,4179,False,True,喜歡你,喜歡你,,,鄧紫棋,鄧紫棋,喜歡你 - Single,喜歡你 - Single,,26,26,0,0,,,,,269244,2014-01-01 00:00:00,2020-12-31 16:20:18,2021-03-29 11:04:30,,,,Canto Pop,,908972123,HKI111400029,
454,3628,3933,False,True,她gucci的時候眼淚總是prada prada的dior (feat. 水水Mizu98),她gucci的時候眼淚總是prada prada的dior (feat. 水水Mizu98),,,屁孩 Ryan,屁孩 Ryan,她gucci的時候眼淚總是prada prada的dior - Single,她gucci的時候眼淚總是prada prada的dior - Single,,26,26,0,0,,,,,241528,2019-01-01 00:00:00,2020-12-31 16:20:18,2021-03-29 10:50:20,,,,Mando Hip-Hop/Rap,,,,
455,3718,4023,False,True,孤單北半球,孤單北半球,,,林依晨,林依晨,愛情合約 (電視原聲帶),愛情合約 (電視原聲帶),,17,17,0,0,,,,,263079,2004-07-13 12:00:00,2020-12-31 16:20:18,2021-03-29 10:53:39,,,,Mando Pop,,660194180,TWA450480701,
456,3984,4289,False,True,學貓叫,學貓叫,,,小潘潘,小潘潘,學貓叫 - Single,學貓叫 - Single,,20,20,0,0,,,,,214831,2018-01-01 00:00:00,2020-12-31 16:20:18,2021-03-29 10:50:16,,,,Mando Pop,,,,
457,3742,4047,False,True,帥到分手,帥到分手,,,周湯豪NICKTHEREAL,周湯豪,REAL,REAL,,9,9,0,0,,,,,227761,2016-09-30 12:00:00,2020-12-31 16:20:18,2021-03-29 10:48:00,,,,Mando Hip-Hop/Rap,,1165343640,TWAG11600306,
458,3636,3941,False,True,年少有為,年少有為,,,李榮浩,李榮浩,年少有為 - Single,年少有為 - Single,,41,41,0,0,,,,,298579,2018-01-01 00:00:00,2020-12-31 16:20:18,2021-03-29 10:52:52,,,,Mando Pop,,,,
459,3878,4183,False,True,幾年幾月幾天,幾年幾月幾天,,,AC 周予天,周予天,YOU,You - EP,,43,43,0,0,1,1,6,6,273998,2015-10-30 12:00:00,2020-12-31 16:20:18,2021-03-29 10:42:18,,,,Mando Pop,,1052774595,CNE041500164,
460,3746,4051,False,True,後來的我們,後來的我們,,,五月天,五月天,自傳,自傳,五月天,40,40,0,0,,,6,15,346331,2016-07-21 07:00:00,2020-12-31 16:20:18,2021-03-29 10:43:45,,,,Mando Rock,,1158763996,TWK231610206,
461,3600,3905,False,True,心跳的證明,心跳的證明,,,劉人語,劉人語,心跳的證明 - Single,心跳的證明 - Single,,26,26,0,0,,,,,224261,2019-02-18 12:00:00,2020-12-31 16:20:18,2021-03-29 10:44:39,,,,Mando Pop,,1452981267,TWDB51900001,
462,3748,4053,False,True,怎麼了,怎麼了,,,周興哲,周興哲,終於了解自由,終於了解自由,,42,42,0,0,,,,,317831,2019-01-10 12:00:00,2020-12-31 16:20:18,2021-03-29 10:48:44,,,,Mando Pop,,1448253831,TWA471901003,
463,3750,4055,False,True,怎麼還不愛 (feat. 余楓),怎麼還不愛 (feat. 余楓),,,楊凱琳,楊凱琳,怎麼還不愛 - Single,怎麼還不愛 - Single,,10,10,0,0,,,,,296594,2015-01-01 00:00:00,2020-12-31 16:20:18,2021-03-29 10:57:11,,,,Mando Pop,,,,
464,3910,4215,False,True,愛不需要裝乖 (feat. 王詩安),愛不需要裝乖 (feat. 王詩安),,,謝和弦,謝和弦,不需要裝乖,不需要裝乖,謝和弦,18,18,0,0,1,1,11,13,232368,2015-05-26 12:00:00,2020-12-31 16:20:18,2021-03-29 11:03:28,,,,Mando Pop,,1001038650,TWA531589711,
465,3924,4229,False,True,愛情廢柴,愛情廢柴,,,周杰倫,周杰倫,周杰倫的床邊故事,周杰倫的床邊故事,,31,31,0,0,,,,,279457,2016-06-24 07:00:00,2020-12-31 16:20:18,2021-03-29 10:46:39,,,,Mando Pop,,1118757879,TWK971601310,
466,3922,4227,False,True,愛情教會我們的事,愛情教會我們的事,,,周興哲,周興哲,愛，教會我們的事,愛，教會我們的事,,23,23,0,0,,,,,295392,2016-08-05 12:00:00,2020-12-31 16:20:18,2021-03-29 10:48:34,,,,Mando Pop,,1137528433,TWA471602008,
467,3668,3973,False,True,我好想好想你,我好想好想你,,,蕭秉治,蕭秉治,凡人,凡人,,31,31,0,0,,,,,265090,2018-01-01 00:00:00,2020-12-31 16:20:18,2021-03-29 11:01:58,,,,Mando Pop,,1391548613,TWK231811302,
468,3676,3981,False,True,我的滑板鞋,我的滑板鞋,,,華晨宇,華晨宇,H,H,,32,32,0,0,,,,,235284,2016-01-01 00:00:00,2020-12-31 16:20:18,2021-03-29 11:00:42,,,,Mando Hip-Hop/Rap,,,,
469,3602,3907,False,True,手心的薔薇 (feat. 鄧紫棋),手心的薔薇 (feat. 鄧紫棋),,,林俊傑,林俊傑,新地球,新地球,林俊傑,14,14,0,0,1,1,6,11,280224,2014-12-27 12:00:00,2020-12-31 16:20:18,2021-03-29 10:55:10,,,,Mando Pop,,1788007693,TWA531480006,
470,3604,3909,False,True,手掌心,手掌心,,,丁噹,丁噹,敢愛敢當,敢愛敢當,,25,25,0,0,,,,,254589,2013-08-30 07:00:00,2020-12-31 16:20:18,2021-03-29 10:42:48,,,,Mando Pop,,1084617353,TWK231388831,
471,3754,4059,False,True,星空,星空,,,五月天,五月天,第二人生,第二人生,,20,20,0,0,,,3,14,279118,2011-01-01 00:00:00,2020-12-31 16:20:18,2021-03-29 10:43:26,,,,Mando Rock,,,,
472,3866,4171,True,True,最後召集,最後召集,269735061,周柏豪,周柏豪,周柏豪,關於愛,關於愛,周柏豪,62,62,0,0,1,1,5,9,249991,2018-12-10 12:00:00,2020-12-31 16:20:18,2021-03-29 10:47:54,V.M,Cantonese,Pop,Canto Pop,,1839879070,HKJ341880034,Music221/v4/1e/87/28/1e872836-7826-ae0e-570d-3ad358f85e8e/4897056055001.jpg
473,3640,3945,False,True,有點甜 (feat. By2),有點甜 (feat. By2),,,汪蘇瀧,汪蘇瀧,萬有引力,萬有引力,汪蘇瀧,8,8,0,0,1,1,5,10,228858,2012-07-16 12:00:00,2020-12-31 16:20:18,2021-03-29 10:57:37,,,,Mando Pop,,1588003725,FR10S1615770,
474,3642,3947,False,True,此刻你聽好了,此刻你聽好了,,,劉嘉亮,劉嘉亮,聽我想聽的歌,聽我想聽的歌,,26,26,0,0,,,,,239098,2015-10-11 12:00:00,2020-12-31 16:20:18,2021-03-29 10:44:50,,,,Mando Pop,,1800324889,HKD012394167,
475,3734,4039,False,True,泡沫,泡沫,,,鄧紫棋,鄧紫棋,Xposed,Xposed,,14,14,0,0,,,4,10,259008,2012-06-27 12:00:00,2020-12-31 16:20:18,2021-03-29 11:04:15,,,,Mando Pop,,539454717,HKI111200214,
476,3770,4075,True,True,派對動物,派對動物,369211611,五月天,五月天,五月天,自傳,自傳,五月天,47,47,0,0,1,1,8,15,250462,2016-05-20 07:00:00,2020-12-31 16:20:18,2021-03-29 10:43:49,V.M,Mandarin,Pop,Mando Rock,Rock.Influenced,1158763998,TWK231680790,Music126/v4/64/a0/f1/64a0f1b8-a36b-ff10-509a-9a8f5fef53ff/dj.zfoqlnar.jpg
477,3828,4133,False,True,淋雨一直走,淋雨一直走,,,張韶涵,張韶涵,有形的翅膀,有形的翅膀,,28,28,0,0,,,,,216711,2012-01-01 00:00:00,2020-12-31 16:20:18,2021-03-29 10:51:04,,,,Mando Pop,,1732197371,TWR031202003,
478,3610,3915,False,True,牛仔很忙,牛仔很忙,,,周杰倫,周杰倫,我很忙,我很忙,,25,25,0,0,,,,,168829,2007-11-02 12:00:00,2020-12-31 16:20:18,2021-03-29 10:47:00,,,,Mando Pop,,536030693,TWK970701301,
479,3844,4149,False,True,眼底星空,眼底星空,,,李聖傑,李聖傑,關於你的歌,關於你的歌,,24,24,0,0,,,,,265769,2006-06-16 12:00:00,2020-12-31 16:20:18,2021-03-29 10:53:33,,,,Mando Pop,,178888583,TWF750688201,
480,3780,4085,False,True,突然好想你,突然好想你,,,五月天,五月天,後 青春期的詩,後 青春期的詩,,17,17,0,0,,,1,12,260440,2008-05-18 12:00:00,2020-12-31 16:20:18,2021-03-29 10:42:57,,,,Mando Rock,,1081381266,TWK230801601,
481,3894,4199,False,True,等你下課 (feat. 楊瑞代),等你下課 (feat. 楊瑞代),,,周杰倫,周杰倫,最偉大的作品,最偉大的作品,周杰倫,10,10,0,0,1,1,9,12,269557,2018-01-18 12:00:00,2020-12-31 16:20:18,2021-03-29 10:47:04,,,,Mando Pop,,,,
482,3852,4157,False,True,終於了解自由,終於了解自由,,,周興哲,周興哲,終於了解自由,終於了解自由,,30,30,0,0,,,,,320156,2019-01-10 12:00:00,2020-12-31 16:20:18,2021-03-29 10:48:51,,,,Mando Pop,,1448253839,TWA471901005,
483,3998,4303,False,True,總是那麼傻,總是那麼傻,,,孫子涵,孫子涵,雙子涵,雙子涵,,25,25,0,0,,,11,13,224444,2015-12-15 12:00:00,2020-12-31 16:20:18,2021-03-29 10:49:21,,,,Mando Pop,,1161324560,TWA211558202,
484,3966,4271,False,True,說好的幸福呢,說好的幸福呢,,,周杰倫,周杰倫,11月的蕭邦,11月的蕭邦,,17,17,0,0,,,,,256914,2008-10-14 12:00:00,2020-12-31 16:20:18,2021-03-29 10:47:44,,,,Mando Pop,,1624001319,TWK970801506,
485,3970,4275,False,True,說愛你,說愛你,,,劉至佳,劉至佳,說愛你 - Single,說愛你 - Single,,30,30,0,0,,,,,202240,2018-01-01 00:00:00,2020-12-31 16:20:18,2021-03-29 10:45:11,,,,Mando Pop,,,,
486,3968,4273,False,True,說散就散,說散就散,,,JC 陳詠桐,JC 陳詠桐,說散就散,說散就散,,17,17,0,0,,,,,230635,2016-06-14 07:00:00,2020-12-31 16:20:18,2021-03-29 10:42:35,,,,Mando Pop,,1121523352,HKF090900178,
487,3804,4109,False,True,起風了,起風了,,,吳青峰,吳青峰,起風了,起風了,,27,27,0,0,,,,,308924,2019-01-18 12:00:00,2020-12-31 16:20:18,2021-03-29 10:46:00,,,,Mando Pop,,1743713726,TWU711906617,
488,3858,4163,False,True,雪落下的聲音,雪落下的聲音,,,林俊傑,林俊傑,夢想的聲音第三季,夢想的聲音第三季,,17,17,0,0,,,,,311771,2018-01-01 00:00:00,2020-12-31 16:20:18,2021-03-29 10:54:23,,,,Mando Pop,,,,
489,4848,5153,True,True,"1,2,3 (feat. HATIK)","1,2,3 (feat. HATIK)","35345990, 1232534347","Amel Bent, HATIK",Amel Bent,Amel Bent,"1,2,3 - Single",Vivante,Amel Bent,75,76,0,1,1,1,5,14,223111,2020-10-30 12:00:00,2021-01-03 06:01:23,2021-01-03 05:02:27,V.X,French,Pop,French Pop,,"1537622050, 1628525538",FRUM72001660,Music112/v4/8b/29/ef/8b29ef1a-90f1-c4d8-0f6d-86395da24561/21UMGIM66862.rgb.jpg
490,4132,4437,False,True,C'est le Sang (feat. Alrima),C'est le Sang (feat. Alrima),,,Awa Imani,Awa Imani,C'est le Sang - Single,C'est le Sang - Single,Awa Imani,39,39,0,0,1,,,,192235,2018-07-12 07:00:00,2021-01-03 06:01:23,2021-01-03 05:04:09,,,,French Pop,,1410118109,FR8O21800030,
491,4392,4697,False,True,Je me dis que toi aussi,Je me dis que toi aussi,,,Boulevard des Airs,Boulevard des Airs,Je me dis que toi aussi,Je me dis que toi aussi,Boulevard des Airs,31,31,0,0,1,,1,11,189962,2018-04-19 12:00:00,2021-01-03 06:01:23,2021-01-03 05:05:08,,,,French Pop,,1400246685,FR9W11806829,
492,4402,4707,False,True,La même (feat. Vianney),La même (feat. Vianney),,,Maître Gims,Maître Gims,Ceinture noire,Ceinture noire,Maître Gims,28,28,0,0,1,,,,200202,2018-03-09 12:00:00,2021-01-03 06:01:23,2021-01-03 05:09:02,,,,French Pop,,1482646941,FR9W11803167,
493,4524,4829,False,True,Nous,Nous,,,Julien Doré,Julien Doré,aimée,aimée,Julien Doré,34,34,0,0,1,,,,201508,2020-09-04 12:00:00,2021-01-03 06:01:23,2021-01-03 05:10:11,,,,French Pop,,1589842378,FRZ052000301,
494,4506,4811,False,True,No,No,,,Louane,Louane,Louane (Deluxe),Louane (Deluxe),Louane,24,24,0,0,1,,,,208718,2017-11-10 12:00:00,2021-01-03 06:01:23,2021-01-03 05:12:46,,,,French Pop,,1441424242,FRUM71701717,
495,4626,4931,False,True,Si on disait,Si on disait,,,M. Pokora,M. Pokora,Si on disait - Single,Si on disait - Single,M. Pokora,27,27,0,0,1,,,,190563,2020-09-25 12:00:00,2021-01-03 06:01:23,2021-01-03 05:14:18,,,,French Pop,,1533149388,FRP432000030,
496,4488,4793,True,True,N'oublie pas (feat. LP),N'oublie pas (feat. LP),"132793877, 516169807","Mylène Farmer, LP",Mylène Farmer,Mylène Farmer,Désobéissance (Edition deluxe),Désobéissance (Edition deluxe),Mylène Farmer,63,63,0,0,1,1,4,12,230635,2018-06-21 00:00:00,2021-01-03 06:01:23,2021-01-03 05:16:45,V.F,French,Pop,French Pop,Dance.Influenced,1433976404,FR02R1800070,Music128/v4/aa/d4/26/aad42620-55f9-4fac-975a-9a071bfef48c/886447241752.jpg
497,4088,4393,False,True,Beau-papa,Beau-papa,,,Vianney,Vianney,N'attendons pas,N'attendons pas,Vianney,33,33,0,0,1,,,,200254,2020-01-01 00:00:00,2021-01-03 06:01:23,2021-01-03 05:17:40,,,,French Pop,,,,
498,4860,5165,False,True,920 (feat. 小宇-宋念宇),920 (feat. 小宇-宋念宇),,,A-Lin,A-Lin,幸福了 然後呢,幸福了 然後呢,,14,14,0,0,1,1,4,10,285962,2011-06-20 07:00:00,2021-01-03 06:00:25,2021-03-29 10:42:23,,,,Mando Pop,,852859277,TWA771201082,
499,4442,4747,False,True,Love more,Love more,,,畢書盡,畢書盡,勢在必行3 - 心時代 (最終章),勢在必行3 - 心時代 (最終章),,8,8,0,0,1,1,9,10,244323,2015-01-01 00:00:00,2021-01-03 06:00:25,2021-03-29 10:59:23,,,,Mando Pop,,1034182240,TWD631517901,
500,4720,5025,False,True,This is love,This is love,,,周興哲,周興哲,愛，教會我們的事,愛，教會我們的事,,21,21,0,0,,,,,236408,2016-08-05 12:00:00,2021-01-03 06:00:25,2021-03-29 10:48:21,,,,Mando Pop,,1137528425,TWA471602005,
501,4736,5041,False,True,Tomorrow will be fine.,Tomorrow will be fine.,,,蘇打綠,蘇打綠,Tomorrow will be fine. - Single,Tomorrow will be fine. - Single,,28,29,0,1,,,,,304326,2020-02-24 12:00:00,2021-01-03 06:00:25,2021-03-29 11:02:34,,,,Mando Pop,,1500186443,TWUM72000001,
502,3594,3899,False,True,天真有邪,天真有邪,,,林宥嘉,林宥嘉,今日營業中,今日營業中,,19,19,0,0,,,,,324075,2016-01-01 00:00:00,2021-01-03 06:00:25,2021-03-29 10:55:28,,,,Mando Pop,,1124800730,TWD951634102,
503,3632,3937,False,True,如果雨之後,如果雨之後,,,周興哲,周興哲,如果雨之後,如果雨之後,,12,12,0,0,,,,,272431,2017-01-01 00:00:00,2021-01-03 06:00:25,2021-03-29 10:48:06,,,,Mando Pop,,,,
504,3820,4125,False,True,將軍令,將軍令,,,五月天,五月天,將軍令 - Single,將軍令 - Single,,13,13,0,0,,,,,218331,2014-11-15 12:00:00,2021-01-03 06:00:25,2021-03-29 10:42:52,,,,Mando Rock,,1080927794,TWK231488856,
505,3598,3903,False,True,少女,少女,,,林宥嘉,林宥嘉,少女 - Single,少女 - Single,林宥嘉,21,21,0,0,,,,,245498,2019-01-01 00:00:00,2021-01-03 06:00:25,2021-03-29 10:55:38,,,,Mando Pop,,,,
506,3876,4181,False,True,幾分之幾,幾分之幾,,,盧廣仲,盧廣仲,幾分之幾 - Single,幾分之幾 - Single,,13,13,0,0,,,,,230844,2018-01-23 12:00:00,2021-01-03 06:00:25,2021-03-29 10:59:40,,,,Mando Pop,,1342141668,TWK011700047,
507,3906,4211,False,True,想見你想見你想見你,想見你想見你想見你,,,八三夭,八三夭,電視劇《想見你》原聲帶,電視劇《想見你》原聲帶,Various Artists,11,11,0,0,,,,,241057,2019-11-11 12:00:00,2021-01-03 06:00:25,2021-03-29 10:59:52,,,,Mando Pop,,1509392741,TWA451900058,
508,3948,4253,False,True,慢冷,慢冷,,,梁靜茹,梁靜茹,我好嗎? - 太陽如常升起,我好嗎? - 太陽如常升起,,15,15,0,0,,,,,289332,2019-05-16 12:00:00,2021-01-03 06:00:25,2021-03-29 10:56:17,,,,Mando Pop,,1462400556,TWM831900003,
509,3666,3971,False,True,我不願讓你一個人,我不願讓你一個人,,,五月天,五月天,第二人生,第二人生,,21,21,0,0,,,2,14,264698,2011-12-16 12:00:00,2021-01-03 06:00:25,2021-03-29 10:43:21,,,,Mando Rock,,1081309211,TWK231105503,
510,3678,3983,False,True,我的歌聲裡,我的歌聲裡,,,曲婉婷,曲婉婷,我的歌聲裡,我的歌聲裡,,13,13,0,0,,,,,218331,2012-02-07 12:00:00,2021-01-03 06:00:25,2021-03-29 10:52:02,,,,Mando Pop,,1443310221,CAN111100643,
511,3872,4177,False,True,最難的是相遇,最難的是相遇,,,吳青峰,吳青峰,冊葉一 : 一與一,冊葉一 : 一與一,,21,21,0,0,,,,,281025,2020-09-16 12:00:00,2021-01-03 06:00:25,2021-03-29 10:45:46,,,,Mando Pop,,1532183849,TWFE12000002,
512,3698,4003,False,True,步步,步步,,,五月天,五月天,步步自選作品輯 1999-2013,步步自選作品輯 1999-2013,,16,16,0,0,1,2,1,15,270080,2013-11-23 12:00:00,2021-01-03 06:00:25,2021-03-29 10:43:07,,,,Mando Rock,,1207222274,TWK231388834,
513,3768,4073,False,True,洋蔥,洋蔥,,,五月天,五月天,步步自選作品輯 1999-2013,步步自選作品輯 1999-2013,,10,10,0,0,1,2,3,15,272065,2013-12-27 12:00:00,2021-01-03 06:00:25,2021-03-29 10:43:16,,,,Mando Rock,,1207222421,TWK231307404,
514,3700,4005,False,True,私奔到月球 (feat. 陳綺貞),私奔到月球 (feat. 陳綺貞),,,五月天,五月天,離開地球表面,離開地球表面,,20,20,0,0,1,1,1,17,221857,2007-01-01 00:00:00,2021-01-03 06:00:25,2021-03-29 10:43:58,,,,Mando Rock,,,,
515,3942,4247,False,True,過渡期,過渡期,,,小宇-宋念宇,小宇,再一次,再一次,,38,39,0,1,,,,,279875,2012-12-07 12:00:00,2021-01-03 06:00:25,2021-03-29 10:50:07,,,,Mando Pop,,799266022,TWA771201050,
516,4306,4611,False,True,GOOD VIBE (feat. 陳星翰 & Moozlie),GOOD VIBE (feat. 陳星翰 & Moozlie),,,頑童MJ116,頑童MJ116,董,董,頑童MJ116,39,39,0,0,1,,,,211382,2019-01-01 00:00:00,2021-01-12 00:40:39,2021-01-11 23:07:18,,,,Mando Hip-Hop/Rap,,1452774096,TWA451800067,
517,4022,4327,False,True,戀我癖 (feat. 蔡依林),戀我癖 (feat. 蔡依林),,,陳星翰,陳星翰,Welcome to the Next Level,Welcome to the Next Level,陳星翰,40,40,0,0,1,,,,187271,2016-10-31 12:00:00,2021-01-12 00:40:39,2021-01-11 23:11:32,,,,Mando Dance,,1444448816,TWUM71600076,
518,4558,4863,False,True,PLAY我呸,PLAY我呸,,,蔡依林,蔡依林,呸,呸,,35,35,0,0,,,,,196911,2014-01-01 00:00:00,2021-01-12 00:40:39,2021-03-29 11:01:15,,,,Mando Pop,,939103169,TWA531401327,
519,3626,3931,False,True,在這座城市遺失了你,在這座城市遺失了你,,,告五人,告五人,運氣來得若有似無,運氣來得若有似無,,44,44,0,0,,,,,348917,2020-01-01 00:00:00,2021-01-12 00:40:39,2021-03-29 10:46:13,,,,Mando Rock,,,,
520,3586,3891,False,True,小情歌,小情歌,,,蘇打綠,蘇打綠,小宇宙,小宇宙,,23,23,0,0,,,,,279980,2006-01-01 00:00:00,2021-01-12 00:40:39,2021-03-29 11:03:02,,,,Mando Pop,,1461046348,TWF670600303,
521,3904,4209,False,True,微光,微光,,,曹楊,曹楊,規定情境,規定情境,,17,17,0,0,,,,,252917,2020-04-29 12:00:00,2021-01-12 00:40:39,2021-03-29 10:52:12,,,,Mando Pop,,1509004169,TWL252008101,
522,3670,3975,False,True,我好想你,我好想你,,,蘇打綠,蘇打綠,秋：故事,秋：故事,,24,24,0,0,,,,,321906,2013-01-01 00:00:00,2021-01-12 00:40:39,2021-03-29 11:03:15,,,,Mando Pop,,1480717221,TWF671300206,
523,3606,3911,False,True,日不落,日不落,,,蔡依林,蔡依林,特務J,特務J,,11,11,0,0,,,,,220813,2007-01-01 00:00:00,2021-01-12 00:40:39,2021-03-29 11:01:31,,,,Mando Pop,,1725226209,TWA270700012,
524,3862,4167,False,True,最長的電影,最長的電影,,,周杰倫,周杰倫,我很忙,我很忙,,20,20,0,0,,,,,234396,2007-11-02 12:00:00,2021-01-12 00:40:39,2021-03-29 10:46:56,,,,Mando Pop,,536030702,TWK970701310,
525,3884,4189,False,True,無眠,無眠,,,蘇打綠,蘇打綠,夏／狂熱,夏／狂熱,,27,28,0,1,,,,,220734,2009-01-01 12:00:00,2021-01-12 00:40:39,2021-03-29 11:02:56,,,,Hokkien Pop,,1461735108,TWF670900210,
526,3886,4191,False,True,無與倫比的美麗,無與倫比的美麗,,,蘇打綠,蘇打綠,無與倫比的美麗,無與倫比的美麗,,29,29,0,0,,,,,307147,2007-06-23 12:00:00,2021-01-12 00:40:39,2021-03-29 11:03:09,,,,Mando Pop,,1462002612,TWF670700305,
527,3836,4141,False,True,猜不透,猜不透,,,丁噹,丁噹,"【下一站, 天后】自選+精選","【下一站, 天后】自選+精選",,17,17,0,0,,,,,228989,2008-10-07 12:00:00,2021-01-12 00:40:39,2021-03-29 10:42:43,,,,Mando Pop,,1085471720,TWK230801205,
528,3736,4041,False,True,玫瑰少年,玫瑰少年,,,蔡依林,蔡依林,Ugly Beauty,Ugly Beauty,,41,41,0,0,,,,,191817,2018-12-26 12:00:00,2021-01-12 00:40:39,2021-03-29 11:01:01,,,,Mando Pop,,1446277093,TWA471816002,
529,3842,4147,False,True,甜秘密,甜秘密,,,蔡依林,蔡依林,Ugly Beauty,Ugly Beauty,,41,41,0,0,,,,,209214,2018-12-26 12:00:00,2021-01-12 00:40:39,2021-03-29 11:01:06,,,,Mando Pop,,1446277204,TWA471816006,
530,3936,4241,False,True,當我們一起走過,當我們一起走過,,,蘇打綠,蘇打綠,你在煩惱什麼,你在煩惱什麼,,30,30,0,0,,,,,280633,2011-11-11 12:00:00,2021-01-12 00:40:39,2021-03-29 11:02:51,,,,Mando Pop,,1461041607,TWF671100108,
531,4008,4313,False,True,簡單愛,簡單愛,,,周杰倫,周杰倫,范特西,范特西,,7,7,0,0,,,,,263810,2001-09-14 12:00:00,2021-01-12 00:40:39,2021-03-29 10:47:15,,,,Mando Pop,,535739351,TWK970100203,
532,3938,4243,False,True,腦公,腦公,,,蔡依林,蔡依林,Ugly Beauty,Ugly Beauty,,21,21,0,0,,,,,170866,2018-12-26 12:00:00,2021-01-12 00:40:39,2021-03-29 11:01:11,,,,Mando Pop,,1446277250,TWA471816009,
533,3964,4269,False,True,說好不哭 (feat. 阿信),說好不哭 (feat. 阿信),,,周杰倫,周杰倫,最偉大的作品,最偉大的作品,周杰倫,11,12,0,1,1,1,4,12,215275,2019-09-16 07:00:00,2021-01-12 00:40:39,2021-03-29 10:47:26,,,,Mando Pop,,,,
534,3704,4009,False,True,走散,走散,,,曹楊,曹楊,規定情境,規定情境,,14,14,0,0,,,,,259996,2020-06-29 12:00:00,2021-01-12 00:40:39,2021-03-29 10:52:17,,,,Mando Pop,,1519423818,TWL252008401,
535,4124,4429,True,True,Boys Like You,Boys Like You,895883737,Anna Clendening,Anna Clendening,Anna Clendening,Boys Like You - Single,Boys Like You - Single,Anna Clendening,46,46,0,0,1,1,1,1,189100,2018-06-01 12:00:00,2021-01-26 03:31:52,2021-01-26 02:17:37,V.F,English,Pop,English Indie,,1387998668,US39N1800049,Music115/v4/28/e3/c8/28e3c890-7cfc-7082-25ed-870a46b64978/075597928778.jpg
536,4104,4409,False,True,Best Luck,Best Luck,,,CHEN,CHEN,"It's Alright, This Is Love (Original Television Soundtrack), Pt. 1 - Single","It's Alright, This Is Love (Original Television Soundtrack), Pt. 1 - Single",CHEN,21,21,0,0,1,1,1,2,225384,2014-07-23 12:00:00,2021-01-26 03:32:04,2021-01-26 02:29:35,,,,K Pop,,1740286098,KRA491401401,
537,4274,4579,False,True,"For You (feat. Baekhyun, XIUMIN)","For You (feat. Baekhyun, XIUMIN)",,,CHEN,CHEN,"Moonlovers: Scarlet Heart Ryeo, Pt. 1 (Original Television Soundtrack) - Single","Moonlovers: Scarlet Heart Ryeo, Pt. 1 (Original Television Soundtrack) - Single",CHEN,19,19,0,0,1,1,1,2,196911,2016-08-25 12:00:00,2021-01-26 03:32:04,2021-01-26 02:29:49,,,,K Pop,,1569920182,KRA491600494,
538,4728,5033,True,True,Tie Me Down (feat. Elley Duhé),Tie Me Down (feat. Elley Duhé),"953311187, 394295270","Gryffin, Elley Duhé",Gryffin,Gryffin,Tie Me Down - Single,Gravity (Deluxe),Gryffin,57,59,0,2,1,2,4,16,218357,2019-10-24 12:00:00,2021-01-26 03:31:52,2021-01-26 02:33:29,V.F,English,Dance,English Dance,Bass.FutureBass,"1419563248, 1543107048",USUM71810504,Music124/v4/78/5e/1a/785e1acf-9cd1-c088-79dc-55ab0f50f9d3/20UM1IM11387.rgb.jpg
539,4334,4639,True,True,Hold You Tonight (feat. Chris Lane),Hold You Tonight (feat. Chris Lane),"953311187, 2028519","Gryffin, Chris Lane",Gryffin,Gryffin,Hold You Tonight - Single,Hold You Tonight - Single,Gryffin,63,65,0,2,1,1,1,1,218435,2020-04-07 12:00:00,2021-01-26 03:31:52,2021-01-26 02:34:59,V.M,English,Dance,English Dance,Bass.FutureBass,1504972698,USUM72006895,Music124/v4/ad/34/87/ad3487a7-b045-98a5-a6be-91185a1f58c7/20UMGIM23107.rgb.jpg
540,4788,5093,False,True,We dont talk together (Prod. SUGA) (feat. GIRIBOY),We dont talk together (Prod. SUGA) (feat. GIRIBOY),,,HEIZE,HEIZE,We don't talk together - Single,We don't talk together - Single,HEIZE,23,23,0,0,1,1,1,1,204120,2019-07-07 12:00:00,2021-01-26 03:32:04,2021-01-26 02:37:27,,,,K Pop,,1569744285,KRA491900461,
541,4714,5019,True,True,Thinking About You (feat. Exede),Thinking About You (feat. Exede),"490974321, 1237729767","Hoang, Exede",Hoang,Hoang,Thinking About You - Single,Thinking About You - Single,Hoang,55,55,0,0,1,1,1,1,219141,2021-01-22 00:00:00,2021-01-26 03:31:52,2021-01-26 02:39:34,V.M,English,Dance,English Dance,Bass.FutureBass,1545973430,QZNWZ2061994,Music114/v4/4b/ff/90/4bff903c-70cd-5c04-f178-01c36a7d580d/artwork.jpg
542,4380,4685,False,True,If there was practice in love,If there was practice in love,,,Lim Jae Hyun,Lim Jae Hyun,If there was practice in love - Single,If there was practice in love - Single,Lim Jae Hyun,21,22,0,1,1,1,1,2,255973,2018-09-25 12:00:00,2021-01-26 03:32:04,2021-01-26 02:41:11,,,,K Pop,,1684467058,KRA381801304,
543,4622,4927,False,True,Shinin',Shinin',,,JONGHYUN,JONGHYUN,Poet Ⅰ Artist,Poet Ⅰ Artist,JONGHYUN,35,35,0,0,1,1,1,11,171807,2018-01-23 12:00:00,2021-01-26 03:32:04,2021-01-26 02:42:49,,,,K Pop,,1337627724,KRA301800020,
544,4800,5105,False,True,Whistle,Whistle,,,Flo Rida,Flo Rida,Wild Ones,Wild Ones,Flo Rida,11,11,0,0,1,,1,11,234135,2012-01-01 00:00:00,2021-01-26 03:31:52,2021-01-26 02:43:27,,,,English Hip-Hop/Rap,,613867346,USAT21201745,
545,4236,4541,True,True,Euphoria,Euphoria,883131348,BTS,BTS,防彈少年團,Love Yourself 結 'Answer',Love Yourself 結 'Answer',BTS,107,107,0,0,1,2,1,16,228806,2018-04-06 12:00:00,2021-01-26 03:32:04,2021-01-26 02:44:16,V.M,Korean,Pop,K Pop,Dance.Influenced,1598730615,QM6MZ1886130,Music126/v4/ff/00/2c/ff002c29-6da9-1a26-16b3-282a73180366/192562871591_Cover.jpg
546,4560,4865,False,True,Playing With Fire,Playing With Fire,,,BLACKPINK,BLACKPINK,SQUARE TWO,SQUARE TWO,BLACKPINK,17,17,0,0,1,1,1,5,197433,2016-11-01 12:00:00,2021-01-26 03:32:04,2021-01-26 02:44:48,,,,K Pop,,1313151080,KRA401600236,
547,4424,4729,True,True,Lily (feat. K-391 & Emelie Hollow),Lily (feat. K-391 & Emelie Hollow),"1062085272, 519186020, 1446096227","Alan Walker, K-391, Emelie Hollow",Alan Walker,Alan Walker,Different World,Different World,Alan Walker,54,54,0,0,1,1,4,15,195944,2018-12-14 12:00:00,2021-01-26 03:31:52,2021-01-26 02:45:19,V.F,English,Pop,English Dance,Dance.Influenced,1445141002,NOG841813040,Music125/v4/7b/37/53/7b375382-ce23-cfa4-03d4-1db4b0f89d72/886447442562.jpg
548,4846,5151,False,True,YOUTH,YOUTH,,,Troye Sivan,Troye Sivan,Blue Neighbourhood,Blue Neighbourhood,Troye Sivan,37,37,0,0,1,,7,11,197825,2015-01-01 00:00:00,2021-01-26 03:31:52,2021-01-26 02:51:59,,,,English Pop,,1440841739,AUUM71501373,
549,4048,4353,True,True,"Alone, Pt. II (feat. Ava Max)","Alone, Pt. II (feat. Ava Max)","1062085272, 1265164818","Alan Walker, Ava Max",Alan Walker,Alan Walker,World Of Walker,World Of Walker,Alan Walker,58,58,0,0,1,1,3,15,176901,2019-12-27 12:00:00,2021-01-26 03:31:52,2021-01-26 03:14:52,V.F,English,Pop,English Dance,Dance.Influenced,"1491026687, 1596240421",NOG841907010,Music126/v4/40/62/24/406224f0-6e9d-b22d-7666-786de0f09200/886449752935.jpg
550,3812,4117,False,True,唱廣東歌 (feat. 盧巧音),唱廣東歌 (feat. 盧巧音),,,黃明志,黃明志,亞洲通牒,亞洲通牒,黃明志,18,18,0,0,1,1,10,14,217730,2018-01-01 00:00:00,2021-01-26 03:31:39,2021-01-26 03:17:10,,,,Canto Pop,,,,
551,3868,4173,False,True,最美不過初相見,最美不過初相見,,,孫子涵,孫子涵,雙子涵,雙子涵,,9,9,0,0,,,1,13,281861,2016-10-04 12:00:00,2021-01-26 03:31:39,2021-03-29 10:49:10,,,,Mando Pop,,1161324316,CNA231601678,
552,3988,4293,False,True,輸了你贏了世界又如何,輸了你贏了世界又如何,,,林俊傑,林俊傑,夢想的聲音第二季,夢想的聲音第二季,,10,10,0,0,,,,,271412,2017-01-01 00:00:00,2021-01-26 03:31:39,2021-03-29 10:54:28,,,,Mando Pop,,,,
553,4606,4911,False,True,"Secrets (feat. Ice Prince, Awa Imani & Eylie)","Secrets (feat. Ice Prince, Awa Imani & Eylie)",,,Jack Sleiman,Jack Sleiman,Secrets - Single,Secrets - Single,Jack Sleiman,26,27,0,1,1,,,,175020,2019-08-23 12:00:00,2021-02-01 09:37:44,2021-02-01 07:04:53,,,,French Pop,,,,
554,4394,4699,False,True,Joli Garçon,Joli Garçon,,,Awa Imani,Awa Imani,Joli garçon - Single,Joli garçon - Single,Awa Imani,29,29,0,0,1,,,,174994,2017-01-01 00:00:00,2021-02-01 09:37:44,2021-02-01 07:06:57,,,,French Pop,,1240250303,FR8O21700010,
555,4074,4379,False,True,Avec le temps (feat. Awa Imani),Avec le temps (feat. Awa Imani),,,Alban Bartori,Alban Bartori,Je ne suis pas fou,Je ne suis pas fou,Alban Bartori,36,36,0,0,1,,10,12,193697,2015-09-10 12:00:00,2021-02-01 09:37:44,2021-02-01 07:08:59,,,,French Pop,,1113632645,FR9W11505947,
556,4862,5167,True,True,2002,2002,474724108,Anne-Marie,Anne-Marie,Anne-Marie,Speak Your Mind,Speak Your Mind,Anne-Marie,46,46,0,0,1,1,10,18,187402,2018-04-20 07:00:00,2021-02-01 09:37:44,2021-02-01 07:10:26,V.F,English,Pop,English Pop,,1418704730,GBAHS1800094,Music125/v4/c1/5d/9b/c15d9bc5-4181-9874-d65b-7741203ccad6/190295567279.jpg
557,4580,4885,False,True,Rewrite The Stars (feat. James Arthur),Rewrite The Stars (feat. James Arthur),,,Anne-Marie,Anne-Marie,The Greatest Showman: Reimagined,The Greatest Showman: Reimagined,,25,25,0,0,1,,8,13,227448,2018-01-01 00:00:00,2021-02-01 09:37:44,2021-02-01 07:12:43,,,,English Pop,,,,
558,4658,4963,True,True,SOS (feat. Aloe Blacc),SOS (feat. Aloe Blacc),"298496035, 4750752","Avicii, Aloe Blacc",Avicii,Avicii,TIM,TIM,Avicii,47,48,0,1,1,1,3,12,157387,2019-03-10 12:00:00,2021-02-01 09:37:44,2021-02-01 07:15:27,V.M,English,Dance,English Dance,House.TropicalHouse,1462628897,SE5R71900201,Music122/v4/29/9e/8f/299e8f03-3a49-6a5c-9bec-32c0964c2832/19UMGIM41833.rgb.jpg
559,4282,4587,True,True,Friend of Mine (feat. Vargas Lagola),Friend of Mine (feat. Vargas Lagola),"298496035, 1110811834","Avicii, Vargas & Lagola",Avicii,Avicii,AVĪCI,AVĪCI (01) - EP,Avicii,69,73,0,4,1,1,1,6,161619,2017-08-10 12:00:00,2021-02-01 09:37:44,2021-02-01 07:19:05,V.M,English,Dance,English Dance,House.ProgressiveHouse,1440899019,SE5R71700103,Music112/v4/97/ec/23/97ec23c0-cb32-5da3-b8ec-b04b2c2c3333/17UM1IM17510.rgb.jpg
560,4430,4735,True,True,Lonely Together (feat. Rita Ora),Lonely Together (feat. Rita Ora),"298496035, 355898104","Avicii, Rita Ora",Avicii,Avicii,AVĪCI,AVĪCI (01) - EP,Avicii,63,68,0,5,1,1,2,6,181002,2017-08-10 12:00:00,2021-02-01 09:37:44,2021-02-01 07:19:22,V.F,English,Dance,English Dance,House.TropicalHouse,"1440899202, 1807714119","CH3131340464, SE5R71700108",Music112/v4/97/ec/23/97ec23c0-cb32-5da3-b8ec-b04b2c2c3333/17UM1IM17510.rgb.jpg
561,4818,5123,True,True,Without You (feat. Sandro Cavazza),Without You (feat. Sandro Cavazza),"298496035, 1112178186","Avicii, Sandro Cavazza",Avicii,Avicii,AVĪCI,AVĪCI (01) - EP,Avicii,46,46,0,0,1,1,4,6,181838,2017-08-10 00:00:00,2021-02-01 09:37:44,2021-02-01 07:19:32,V.M,English,Dance,English Dance,House.ProgressiveHouse,1440899204,SE5R71700101,Music112/v4/97/ec/23/97ec23c0-cb32-5da3-b8ec-b04b2c2c3333/17UM1IM17510.rgb.jpg
562,4518,4823,False,True,Nothin’ On You (feat. Bruno Mars),Nothin’ On You (feat. Bruno Mars),,,B.o.B,B.o.B,B.o.B Presents: The Adventures of Bobby Ray,B.o.B Presents: The Adventures of Bobby Ray,B.o.B,17,17,0,0,1,,2,12,270628,2010-01-01 00:00:00,2021-02-01 09:37:44,2021-02-01 07:21:01,,,,English Hip-Hop/Rap,,367377661,USAT20904033,
563,4508,4813,False,True,No Place,No Place,,,Backstreet Boys,Backstreet Boys,DNA,DNA,Backstreet Boys,22,22,0,0,1,,8,12,179252,2019-01-04 12:00:00,2021-02-01 09:37:44,2021-02-01 07:22:14,,,,English Pop,,1441172040,USRC11803639,
564,4400,4705,False,True,Key Largo,Key Largo,,,Bertie Higgins,Bertie Higgins,Just Another Day in Paradise,Just Another Day in Paradise,Bertie Higgins,10,10,0,0,1,,4,10,204773,1982-01-01 00:00:00,2021-02-01 09:37:29,2021-02-01 07:28:19,,,,English Classic,,1847973854,USHM20694957,
565,4288,4593,True,True,FXXK IT,FXXK IT,318754656,BIGBANG,BIGBANG,BIGBANG,MADE,MADE,BIGBANG,19,19,0,0,1,1,1,11,230922,2016-12-12 12:00:00,2021-02-01 09:36:57,2021-02-01 07:29:22,V.M,Korean,Pop,K Pop,,1313176077,KRA401600293,Music125/v4/5b/9b/8e/5b9b8ef2-998e-1210-8454-dfebfbf6271c/BB_COVER_IMAGE_4000.jpg
566,4812,5117,False,True,wish you were gay,wish you were gay,,,Billie Eilish,Billie Eilish,"WHEN WE ALL FALL ASLEEP, WHERE DO WE GO?","WHEN WE ALL FALL ASLEEP, WHERE DO WE GO?",Billie Eilish,30,30,0,0,1,,6,14,221361,2019-03-03 08:00:00,2021-02-01 09:37:44,2021-02-01 07:30:51,,,,English Pop,,1450695871,USUM71900767,
567,4460,4765,True,True,Marry You,Marry You,278873078,Bruno Mars,Bruno Mars,Bruno Mars,Doo-Wops & Hooligans,Doo-Wops & Hooligans,Bruno Mars,17,18,0,1,1,1,6,12,227552,2010-10-04 07:00:00,2021-02-01 09:37:44,2021-02-01 07:32:29,V.M,English,Pop,English R&B/Soul,,578054248,USAT21206920,Music125/v4/98/ae/c2/98aec2e1-3be4-0311-1b44-69348fc87abb/075679956484.jpg
568,4798,5103,True,True,When I Was Your Man,When I Was Your Man,278873078,Bruno Mars,Bruno Mars,Bruno Mars,Unorthodox Jukebox,Unorthodox Jukebox,Bruno Mars,23,24,0,1,1,1,6,10,214177,2012-12-07 08:00:00,2021-02-01 09:37:44,2021-02-01 07:34:11,V.M,English,R&B/Soul,English R&B/Soul,,573962555,USAT21206698,Music115/v4/e0/a4/7c/e0a47c6f-005a-9f9f-ce29-8e858e2bcfcb/075679957283.jpg
569,4598,4903,True,True,Save Me,Save Me,883131348,BTS,BTS,防彈少年團,The Most Beautiful Moment in Life: Young Forever,The Most Beautiful Moment in Life: Young Forever,BTS,46,46,0,0,1,2,11,12,197877,2016-05-02 00:00:00,2021-02-01 09:36:57,2021-02-01 07:36:19,V.M,Korean,Dance,K Pop,Bass.FutureBass,1598662137,KRA381600801,Music116/v4/4c/97/6f/4c976f5c-5196-1221-8517-ddfcb0ba514c/8804775070341_Cover.jpg
570,4722,5027,True,True,This Is What You Came For (feat. Rihanna),This Is What You Came For (feat. Rihanna),"201955086, 63346553","Calvin Harris, Rihanna",Calvin Harris,Calvin Harris,This Is What You Came For - Single,96 Months,Calvin Harris,56,56,0,0,1,1,3,17,235520,2016-04-29 00:00:00,2021-02-01 09:37:44,2021-02-01 07:40:24,V.F,English,Dance,English Dance,House.TropicalHouse,"1108212668, 1761396653",GBARL1600460,Music221/v4/96/ad/26/96ad26cb-b361-c810-0655-ce66df16b9d2/196872350296.jpg
571,4438,4743,True,True,"Love Ain't Changin (feat. Caslow, Red Comet & Alina Renae)","Love Ain't Changin (feat. Caslow, Red Comet & Alina Renae)","1019528519, 350247425, 1148358680, 635597663","GhostDragon, Caslow, Red Comet, Alina Renae",GhostDragon,GhostDragon,Stories,Stories - EP,GhostDragon,135,147,0,12,1,1,1,4,197355,2019-10-03 12:00:00,2021-02-01 09:37:44,2021-02-01 07:42:38,V.F,English,Dance,English Dance,Bass.FutureBass,1502149398,QM42K1996532,Music112/v4/3f/7f/60/3f7f6035-d1e5-13af-b92b-a133099981c8/5055199550435.png
572,4462,4767,False,True,Marvin Gaye (feat. Meghan Trainor),Marvin Gaye (feat. Meghan Trainor),,,Charlie Puth,Charlie Puth,Nine Track Mind,Nine Track Mind,Charlie Puth,21,21,0,0,1,,3,13,195944,2015-02-10 08:00:00,2021-02-01 09:37:44,2021-02-01 07:48:20,,,,English Pop,,1041127300,USAT21500255,
573,4348,4653,False,True,How Long,How Long,,,Charlie Puth,Charlie Puth,Voicenotes,Voicenotes,Charlie Puth,24,24,0,0,1,,4,13,209893,2017-10-05 12:00:00,2021-02-01 09:37:44,2021-02-01 07:49:42,,,,English Pop,,1293230534,USAT21702298,
574,4782,5087,False,True,The Way I Am,The Way I Am,,,Charlie Puth,Charlie Puth,Voicenotes,Voicenotes,Charlie Puth,21,21,0,0,1,,1,13,184816,2018-05-11 12:00:00,2021-02-01 09:37:44,2021-02-01 07:49:59,,,,English Pop,,1293229676,USAT21702296,
575,4640,4945,True,True,Sober (feat. Nicky Romero),Sober (feat. Nicky Romero),"957521979, 285266258","Cheat Codes, Nicky Romero",Cheat Codes,Cheat Codes,Sober - Single,Sober - Single,Cheat Codes,46,46,0,0,1,1,1,1,163265,2017-07-28 00:00:00,2021-02-01 09:37:44,2021-02-01 07:51:37,V.F,English,Dance,English Dance,Bass.FutureBass,1262021625,QMCE31701230,Music115/v4/83/e3/d9/83e3d9bc-9893-b2fc-02a8-cb6b2d5114fd/814908024088.jpg
576,4418,4723,True,True,Let Me Hold You (Turn Me On) (feat. Dante Klein),Let Me Hold You (Turn Me On) (feat. Dante Klein),"957521979, 942593665","Cheat Codes, Dante Klein",Cheat Codes,Cheat Codes,Let Me Hold You (Turn Me On) - Single,Let Me Hold You (Turn Me On) - Single,Cheat Codes,53,53,0,0,1,1,1,1,162403,2016-07-01 12:00:00,2021-02-01 09:37:44,2021-02-01 07:52:49,V.M,English,Dance,English Dance,House.TropicalHouse,1336608979,NLZ541600032,Music115/v4/f6/68/81/f66881a1-2b54-099f-3fad-aa9906409778/8712944511734.jpg
577,4760,5065,True,True,Waitin' On 5,Waitin' On 5,319072950,Chris Janson,Chris Janson,Chris Janson,Real Friends,Real Friends,Chris Janson,46,46,0,0,1,1,6,14,174837,2019-06-07 12:00:00,2021-02-01 09:37:44,2021-02-01 07:53:52,V.M,English,Country,English Country,Pop.Influenced,1478976783,USWB11901247,Music125/v4/b5/6a/92/b56a9280-5881-82db-f0cd-a27b0f889c29/093624897057.jpg
578,4032,4337,True,True,Afterglow,Afterglow,183313439,Ed Sheeran,Ed Sheeran,Ed Sheeran,Afterglow - Single,= (Tour Edition),Ed Sheeran,42,42,0,0,1,1,15,23,185861,2020-01-01 00:00:00,2021-02-01 09:37:44,2021-02-01 07:55:07,V.M,English,Pop,English Rock,,"1545341251, 1625198688",,Music122/v4/53/4a/01/534a01d1-d7c6-db04-7e00-b78cd4e50bfc/5054197180880.jpg
579,4556,4861,True,True,Perfect,Perfect,183313439,Ed Sheeran,Ed Sheeran,Ed Sheeran,÷,÷,Ed Sheeran,33,33,0,0,1,1,5,12,268956,2017-03-03 08:00:00,2021-02-01 09:37:44,2021-02-01 07:56:22,V.M,English,Pop,English Rock,,"1193700769, 1193701400",GBAHS1700007,Music115/v4/15/e6/e8/15e6e8a4-4190-6a8b-86c3-ab4a51b88288/190295851286.jpg
580,4794,5099,False,True,When A Long Night Comes,When A Long Night Comes,,,Eddy Kim,Eddy Kim,"While You Were Sleeping, Pt. 1 (Original Television Soundtrack) - Single","While You Were Sleeping, Pt. 1 (Original Television Soundtrack) - Single",Eddy Kim,23,23,0,0,1,1,1,2,227108,2017-09-28 12:00:00,2021-02-01 09:53:54,2021-02-01 07:58:50,,,,K Pop,,1686860544,KRC211700011,
581,4844,5149,False,True,Your Song,Your Song,,,Elton John,Elton John,Elton John,Elton John,Elton John,35,35,0,0,1,,1,13,240901,1970-01-01 00:00:00,2021-02-01 09:37:29,2021-02-01 08:02:30,,,,English Classic,,1440810937,GBAMB9500072,
582,4148,4453,True,True,Can't Stop (feat. Luma),Can't Stop (feat. Luma),"1019528519, 132347710","GhostDragon, Luma",GhostDragon,GhostDragon,Stories,Stories - EP,GhostDragon,109,118,0,9,1,1,2,4,198530,2020-03-14 12:00:00,2021-02-01 09:37:44,2021-02-01 08:03:36,V.F,English,Dance,English Dance,Bass.FutureBass,1502149413,GB2LD2010006,Music112/v4/3f/7f/60/3f7f6035-d1e5-13af-b92b-a133099981c8/5055199550435.png
583,4056,4361,True,True,Another Night (feat. Exede),Another Night (feat. Exede),"1019528519, 1237729767","GhostDragon, Exede",GhostDragon,GhostDragon,"Ophelia Presents: Advent, Vol. 2","Ophelia Presents: Advent, Vol. 2",Various Artists,75,83,0,8,1,1,6,8,195840,2020-11-20 00:00:00,2021-02-01 09:37:44,2021-02-01 08:06:23,V.M,English,Dance,English Dance,"Dubstep.MelodicDubstep, Pop.Influenced",1806757087,GBEWA1910065,Music211/v4/d9/42/9b/d9429b4c-da1b-ce06-4e60-17814515653d/5039060585498.jpg
584,4414,4719,False,True,"Let Me Go (feat. Alesso, Florida Georgia Line & Andrew Watt)","Let Me Go (feat. Alesso, Florida Georgia Line & Andrew Watt)",,,Hailee Steinfeld,Hailee Steinfeld,Let Me Go - Single,Let Me Go - Single,Hailee Steinfeld,45,45,0,0,1,1,1,1,182256,2017-09-08 12:00:00,2021-02-01 09:37:44,2021-02-01 08:09:44,V.X,English,Dance,English Dance,House.TropicalHouse,,,
585,4192,4497,True,True,The Cure,The Cure,277293880,Lady Gaga,Lady Gaga,Lady Gaga,The Cure - Single,The Cure - Single,Lady Gaga,47,47,0,0,1,1,1,1,209214,2017-04-16 12:00:00,2021-02-01 09:37:44,2021-02-01 08:11:44,V.F,English,Pop,English Pop,Dance.Influenced,1445051404,USUM71703782,Music125/v4/c4/f1/86/c4f186ea-1742-5e73-64c7-9179fc4b8566/00602557652536.rgb.jpg
586,4602,4907,True,True,Scared To Be Lonely (feat. Dua Lipa),Scared To Be Lonely (feat. Dua Lipa),"430932944, 1031397873","Martin Garrix, Dua Lipa",Martin Garrix,Martin Garrix,Scared to Be Lonely - Single,Scared to Be Lonely - Single,Martin Garrix,48,48,0,0,1,1,1,1,233012,2017-01-27 00:00:00,2021-02-01 09:37:44,2021-02-01 08:13:23,V.F,English,Dance,English Dance,Bass.FutureBass,1196786344,NLM5S1600025,Music115/v4/44/46/1f/44461f0c-a949-ce72-0164-704056469fc8/886446328331.jpg
587,4530,4835,True,True,Ocean (feat. Khalid),Ocean (feat. Khalid),"430932944, 82842423","Martin Garrix, Khalid",Martin Garrix,Martin Garrix,Ocean - Single,Ocean - Single,Martin Garrix,54,55,0,1,1,1,1,1,214021,2018-06-15 12:00:00,2021-02-01 09:37:44,2021-02-01 08:14:23,V.M,English,R&B/Soul,English Dance,,1397556695,NLM5S1800214,Music115/v4/aa/9f/21/aa9f2126-5745-4e74-b71f-e7a864c24cc8/886447159491.jpg
588,4710,5015,True,True,There For You (feat. Troye Sivan),There For You (feat. Troye Sivan),"430932944, 396295677","Martin Garrix, Troye Sivan",Martin Garrix,Martin Garrix,There for You - Single,There for You - Single,Martin Garrix,51,51,0,0,1,1,1,1,225097,2017-05-26 12:00:00,2021-02-01 09:37:44,2021-02-01 08:15:30,V.M,English,Dance,English Dance,Bass.FutureBass,1238673347,NLM5S1600060,Music124/v4/9f/1f/ea/9f1fea1f-792e-1265-cfda-dc2a6c1e90b7/886446532165.jpg
589,4756,5061,True,True,Wait For You (feat. Maia Wright),Wait For You (feat. Maia Wright),"1086257963, 1228100112","Mike Williams, Maia Wright",Mike Williams,Mike Williams,Wait For You - Single,Wait For You - Single,Mike Williams,46,47,0,1,1,1,1,1,173113,2019-05-03 12:00:00,2021-02-01 09:37:44,2021-02-01 08:17:01,V.F,English,Dance,English Dance,"House.FutureHouse, House.TropicalHouse",1459995107,NLZ541900623,Music123/v4/3f/06/50/3f0650c6-349c-e92b-fd5f-9b088f5c8dc4/190295428969.jpg
590,4678,4983,True,True,Steps,Steps,333815122,Roa,Roa,Roa,Steps - Single,Steps - Single,Roa,49,50,0,1,1,1,1,1,222406,2020-03-09 12:00:00,2021-02-01 09:38:15,2021-02-01 08:24:02,A,-,Dance,House,House.TropicalHouse,1502723118,GBSMU7690225,Music113/v4/7e/22/35/7e22357b-ad28-1786-66a9-947604f17e82/5059505426032_cover.jpg
591,4680,4985,False,True,Stitches,Stitches,,,Shawn Mendes,Shawn Mendes,Handwritten,Handwritten,Shawn Mendes,23,23,0,0,1,,2,13,217077,2015-01-01 00:00:00,2021-02-01 09:37:44,2021-02-01 08:25:45,,,,English Pop,,1440849573,USUM71500658,
592,4350,4655,True,True,Hurts Sometimes (feat. Fairlane & Jonathan Mendelsohn),Hurts Sometimes (feat. Fairlane & Jonathan Mendelsohn),"1051421487, 332465235, 253213704","SLANDER, Fairlane, Jonathan Mendelsohn",SLANDER,SLANDER,Hurts Sometimes - Single,Heaven Sent: Volume 1,Various Artists,68,75,0,7,1,1,1,13,226246,2020-10-23 12:00:00,2021-02-01 09:37:44,2021-02-01 08:27:17,V.M,English,Dance,English Dance,Dubstep.MelodicDubstep,"1536650603, 1602411306",CA5KR2102149,Music126/v4/1f/de/1a/1fde1ace-90fd-0144-1d4d-2730ab986a92/cover.jpg
593,4320,4625,False,True,Happy Now (feat. Elley Duhé),Happy Now (feat. Elley Duhé),,,Zedd,Zedd,Happy Now - Single,Happy Now - Single,Zedd,33,33,0,0,1,,,,206106,2018-07-18 12:00:00,2021-02-01 09:37:44,2021-02-01 08:30:47,,,,English Dance,,1410095410,USUM71808663,
594,3722,4027,False,True,岩石裡的花,岩石裡的花,,,鄧紫棋,鄧紫棋,睡皇后,睡皇后,鄧紫棋,21,21,0,0,1,,1,3,291186,2018-12-28 12:00:00,2021-02-01 09:37:12,2021-02-01 08:36:16,,,,Mando Pop,,1445400834,HKI111800009,
595,3896,4201,False,True,絕對發言,絕對發言,,,九澤CP,九澤CP,第四象限,第四象限,九澤CP,34,34,0,0,1,1,1,7,203598,2020-08-07 12:00:00,2021-02-01 09:37:12,2021-02-01 08:38:51,,,,Mando Pop,,1526098015,TWA452000029,
596,4636,4941,False,True,So Bad,So Bad,,,高爾宣 OSN,高爾宣 OSN,So Bad - Single,So Bad - Single,高爾宣 OSN,43,43,0,0,1,,,,172251,2020-08-10 12:00:00,2021-02-01 09:37:12,2021-02-01 08:39:53,,,,Mando Hip-Hop/Rap,,1826951867,TWCC32005969,
597,4362,4667,False,True,I Think I Love You (feat. 吳映潔 GEmma Wu),I Think I Love You (feat. 吳映潔 GEmma Wu),,,曹楊,曹楊,規定情境,規定情境,曹楊,23,23,0,0,,,5,11,220734,2020-01-01 00:00:00,2021-02-01 09:37:12,2021-03-29 10:52:06,,,,Mando Pop,,,,
598,4832,5137,True,True,You Are,You Are,1052525542,派偉俊,派偉俊,派偉俊,燥熱,燥熱,派偉俊,60,62,0,2,1,1,6,10,181315,2020-10-23 00:00:00,2021-02-01 09:37:12,2021-03-29 10:58:06,V.M,Mandarin,Dance,Mando Pop,Trap,1536263380,"TWL252007101, TWL252007305",Music124/v4/97/b2/a8/97b2a85d-c08f-9781-7b87-e022633a6a57/Untitled.jpg
599,3744,4049,False,True,很久以後,很久以後,,,鄧紫棋,鄧紫棋,摩天動物園,摩天動物園,,12,12,0,0,,,4,13,286406,2019-01-01 00:00:00,2021-02-01 09:37:12,2021-03-29 11:04:39,,,,Mando Pop,,,,
600,3664,3969,False,True,我不說愛你,我不說愛你,,,派偉俊,派偉俊,燥熱,燥熱,,33,33,0,0,,,7,10,172303,2020-10-23 12:00:00,2021-02-01 09:37:12,2021-03-29 10:58:09,,,,Mando Pop,,1536263381,TWL252007306,
601,3608,3913,True,True,火柴,火柴,1052525542,派偉俊,派偉俊,派偉俊,燥熱,燥熱,派偉俊,48,48,0,0,1,1,8,10,174759,2020-10-23 12:00:00,2021-02-01 09:37:12,2021-03-29 10:58:13,V.M,Mandarin,Pop,Mando Pop,,1536263382,TWL252007307,Music124/v4/97/b2/a8/97b2a85d-c08f-9781-7b87-e022633a6a57/Untitled.jpg
602,3996,4301,False,True,燥熱,燥熱,,,派偉俊,派偉俊,燥熱,燥熱,,26,26,0,0,,,10,10,178102,2020-10-23 12:00:00,2021-02-01 09:37:12,2021-03-29 10:58:17,,,,Mando Pop,,1536263384,TWL252007309,
603,3978,4283,False,True,蝴蝶,蝴蝶,,,派偉俊,派偉俊,燥熱,燥熱,,38,38,0,0,,,1,10,179565,2020-10-23 12:00:00,2021-02-01 09:37:12,2021-03-29 10:57:45,,,,Mando Pop,,1536263195,TWL252007302,
604,3790,4095,False,True,香檳配你的美 (feat. ANGIE),香檳配你的美 (feat. ANGIE),,,派偉俊,派偉俊,燥熱,燥熱,派偉俊,46,46,0,0,,,2,10,186044,2020-10-23 12:00:00,2021-02-01 10:11:49,2021-03-29 10:57:50,V.X,Mandarin,Pop,Mando Pop,Dance.Influenced,1536263376,TWL252007303,
605,4208,4513,True,True,Different Story VIP,Different Story VIP,1465137157,Another Kid,Another Kid,Another Kid,Different Story VIP - Single,Different Story VIP - Single,Another Kid,53,55,0,2,1,1,1,1,149394,2021-01-27 00:00:00,2021-02-16 05:50:11,2021-02-15 00:54:54,A,-,Dance,House,Downtempo,1546961281,QZPLS2016439,Music114/v4/c1/44/99/c14499df-f2d6-c0ce-2b44-939e19dd0c5e/artwork.jpg
606,4184,4489,True,True,Crazy (feat. JVNA),Crazy (feat. JVNA),"1127956990, 1166726627","BEAUZ, JVNA",BEAUZ,BEAUZ,Crazy - Single,Crazy - Single,BEAUZ,80,85,0,5,1,1,1,1,188238,2019-02-01 12:00:00,2021-02-16 05:53:04,2021-02-15 00:58:39,V.F,English,Dance,English Dance,Bass.FutureBass,"1449612596, 1869069458",GB2LD1900017,Music124/v4/f3/3a/b4/f33ab411-b906-6445-d322-ccccdbc1a383/cover.jpg
607,4096,4401,True,True,Beautiful People (feat. Khalid),Beautiful People (feat. Khalid),"183313439, 82842423","Ed Sheeran, Khalid",Ed Sheeran,Ed Sheeran,No.6 Collaborations Project,No.6 Collaborations Project,Ed Sheeran,46,46,0,0,1,1,1,15,198086,2019-06-28 07:00:00,2021-02-16 05:53:04,2021-02-15 13:01:25,V.M,English,R&B/Soul,English Rock,Pop.Influenced,1464549657,GBAHS1900713,Music123/v4/ba/e2/2a/bae22a5e-c878-da64-0ecc-4a3584a1a139/190295411411.jpg
608,4428,4733,True,True,Lonely Alone (feat. Jeremy Zucker),Lonely Alone (feat. Jeremy Zucker),"398935148, 1049356910","Chelsea Cutler, Jeremy Zucker",Chelsea Cutler,Chelsea Cutler,Sleeping With Roses,Sleeping with Roses,Chelsea Cutler,60,60,0,0,1,1,2,8,194560,2018-06-08 12:00:00,2021-02-16 05:53:04,2021-02-15 13:01:55,V.X,English,Pop,English Pop,Dance.Influenced,1771691699,TCADQ1895989,Music221/v4/97/50/36/97503632-f722-a355-e05b-319c2815d7f6/0859727002121_Cover.jpg
609,4574,4879,True,True,Remember,Remember,1604279676,ikson,Ikson,Ikson,Remember - Single,Remember - Single,ikson,49,49,0,0,1,1,1,1,184137,2018-01-18 12:00:00,2021-02-16 05:50:11,2021-02-15 13:04:25,A,-,Dance,House,House.TropicalHouse,1413233567,SE5BU1758504,Music128/v4/fd/7d/d6/fd7dd61e-6ded-33a1-5a83-fb870ccf7351/6AD66ED4-CA84-40BF-BD65-6C0720BA8828.jpg
610,4690,4995,False,True,supercuts,supercuts,,,Jeremy Zucker,Jeremy Zucker,supercuts,supercuts,Jeremy Zucker,43,43,0,0,1,,1,5,213760,2020-07-24 12:00:00,2021-02-16 05:53:04,2021-02-15 13:05:57,,,,English Pop,,1529513423,USUM72013591,
611,4212,4517,False,True,Domino,Domino,,,Jessie J,Jessie J,Who You Are,Who You Are,Jessie J,34,34,0,0,1,,14,15,242259,2011-02-25 12:00:00,2021-02-16 05:53:04,2021-02-15 13:07:50,,,,English Pop,,1440719806,USUM71113573,
612,4566,4871,False,True,Price Tag (feat. B.o.B),Price Tag (feat. B.o.B),,,Jessie J,Jessie J,Who You Are,Who You Are,Jessie J,24,24,0,0,1,,1,15,227526,2011-01-25 12:00:00,2021-02-16 05:53:04,2021-02-15 13:08:21,,,,English Pop,,1446021147,USUM71029357,
613,4388,4693,False,True,Intentions (feat. Quavo),Intentions (feat. Quavo),,,Justin Bieber,Justin Bieber,Changes,Changes,Justin Bieber,27,27,0,0,1,,4,17,213002,2020-01-01 00:00:00,2021-02-16 05:53:04,2021-02-15 13:10:03,,,,English Pop,,,,
614,4654,4959,False,True,Sorry,Sorry,,,Justin Bieber,Justin Bieber,Purpose,Purpose,Justin Bieber,18,18,0,0,1,,4,17,198817,2015-01-01 00:00:00,2021-02-16 05:53:04,2021-02-15 13:11:51,,,,English Pop,,1440826320,USUM71516760,
615,4502,4807,False,True,Nights Like This (feat. Ty Dolla $ign),Nights Like This (feat. Ty Dolla $ign),,,Kehlani,Kehlani,While We Wait,While We Wait,Kehlani,29,29,0,0,1,,6,9,202187,2019-01-10 08:00:00,2021-02-16 05:57:04,2021-02-15 13:15:31,,,,English R&B/Soul,,1452002228,USAT21813049,
616,4126,4431,False,True,Broken & Beautiful,Broken & Beautiful,,,Kelly Clarkson,Kelly Clarkson,UglyDolls (Original Motion Picture Soundtrack),UglyDolls (Original Motion Picture Soundtrack),,38,38,0,0,1,,1,16,219167,2019-03-27 07:00:00,2021-02-16 05:53:04,2021-02-15 13:17:56,,,,English Pop,,1457278809,USAT21901877,
617,4326,4631,False,True,Heartbeat Song,Heartbeat Song,,,Kelly Clarkson,Kelly Clarkson,Piece by Piece,Piece by Piece,Kelly Clarkson,20,21,0,1,1,,1,13,202344,2015-01-12 08:00:00,2021-02-16 05:53:04,2021-02-15 13:19:25,,,,English Pop,,962502168,GBCTA1400065,
618,4252,4557,False,True,Evidemment,Evidemment,,,Kendji Girac,Kendji Girac,Mi Vida,Mi Vida,Kendji Girac,32,32,0,0,1,,4,11,237871,2020-10-09 12:00:00,2021-02-16 05:53:04,2021-02-15 13:21:40,,,,French Pop,,1542324071,FRUM72001249,
619,4542,4847,False,True,OTW (feat. 6LACK & Ty Dolla $ign),OTW (feat. 6LACK & Ty Dolla $ign),,,Khalid,Khalid,OTW - Single,OTW - Single,Khalid,35,36,0,1,1,,,,264620,2018-04-20 12:00:00,2021-02-16 05:53:04,2021-02-15 13:22:55,,,,English R&B/Soul,,1373820766,USRC11801716,
620,4266,4571,True,True,First Time (feat. Ellie Goulding),First Time (feat. Ellie Goulding),"635806094, 338264227","Kygo, Ellie Goulding",Kygo,Kygo,First Time - Single,First Time - Single,"Kygo, Ellie Goulding",52,53,0,1,1,1,1,1,194481,2017-04-28 12:00:00,2021-02-16 05:53:04,2021-02-15 13:25:14,V.F,English,Dance,English Dance,House.TropicalHouse,1229622695,SEBGA1700113,Music117/v4/37/cc/72/37cc7221-979e-c8f4-714f-39b8fe519d47/886446483948.jpg
621,4120,4425,True,True,Born To Be Yours (feat. Imagine Dragons),Born To Be Yours (feat. Imagine Dragons),"635806094, 358714030","Kygo, Imagine Dragons",Kygo,Kygo,Born To Be Yours - Single,Born To Be Yours - Single,"Kygo, Imagine Dragons",56,58,0,2,1,1,1,1,196414,2018-06-15 12:00:00,2021-02-16 05:56:33,2021-02-15 13:27:13,V.M,English,Dance,English Dance,House.TropicalHouse,1397556701,SEBGA1802355,Music124/v4/75/14/c6/7514c685-209f-baff-888a-9cecd34992f6/886447165485.jpg
622,4382,4687,False,True,if this is the last time,if this is the last time,,,LANY,LANY,mama's boy,mama's boy,LANY,32,33,0,1,1,,4,14,204434,2020-07-01 07:00:00,2021-02-16 05:56:33,2021-02-15 13:28:41,,,,English Pop,,1525736404,GBUM72003217,
623,4118,4423,False,True,Bolingo (feat. Lyna Mahyem),Bolingo (feat. Lyna Mahyem),,,Lartiste,Lartiste,Comme avant,Comme avant,Lartiste,33,33,0,0,2,2,1,13,200359,2020-07-17 12:00:00,2021-02-16 05:56:33,2021-02-15 13:30:17,,,,French Pop,,1536135223,FR9O82000150,
624,4102,4407,False,True,Before You Go,Before You Go,,,Lewis Capaldi,Lewis Capaldi,Divinely Uninspired To a Hellish Extent,Divinely Uninspired To a Hellish Extent,Lewis Capaldi,23,24,0,1,1,,13,15,248111,2019-01-01 00:00:00,2021-02-16 05:56:33,2021-02-15 13:31:55,,,,English R&B/Soul,,,,
625,4232,4537,True,True,Echoes,Echoes,1442196233,LiQWYD,LiQWYD,LiQWYD,Echoes - Single,Echoes - Single,LiQWYD,57,59,0,2,1,1,1,1,158484,2020-01-01 00:00:00,2021-02-16 05:50:11,2021-02-15 13:33:20,A,-,Dance,House,House.TropicalHouse,1539976206,QZJRC2080223,Music124/v4/fe/c0/fb/fec0fb57-5221-e691-f9e6-5cbe8ee78c38/artwork.jpg
626,4396,4701,True,True,Just Smile,Just Smile,1442196233,LiQWYD,LiQWYD,LiQWYD,Just Smile - Single,Just Smile - Single,LiQWYD,44,46,0,2,1,1,1,1,211356,2020-07-17 12:00:00,2021-02-16 05:50:11,2021-02-15 13:34:23,A,-,Dance,House,House.TropicalHouse,1517119166,QZHPJ2006709,Music113/v4/82/19/f9/8219f938-d246-8342-3b2e-a7baf06046cd/artwork.jpg
627,4466,4771,True,True,Memories,Memories,1442196233,LiQWYD,LiQWYD,LiQWYD,Memories - Single,Memories - Single,LiQWYD,55,58,0,3,1,1,1,1,142132,2020-09-11 12:00:00,2021-02-16 05:50:11,2021-02-15 13:35:18,A,-,Dance,House,House.TropicalHouse,1528814901,QZHZD2088976,Music124/v4/80/bc/dd/80bcdd5c-5524-e411-2746-040e5acb0bf6/artwork.jpg
628,4724,5029,False,True,This Love,This Love,,,Maroon 5,Maroon 5,Songs About Jane,Songs About Jane,Maroon 5,24,24,0,0,1,,2,12,206942,2002-06-25 07:00:00,2021-02-16 05:56:33,2021-02-15 14:09:30,,,,English Rock,,1428782513,USJAY0300080,
629,4086,4391,True,True,Be Kind (feat. Marshmello),Be Kind (feat. Marshmello),"980795202, 324916925","Marshmello, Halsey",Halsey,Halsey,Manic,Manic,Halsey,95,95,0,0,2,2,3,11,173296,2020-01-15 00:00:00,2021-02-16 05:56:33,2021-02-15 14:11:47,V.F,English,Pop,English Dance,Dance.Influenced,1533015043,USUG12001567,Music125/v4/ef/31/30/ef31309b-3858-0e14-5634-025975216432/19UMGIM75011.rgb.jpg
630,4510,4815,False,True,No Sleep (feat. Bonn),No Sleep (feat. Bonn),,,Martin Garrix,Martin Garrix,No Sleep - Single,No Sleep - Single,Martin Garrix,45,45,0,0,1,,,,208457,2019-01-01 00:00:00,2021-02-16 05:56:33,2021-02-15 14:18:00,V.M,English,Dance,English Dance,House.ProgressiveHouse,,,
631,4628,4933,True,True,Silence,Silence,1384278483,Metro Vice,Metro Vice,Metro Vice,Silence - Single,Silence - Single,Metro Vice,52,53,0,1,1,1,1,1,174445,2021-02-10 12:00:00,2021-02-16 05:50:11,2021-02-15 14:20:51,A,-,Dance,Downtempo,Trap,1551487656,QZFZ42113783,Music124/v4/5c/7c/86/5c7c86a7-2f22-913c-fe09-02cf152166fc/artwork.jpg
632,4470,4775,True,True,Middle of a Memory,Middle of a Memory,354625084,Cole Swindell,Cole Swindell,Cole Swindell,You Should Be Here,You Should Be Here,Cole Swindell,164,164,0,0,1,1,2,14,226403,2016-05-02 07:00:00,2021-02-16 05:53:04,2021-02-15 14:24:10,V.M,English,Country,English Country,,1098026546,USWB11600314,Music124/v4/1f/d0/93/1fd093e7-dcd9-eff7-0b3c-858bd937bb22/093624920274.jpg
633,4052,4357,True,True,Andromeda (feat. James Stailey),Andromeda (feat. James Stailey),"1270305236, 1436188736","Midtro, James Stailey",Midtro,Midtro,Andromeda - Single,Andromeda - Single,"Midtro, James Stailey",81,88,0,7,1,1,1,1,367386,2018-09-28 12:00:00,2021-02-16 05:50:11,2021-02-15 14:28:15,A,-,Dance,Downtempo,Dubstep.Chillstep,1436188738,TCADW1803035,Music128/v4/a5/aa/d1/a5aad1fb-07b6-eb9c-feeb-51b087372c6a/859728579073_cover.jpg
634,4490,4795,True,True,NCS Dream,NCS Dream,1391727241,Di Young,Di Young,Di Young,NCS Dream - Single,NCS Dream - Single,Di Young,87,90,0,3,1,1,1,1,147252,2020-10-14 12:00:00,2021-02-16 05:50:11,2021-02-15 14:30:30,A,-,Dance,Future Bass,"Bass.FutureBass, Bass.KawaiiBass",1588078598,QZMEN2062169,Music125/v4/ae/75/78/ae7578ea-962e-1613-f1f8-935b5fcba2b7/10c9a0f5-78fb-469a-b712-17d3ff53363f.jpg
635,4810,5115,False,True,Winter Magic,Winter Magic,,,Roa,Roa,Winter Magic - Single,Winter Magic - Single,Roa,43,43,0,0,1,,,,281756,2020-01-01 00:00:00,2021-02-16 05:50:11,2021-02-15 14:32:26,,,,House,,,,
636,4030,4335,True,True,After the Rain,After the Rain,333815122,Roa,Roa,Roa,After the Rain - Single,After the Rain - Single,Roa,57,59,0,2,1,1,1,1,276741,2020-11-06 00:00:00,2021-02-16 05:50:11,2021-02-15 14:33:41,A,-,Dance,House,House.TropicalHouse,1539499390,GBSMU9005261,Music124/v4/c3/2a/45/c32a4565-038b-dbb6-84b3-694034a66865/5059654751733_cover.jpg
637,4280,4585,True,True,Freedom,Freedom,333815122,Roa,Roa,Roa,Freedom - Single,Freedom - Single,Roa,49,49,0,0,1,1,1,1,270680,2020-10-13 12:00:00,2021-02-16 05:50:11,2021-02-15 14:34:34,A,-,Dance,House,House.TropicalHouse,1536385113,GBSMU8865014,Music114/v4/12/60/be/1260be37-78e6-9d72-a5f3-aae3d3b69a34/5059654461755_cover.jpg
638,4422,4727,True,True,Life,Life,333815122,Roa,Roa,Roa,Life - Single,Life - Single,Roa,55,57,0,2,1,1,1,1,277577,2020-09-26 00:00:00,2021-02-16 05:50:11,2021-02-15 14:36:01,A,-,Dance,House,House.TropicalHouse,,GBSMU8772423,
639,4850,5155,True,True,2Am,2Am,333815122,Roa,Roa,Roa,2Am - Single,2Am - Single,Roa,45,46,0,1,1,1,1,1,198582,2020-06-23 12:00:00,2021-02-16 05:50:11,2021-02-15 14:37:05,A,-,Dance,House,House.TropicalHouse,1523837612,GBSMU8268284,Music114/v4/0b/c1/38/0bc138b4-d6a1-aaaf-2380-a483bff8dff0/5059505432958_cover.jpg
640,4340,4645,True,True,Hope for Tomorrow,Hope for Tomorrow,1503480346,Tokyo Music Walker,Tokyo Music Walker,Tokyo Music Walker,Hope for Tomorrow - Single,Hope for Tomorrow - Single,Tokyo Music Walker,50,51,0,1,1,1,1,1,225149,2020-10-23 12:00:00,2021-02-16 05:50:11,2021-02-15 14:40:56,A,-,Instrumental,Downtempo,,1535185102,QZMHP2022128,Music124/v4/7d/7c/55/7d7c55e8-900b-611b-bb77-f470a89b45b2/4062994373269_cover.jpg
641,4778,5083,True,True,Way Back (feat. Cozi Zuehlsdorff),Way Back (feat. Cozi Zuehlsdorff),"586782209, 472779588","Vicetone, Cozi Zuehlsdorff",Vicetone,Vicetone,Way Back - Single,Way Back - Single,Vicetone,46,46,0,0,1,1,1,1,209057,2018-03-09 12:00:00,2021-02-16 05:56:33,2021-02-15 14:44:25,V.F,English,Dance,English Dance,House.ElectroHouse,1355815560,CA6D21800042,Music128/v4/59/a5/7e/59a57e85-ba92-c589-ef3b-9fc05b88fc6a/Vicetone_-_Way_Back_feat._Cozi_Zuehlsdorff_Art.jpg
642,4540,4845,False,True,The Other Side (feat. Justin Timberlake),The Other Side (feat. Justin Timberlake),,,SZA,SZA,TROLLS World Tour (Original Motion Picture Soundtrack),TROLLS World Tour (Original Motion Picture Soundtrack),,20,22,0,2,1,,1,20,186618,2020-02-26 08:00:00,2021-02-16 07:01:02,2021-02-15 14:44:57,,,,English R&B/Soul,,1497230376,USRC11903596,
643,4110,4415,False,True,better with you,better with you,,,Virginia To Vegas,Virginia To Vegas,a constant state of improvement.,a constant state of improvement.,Virginia To Vegas,32,32,0,0,1,,5,5,192182,2020-02-28 12:00:00,2021-02-16 05:56:33,2021-02-15 14:46:12,,,,English Indie,,1497227167,CA0K52000008,
644,4302,4607,False,True,Good Thing (feat. Kehlani),Good Thing (feat. Kehlani),,,Zedd,Zedd,Good Thing - Single,Good Thing - Single,Zedd,25,25,0,0,1,,,,229511,2019-01-01 00:00:00,2021-02-16 05:56:33,2021-02-15 14:51:35,,,,English Dance,,,,
645,3574,3879,False,True,也可以,也可以,,,閻奕格,閻奕格,我有我自己,我有我自己,閻奕格,22,22,0,0,1,,10,10,270680,2015-11-10 12:00:00,2021-02-16 05:48:44,2021-02-15 14:59:40,,,,Mando Pop,,1057149704,TWD951564103,
646,4188,4493,True,True,Crush On,Crush On,1441098132,李浩瑋,李浩瑋,李浩瑋,Diamond In The Rough,Diamond In The Rough,李浩瑋,53,53,0,0,1,1,1,10,183588,2020-04-23 07:00:00,2021-02-16 05:48:44,2021-03-29 10:53:19,V.M,Mandarin,R&B/Soul,Mando R&B/Soul,,1507898700,TWA452000010,Music124/v4/08/2c/e9/082ce994-8e72-4b04-d0d7-07db97fcd311/4710149678331.jpg
647,3900,4205,False,True,絲路,絲路,,,梁靜茹,梁靜茹,絲路,絲路,,21,21,0,0,,,1,10,300355,2005-09-16 12:00:00,2021-02-16 05:48:44,2021-03-29 10:56:22,,,,Mando Pop,,151338385,TWA450586601,
648,3766,4071,False,True,柔軟,柔軟,,,吳青峰,吳青峰,冊葉一 : 一與一,冊葉一 : 一與一,,29,29,0,0,1,2,7,8,314148,2020-10-08 12:00:00,2021-02-19 03:44:09,2021-03-29 10:45:41,,,,Mando Pop,,1534532574,TWFE12000007,
649,4864,5169,False,True,Anyone,Anyone,,,Justin Bieber,Justin Bieber,Justice,Justice,Justin Bieber,33,34,0,1,1,1,15,,190779,2021-01-01 08:00:00,2021-03-24 13:03:27,2021-03-24 13:03:27,,,,English Pop,,1556176092,USUM72023175,
650,4866,5171,True,True,Sad Song (feat. Elena Coats),Sad Song (feat. Elena Coats),"264468838, 391382611","We the Kings, Elena Coats",We the Kings,We the Kings,Somewhere Somehow,Somewhere Somehow,We the Kings,85,85,0,0,1,1,12,13,226330,2013-12-16 12:00:00,2021-03-24 13:05:35,2021-03-24 13:05:35,V.X,English,Pop,English Rock,,1437554577,QMGKG1300017,Music128/v4/28/0a/3f/280a3f31-eef8-da47-fdfe-64ce6afe9c02/4050538273595.jpg
651,4868,5173,True,True,Be Your Light,Be Your Light,1419997886,CLNGR,CLNGR,CLNGR,Be Your Light - Single,Be Your Light - Single,CLNGR,60,63,0,3,1,1,1,3,212459,2019-09-06 12:00:00,2021-03-24 13:25:43,2021-03-24 13:25:43,V.M,English,Dance,English Pop,"House.TropicalHouse, Pop.Influenced",1478129133,SE5Q51902250,Music113/v4/bc/07/4f/bc074f1c-0ef4-4def-c73a-d04fa39ee0d1/7330178037199.png
652,4872,5177,True,True,Saturday Nights,Saturday Nights,82842423,Khalid,Khalid,Khalid,Suncity - EP,Suncity - EP,Khalid,127,130,0,3,1,1,3,7,209544,2018-10-19 07:00:00,2021-03-24 13:35:42,2021-03-24 13:35:42,V.M,English,R&B/Soul,English R&B/Soul,,1438912966,USRC11803517,Music125/v4/13/f8/24/13f8244c-03cb-e123-9d7e-927484170344/886447357385.jpg
653,4874,5179,True,True,Voices,Voices,"1441473062, 383934219","Savi, Bryan Ellis",Savi & Bryan Ellis,Savi & Bryan Ellis,Voices - Single,Voices - Single,"Savi, Bryan Ellis",48,48,0,0,1,1,1,1,181969,2018-06-01 12:00:00,2021-03-24 14:03:28,2021-03-24 14:03:28,V.M,English,Dance,English Dance,Bass.FutureBass,1577603608,GBSMU5205671,Music126/v4/9b/63/8d/9b638d41-f176-bb2a-3ab0-dd5201700400/5057728810010.jpg
654,4876,5181,True,True,Lost With You,Lost With You,1237729767,Exede,Exede,Exede,Lost With You - Single,Lost With You - Single,Exede,66,68,0,2,1,1,1,1,209659,2018-06-29 12:00:00,2021-03-24 14:05:59,2021-03-24 14:05:59,V.M,English,Dance,English Dance,Bass.FutureBass,1576860379,GBSMU5326879,Music115/v4/49/10/25/4910257c-1162-6bb3-4198-24b90f6d14fb/5057917316323.jpg
655,4880,5185,False,True,Without Her,Without Her,,,周興哲,Eric Chou,如果雨之後,如果雨之後,Eric Chou,25,25,0,0,1,1,1,10,215831,2017-11-17 12:00:00,2021-03-24 22:20:31,2021-03-24 22:20:31,,,,Mando Pop,,1321295656,TWA471715001,
656,4882,5187,True,True,Demons,Demons,"298704962, 992241067","Felix Snow, ROZES",Felix Snow & ROZES,Felix Snow & ROZES,Demons - Single,Demons - Single,"Felix Snow, ROZES",121,123,0,2,1,1,1,1,198889,2018-06-01 12:00:00,2021-03-24 22:25:55,2021-03-24 22:25:55,V.F,English,Dance,English Dance,Bass.FutureBass,1389411496,USAT21802565,Music125/v4/24/6a/e4/246ae4fb-0535-1da2-7946-b47137d8195c/075679870469.jpg
657,4884,5189,True,True,Flushing Meadows,Flushing Meadows,187509673,Living Room,Living Room,Living Room,Flushing Meadows - Single,Flushing Meadows - Single,Living Room,55,56,0,1,1,1,1,1,130541,2021-03-12 12:00:00,2021-03-25 11:00:29,2021-03-25 11:00:29,A,-,Instrumental,Downtempo,,1808650034,GBPS83869848,Music221/v4/63/fe/72/63fe72e5-a0a3-6573-5a3d-945ee01ede76/cover.jpg
658,4886,5191,True,True,"I'm the One (feat. Justin Bieber, Quavo, Chance the Rapper & Lil Wayne)","I'm the One (feat. Justin Bieber, Quavo, Chance the Rapper & Lil Wayne)","157749142, 320569549, 673556643, 563355119, 5869117","DJ Khaled, Justin Bieber, Quavo, Chance the Rapper, Lil Wayne",DJ Khaled,DJ Khaled,Grateful,Grateful,DJ Khaled,48,48,0,0,1,1,4,22,288600,2017-04-28 12:00:00,2021-03-25 11:43:10,2021-03-25 11:43:10,V.M,English,Hip Hop/Rap,English Hip-Hop/Rap,,1249168255,USSM11703300,Music211/v4/77/9b/98/779b9864-a43e-55f8-bc1a-433c553fdbb2/886446584263.jpg
659,4888,5193,True,True,Fake A Smile,Fake A Smile,"1062085272, 1516431117","Alan Walker, salem ilese",Alan Walker & salem ilese,Alan Walker & salem ilese,Fake A Smile - Single,World Of Walker,Alan Walker,55,55,0,0,1,1,8,15,168118,2021-02-19 12:00:00,2021-03-25 15:44:31,2021-03-25 15:44:31,V.F,English,Pop,English Dance,,"1551658498, 1596240698",NOG842102010,Music126/v4/40/62/24/406224f0-6e9d-b22d-7666-786de0f09200/886449752935.jpg
660,4890,5195,True,True,Play (feat. Mangoo),Play (feat. Mangoo),"519186020, 1062085272, 758314884, 305523542","K-391, Alan Walker, Tungevaag, Mangoo","K-391, Alan Walker & Tungevaag","K-391, Alan Walker & Tungevaag",Play (feat. Mangoo) - Single,Play (feat. Mangoo) - Single,"K-391, Alan Walker, Tungevaag",47,47,0,0,1,1,1,1,167977,2019-08-30 12:00:00,2021-03-25 15:56:08,2021-03-25 15:56:08,V.F,English,Dance,English Dance,House.ElectroHouse,1477094887,NOG841904010,Music125/v4/04/70/c8/0470c87d-5afb-e413-4eb7-29aa56ccf54c/194491238391.jpg
661,4892,5197,False,True,End of Time,End of Time,,,"K-391, Alan Walker & Ahrix","K-391, Alan Walker & Ahrix",End of Time - Single,End of Time - Single,"K-391, Alan Walker & Ahrix",43,43,0,0,1,1,1,1,187560,2020-03-06 12:00:00,2021-03-25 16:22:54,2021-03-25 16:22:54,,,,English Dance,,1500237181,NOG842001010,
662,4894,5199,True,True,Heading Home,Heading Home,"1062085272, 1374292416","Alan Walker, Ruben",Alan Walker & Ruben,Alan Walker & Ruben,Heading Home - Single,World Of Walker,Alan Walker,79,80,0,1,1,1,12,15,184889,2020-04-01 12:00:00,2021-03-25 16:35:13,2021-03-25 16:35:13,V.M,English,Pop,English Dance,Dance.Influenced,"1503301476, 1596240966",NOG842002010,Music126/v4/40/62/24/406224f0-6e9d-b22d-7666-786de0f09200/886449752935.jpg
663,4896,5201,True,True,Different World (feat. CORSAK),Different World (feat. CORSAK),"1062085272, 519186020, 1001609874, 1414805688","Alan Walker, K-391, Sofia Carson, CORSAK","Alan Walker, K-391 & Sofia Carson","Alan Walker, K-391 & Sofia Carson",Different World,Different World,Alan Walker,67,67,0,0,1,1,7,14,202907,2018-11-30 12:00:00,2021-03-25 16:35:20,2021-03-25 16:35:20,V.F,English,Pop,English Dance,Dance.Influenced,1445141142,NOG841822010,Music125/v4/7b/37/53/7b375382-ce23-cfa4-03d4-1db4b0f89d72/886447442562.jpg
664,4898,5203,False,True,胡志明的雨 (feat. 胡光孝) [合唱版],胡志明的雨 (feat. 胡光孝) [合唱版],,,黃明志,Namewee,亞洲通吃,亞洲通吃,Namewee,22,22,0,0,1,1,4,11,258885,2017-12-30 12:00:00,2021-03-25 22:49:04,2021-03-25 22:49:04,,,,Mando Pop,,1446263886,TWCT51717981,
665,4900,5205,True,True,Feel Good (feat. Daya),Feel Good (feat. Daya),"645420096, 953311187, 1037160430","ILLENIUM, Gryffin, Daya",ILLENIUM & Gryffin,ILLENIUM & Gryffin,Awake,Awake,ILLENIUM,98,109,0,11,1,1,11,13,248156,2017-03-03 08:00:00,2021-03-27 00:34:21,2021-03-27 00:34:21,V.F,English,Dance,English Dance,Bass.FutureBass,1701059537,USUM71701083,Music211/v4/3d/8d/01/3d8d0121-7405-13a1-029c-43299592c91d/191515614247.png
666,4902,5207,True,True,All You Need to Know (feat. Calle Lehmann),All You Need to Know (feat. Calle Lehmann),"953311187, 1051421487, 959707957","Gryffin, SLANDER, Calle Lehmann",Gryffin & SLANDER,Gryffin & SLANDER,All You Need to Know (feat. Calle Lehmann) - Single,Gravity (Deluxe),Gryffin,66,69,0,3,1,2,2,16,238459,2019-10-24 12:00:00,2021-03-27 00:40:37,2021-03-27 00:40:37,V.M,English,Dance,English Dance,Bass.FutureBass,"1457137088, 1543107043",USUM71904442,Music124/v4/78/5e/1a/785e1acf-9cd1-c088-79dc-55ab0f50f9d3/20UM1IM11387.rgb.jpg
667,4904,5209,True,True,Safe with Me,Safe with Me,"953311187, 1403089335","Gryffin, Audrey Mika",Gryffin & Audrey Mika,Gryffin & Audrey Mika,Safe With Me - Single,Alive,Gryffin,52,55,0,3,1,1,2,17,205165,2020-11-19 12:00:00,2021-03-27 00:41:43,2021-03-27 00:41:43,V.F,English,Dance,English Dance,Bass.FutureBass,1651499794,USUM72019104,Music122/v4/09/ee/16/09ee169b-1f5e-1c35-d05c-02945774794d/22UM1IM18761.rgb.jpg
668,4906,5211,False,True,Scars to Your Beautiful (Live off the Floor (Bonus Track)),Scars to Your Beautiful (Live off the Floor (Bonus Track)),,,Alessia Cara,Alessia Cara,This Summer: Live off the Floor,This Summer: Live off the Floor,Alessia Cara,23,23,0,0,1,1,8,10,267078,2020-06-19 12:00:00,2021-03-27 06:22:27,2021-03-27 06:22:27,,,,English Pop,,1523769868,USUM72011609,
669,4908,5213,True,True,Intro,Intro,1062085272,Alan Walker,Alan Walker,Alan Walker,Different World,Different World,Alan Walker,54,54,0,0,1,1,1,14,76120,2018-12-14 12:00:00,2021-03-27 07:24:51,2021-03-27 07:24:51,A,-,Instrumental,English Dance,,1445140829,NOG841813010,Music125/v4/7b/37/53/7b375382-ce23-cfa4-03d4-1db4b0f89d72/886447442562.jpg
670,4910,5215,True,True,Interlude,Interlude,1062085272,Alan Walker,Alan Walker,Alan Walker,Different World,Different World,Alan Walker,54,54,0,0,1,1,8,14,79107,2018-12-14 12:00:00,2021-03-27 07:56:05,2021-03-27 07:56:05,A,-,Instrumental,English Dance,,1445141151,NOG841813080,Music125/v4/7b/37/53/7b375382-ce23-cfa4-03d4-1db4b0f89d72/886447442562.jpg
671,4912,5217,True,True,Faded (Interlude),Faded (Interlude),1062085272,Alan Walker,Alan Walker,Alan Walker,Different World,Different World,Alan Walker,53,53,0,0,1,1,14,14,41867,2018-12-14 12:00:00,2021-03-27 08:13:22,2021-03-27 08:13:22,A,-,Instrumental,English Dance,,1445141314,NOG841813140,Music125/v4/7b/37/53/7b375382-ce23-cfa4-03d4-1db4b0f89d72/886447442562.jpg
672,4914,5219,False,True,愛情你比我想的閣較偉大 (《當男人戀愛時》電影主題曲),愛情你比我想的閣較偉大 (《當男人戀愛時》電影主題曲),,,茄子蛋,EggPlantEgg,愛情你比我想的閣較偉大 (《當男人戀愛時》電影主題曲) - Single,愛情你比我想的閣較偉大 (《當男人戀愛時》電影主題曲) - Single,EggPlantEgg,29,30,0,1,1,1,1,1,232400,2021-03-15 12:00:00,2021-03-27 08:43:07,2021-03-27 08:43:07,,,,Hokkien Pop,,1726977153,TWEN52100002,
673,4916,5221,False,True,用破碎的心修好破碎的心,用破碎的心修好破碎的心,,,持修,ChihSiou,用破碎的心修好破碎的心 - Single,用破碎的心修好破碎的心 - Single,ChihSiou,37,37,0,0,1,1,1,1,191215,2021-02-05 12:00:00,2021-03-27 09:02:54,2021-03-27 09:02:54,,,,Mando Pop,,1551599385,TWDD72101001,
674,4918,5223,True,True,Not Ok,Not Ok,"635806094, 398935148","Kygo, Chelsea Cutler",Kygo & Chelsea Cutler,Kygo & Chelsea Cutler,Not Ok - Single,Not Ok - Single,"Kygo, Chelsea Cutler",52,52,0,0,1,1,1,1,210944,2019-05-23 07:00:00,2021-03-27 12:32:09,2021-03-27 12:32:09,V.F,English,Dance,English Dance,House.TropicalHouse,1464582844,SEBGA1902178,Music124/v4/2a/a9/eb/2aa9eb26-05fb-650b-dfa9-05e56891c55b/886447746974.jpg
675,4920,5225,False,True,我愛過你,我愛過你,,,周興哲,Eric Chou,我愛過你 - Single,我愛過你 - Single,Eric Chou,20,20,0,0,1,1,1,1,302732,2016-07-05 12:00:00,2021-03-27 12:44:38,2021-03-27 12:44:38,,,,Mando Pop,,1127777929,TWA471602011,
676,4922,5227,False,True,Elastic Heart,Elastic Heart,,,Sia,Sia,1000 Forms of Fear (Deluxe Version),1000 Forms of Fear (Deluxe Version),Sia,22,22,0,0,1,1,8,20,257200,2014-07-04 07:00:00,2021-03-27 12:49:57,2021-03-27 12:49:57,,,,English Pop,,989874555,USRC11400976,
677,4924,5229,False,True,My Life Would Suck Without You,My Life Would Suck Without You,,,Kelly Clarkson,Kelly Clarkson,All I Ever Wanted (Deluxe Edition),All I Ever Wanted (Deluxe Edition),Kelly Clarkson,26,26,0,0,1,1,1,16,211493,2009-01-13 12:00:00,2021-03-27 12:54:30,2021-03-27 12:54:30,,,,English Pop,,958484355,GBCTA0800348,
678,4926,5231,False,True,Can You Blame Me (feat. Lucky Daye),Can You Blame Me (feat. Lucky Daye),,,Kehlani,Kehlani,It Was Good Until It Wasn't,It Was Good Until It Wasn't,Kehlani,19,20,0,1,1,1,12,15,183019,2020-05-08 12:00:00,2021-03-27 13:59:00,2021-03-27 13:59:00,,,,English R&B/Soul,,1510640204,USAT22002476,
679,4928,5233,True,True,Are You Lonely (feat. ISÁK),Are You Lonely (feat. ISÁK),"271066694, 1062085272, 1449912245","Steve Aoki, Alan Walker, ISÁK",STEVE AOKI & Alan Walker,Steve Aoki & Alan Walker,Neon Future IV,Neon Future IV,Steve Aoki,54,57,0,3,1,1,18,27,157333,2019-02-22 12:00:00,2021-03-28 02:25:32,2021-03-28 02:25:32,V.F,English,Dance,English Dance,House.ElectroHouse,1712728588,USUS11900064,Music126/v4/c5/c4/43/c5c44350-f06f-a961-948e-c37dcc658f09/0617465015533.jpg
680,4930,5235,True,True,Close To the Sun,Close To the Sun,"395664545, 63340890","TheFatRat, Anjulie",TheFatRat & Anjulie,TheFatRat & Anjulie,Close To the Sun - Single,Close To the Sun - Single,"TheFatRat, Anjulie",47,47,0,0,1,1,1,1,192239,2019-09-20 12:00:00,2021-03-28 02:27:56,2021-03-28 02:27:56,V.F,English,Dance,English Dance,House.TropicalHouse,1758830320,DELJ81944286,Music221/v4/a9/60/d1/a960d12c-6ee0-c336-8370-d15688995023/cover_4050215701229.jpg
681,4932,5237,True,True,Never Be Alone,Never Be Alone,395664545,TheFatRat,TheFatRat,TheFatRat,Never Be Alone - Single,Never Be Alone - Single,TheFatRat,48,48,0,0,1,1,1,1,260000,2015-01-29 12:00:00,2021-03-28 02:30:51,2021-03-28 02:30:51,V.M,English,Dance,English Dance,House.ProgressiveHouse,1758836652,TCACD1536606,Music221/v4/6d/cf/82/6dcf8215-fc3e-9f51-a465-444dd321aca9/cover_4050215904811.jpg
682,4934,5239,False,True,Xenogenesis,Xenogenesis,,,TheFatRat,TheFatRat,Xenogenesis - Single,Xenogenesis - Single,TheFatRat,44,44,0,0,1,1,1,1,233379,2014-11-27 12:00:00,2021-03-28 02:34:43,2021-03-28 02:34:43,,,,House,,1758833956,TCACB1477132,
683,4936,5241,False,True,Time Lapse,Time Lapse,,,TheFatRat,TheFatRat,Time Lapse - Single,Time Lapse - Single,TheFatRat,39,39,0,0,1,1,1,1,185315,2015-04-16 12:00:00,2021-03-28 02:42:01,2021-03-28 02:42:01,,,,House,,1719633544,TCACF1510149,
684,4938,5243,False,True,Rise Up,Rise Up,,,TheFatRat,TheFatRat,Rise Up - Single,Rise Up - Single,TheFatRat,22,22,0,0,1,1,1,1,169756,2019-10-25 12:00:00,2021-03-28 02:45:57,2021-03-28 02:45:57,,,,English Dance,,1483150118,DEUM71905770,
685,4940,5245,True,True,Jackpot,Jackpot,395664545,TheFatRat,TheFatRat,TheFatRat,Jackpot - EP,Jackpot - EP,TheFatRat,56,57,0,1,1,1,1,4,195874,2016-11-18 12:00:00,2021-03-28 02:56:00,2021-03-28 02:56:00,A,-,Dance,Glitch Hop,GlitchHop,1429680258,SEUM71601782,Music124/v4/d0/db/7c/d0db7c60-2d46-70d7-9449-c3e12a6f6ddf/00602557310085.rgb.jpg
686,4942,5247,False,True,Fly Away (feat. Anjulie),Fly Away (feat. Anjulie),,,TheFatRat,TheFatRat,Fly Away (feat. Anjulie) - Single,Fly Away (feat. Anjulie) - Single,TheFatRat,38,38,0,0,1,1,1,1,194268,2017-06-02 12:00:00,2021-03-28 02:59:26,2021-03-28 02:59:26,,,,English Dance,,1445054805,SEUM71700411,
687,4944,5249,False,True,Monody (feat. Laura Brehm),Monody (feat. Laura Brehm),,,TheFatRat,TheFatRat,Monody (feat. Laura Brehm) - Single,Monody (feat. Laura Brehm) - Single,TheFatRat,36,36,0,0,1,1,1,1,290467,2015-11-07 12:00:00,2021-03-28 03:02:49,2021-03-28 03:02:49,,,,English Dance,,1719630635,TCACJ1562721,
688,4946,5251,True,True,Unity,Unity,395664545,TheFatRat,TheFatRat,TheFatRat,Unity - Single,Unity - Single,TheFatRat,49,50,0,1,1,1,1,2,249286,2015-03-06 12:00:00,2021-03-28 03:07:53,2021-03-28 03:07:53,A,-,Dance,Glitch Hop,GlitchHop,1732414650,TCACE1531588,Music112/v4/99/ab/17/99ab17e3-ef5c-3970-b5ef-c956b45f5963/cover_4062851472227.jpg
689,4948,5253,False,True,Better Hope,Better Hope,,,Felix Snow & Wintertime,Felix Snow & Wintertime,No Winter Without Snow - EP,No Winter Without Snow - EP,Felix Snow & Wintertime,34,34,0,0,1,1,4,6,175775,2017-01-13 12:00:00,2021-03-28 03:58:37,2021-03-28 03:58:37,,,,English Dance,,1193716603,USAT21700031,
690,4950,5255,False,True,Stone Walls,Stone Walls,,,We the Kings,We the Kings,Stripped,Stripped,We the Kings,27,28,0,1,1,1,9,10,242193,2014-11-24 12:00:00,2021-03-28 05:30:18,2021-03-28 05:30:18,,,,English Rock,,942328841,QMGKG1300026,
691,5058,5363,False,True,你不是真正的快樂,你不是真正的快樂,,,五月天,五月天,後 青春期的詩,後 青春期的詩,,13,13,0,0,,,3,12,294960,2008-05-18 12:00:00,2021-03-29 10:42:57,2021-03-29 10:43:02,,,,Mando Rock,,1081381268,TWK230801603,
692,5012,5317,False,True,傷心的人別聽慢歌 (貫徹快樂),傷心的人別聽慢歌 (貫徹快樂),,,五月天,五月天,步步自選作品輯 1999-2013,步步自選作品輯 1999-2013,,29,29,0,0,1,2,3,15,215760,2013-06-21 12:00:00,2021-03-29 10:43:07,2021-03-29 10:43:11,,,,Mando Rock,,1080945082,TWK231388829,
693,5014,5319,False,True,乾杯,乾杯,,,五月天,五月天,第二人生,第二人生,,18,18,0,0,,,7,14,288333,2011-12-16 12:00:00,2021-03-29 10:43:26,2021-03-29 10:43:31,,,,Mando Rock,,1081309216,TWK231105507,
694,5016,5321,False,True,任意門,任意門,,,五月天,五月天,自傳,自傳,,22,23,0,1,,,12,15,273520,2016-07-21 07:00:00,2021-03-29 10:43:50,2021-03-29 10:43:54,,,,Mando Rock,,1158764002,TWK231610212,
695,5018,5323,False,True,一百萬個可能,一百萬個可能,,,克麗絲叮,克麗絲叮,一百萬個可能,一百萬個可能,,31,31,0,0,,,,,270307,2014-11-07 12:00:00,2021-03-29 10:44:15,2021-03-29 10:44:20,,,,Mando Pop,,1500396372,TWY831400102,
696,5020,5325,False,True,不搖滾 (feat. 房東的貓),不搖滾 (feat. 房東的貓),,,831,831,顛倒世界,顛倒世界,831,16,16,0,0,1,1,3,12,284840,2019-10-25 12:00:00,2021-03-29 10:44:22,2021-03-29 10:44:25,,,,Mando Rock,,1819445097,TWCC32123658,
697,5022,5327,True,True,不關你的事,不關你的事,904192340,八三夭,831,831,生存指南,生存指南,八三夭,51,51,0,0,1,1,4,12,237787,2016-12-16 12:00:00,2021-03-29 10:44:25,2021-03-29 10:44:29,V.M,Mandarin,Rock,Mando Rock,Pop.Influenced,1187824048,TWA451611141,Music114/v4/e2/0b/58/e20b58df-f59c-f6c0-bebc-c3d6abe42425/1.jpg
698,5024,5329,False,True,你怕不怕失去我,你怕不怕失去我,,,劉增瞳,劉增瞳,多想留在你身邊,多想留在你身邊,,13,13,0,0,,,,,208240,2017-09-15 12:00:00,2021-03-29 10:44:53,2021-03-29 10:44:54,,,,Mando Pop,,1800236104,HKD012388468,
699,5002,5307,False,True,多想留在你身邊,多想留在你身邊,,,劉增瞳,劉增瞳,多想留在你身邊,多想留在你身邊,,19,20,0,1,,,,,209640,2017-06-22 12:00:00,2021-03-29 10:44:54,2021-03-29 10:44:57,,,,Mando Pop,,,,
700,5026,5331,False,True,你從不知道,你從不知道,,,劉增瞳,劉增瞳,非瞳小可,非瞳小可,,11,11,0,0,,,,,241733,2017-12-09 12:00:00,2021-03-29 10:45:03,2021-03-29 10:45:07,,,,Mando Pop,,1800256924,HKD012389677,
701,5028,5333,False,True,再見煙火,再見煙火,,,卓義峯,卓義峯,聽者,聽者,,21,21,0,0,,,,,303947,2018-09-10 12:00:00,2021-03-29 10:45:11,2021-03-29 10:45:17,,,,Mando Pop,,1528734441,TWB511799037,
702,5030,5335,False,True,七里香,七里香,,,周杰倫,周杰倫,七里香,七里香,,13,13,0,0,,,,,295200,2004-08-03 12:00:00,2021-03-29 10:46:13,2021-03-29 10:46:18,,,,Mando Pop,,536115195,TWK970400702,
703,5032,5337,False,True,不該 (with 張惠妹),不該 (with 張惠妹),,,周杰倫,周杰倫,周杰倫的床邊故事,周杰倫的床邊故事,周杰倫,11,11,0,0,,,,,291430,2016-06-24 07:00:00,2021-03-29 10:46:23,2021-03-29 10:46:29,,,,Mando Pop,,1118757873,TWK971601306,
704,5034,5339,False,True,告白氣球,告白氣球,,,周杰倫,周杰倫,周杰倫的床邊故事,周杰倫的床邊故事,周杰倫,45,45,0,0,,,,,215617,2016-06-24 07:00:00,2021-03-29 10:46:30,2021-03-29 10:46:34,,,,Mando Pop,,1118757877,TWK971601308,
705,5006,5311,False,True,以後別做朋友,以後別做朋友,,,周興哲,周興哲,學著愛,學著愛,,16,16,0,0,,,,,264427,2014-08-01 12:00:00,2021-03-29 10:48:07,2021-03-29 10:48:12,,,,Mando Pop,,948514135,TWA471410001,
706,5036,5341,False,True,你，好不好？,你，好不好？,,,周興哲,周興哲,愛，教會我們的事,愛，教會我們的事,周興哲,30,30,0,0,1,,,,287344,2016-05-20 12:00:00,2021-03-29 10:48:21,2021-03-29 10:48:27,,,,Mando Pop,,,,
707,5038,5343,False,True,回憶那麼傷,回憶那麼傷,,,孫子涵,孫子涵,雙子涵,雙子涵,孫子涵,30,30,0,0,,,9,13,236444,2016-09-19 12:00:00,2021-03-29 10:49:11,2021-03-29 10:49:16,,,,Mando Pop,,1161324546,CNA231601679,
708,5040,5345,False,True,命運,命運,,,家家,家家,為你的寂寞唱歌,為你的寂寞唱歌,,11,11,0,0,,,13,13,230053,2013-08-30 12:00:00,2021-03-29 10:49:43,2021-03-29 10:49:47,,,,Mando Pop,,1089858553,TWK231306404,
709,5042,5347,False,True,偷故事的人,偷故事的人,,,張惠妹,張惠妹,偷故事的人,偷故事的人,張惠妹,12,12,0,0,,,,,251813,2017-11-22 12:00:00,2021-03-29 10:50:25,2021-03-29 10:50:29,,,,Mando Pop,,1834198562,TWU971702001,
710,5044,5349,False,True,了不起寂寞,了不起寂寞,,,戴愛玲,戴愛玲,了不起寂寞,了不起寂寞,戴愛玲,44,44,0,0,,,2,,333733,2017-10-16 12:00:00,2021-03-29 10:51:21,2021-03-29 10:51:28,,,,Mando Pop,,1293759526,TWA471711008,
711,5046,5351,False,True,你離開他了嗎,你離開他了嗎,,,曾沛慈,曾沛慈,我愛你 以上,我愛你 以上,,14,14,0,0,,,,,257507,2017-06-29 12:00:00,2021-03-29 10:52:24,2021-03-29 10:52:28,,,,Mando Pop,,1251370250,TWA211731409,
712,5008,5313,False,True,一個人想著一個人,一個人想著一個人,,,曾沛慈,曾沛慈,終極一班2 (電視原聲帶),終極一班2 (電視原聲帶),,19,19,0,0,,,,,240533,2013-01-18 12:00:00,2021-03-29 10:52:28,2021-03-29 10:52:34,,,,Mando Pop,,597217626,TWA531327602,
713,5048,5353,False,True,不曾回來過,不曾回來過,,,李千娜,李千娜,電視劇《通靈少女》插曲,電視劇《通靈少女》插曲,李千娜,28,28,0,0,,,,,270628,2017-04-01 12:00:00,2021-03-29 10:52:34,2021-03-29 10:52:39,,,,Mando Pop,,1444329840,TWUM71700007,
714,5050,5355,True,True,戒菸,戒菸,307674970,李榮浩,李榮浩,李榮浩,嗯,嗯,李榮浩,46,46,0,0,1,1,8,10,293915,2017-11-14 12:00:00,2021-03-29 10:52:40,2021-03-29 10:52:46,V.M,Mandarin,Pop,Mando Pop,,1308479650,TWA531702334,Music124/v4/7b/73/97/7b7397d8-9b12-aa2c-6367-dea4b90e37ee/190295709457.jpg
715,5052,5357,False,True,剛好遇見你,剛好遇見你,,,李玉剛,李玉剛,剛好遇見你,剛好遇見你,李玉剛,24,24,0,0,,,,,200093,2016-11-14 12:00:00,2021-03-29 10:53:19,2021-03-29 10:53:23,,,,Mando Pop,,,,
716,5054,5359,False,True,偉大的渺小,偉大的渺小,,,林俊傑,林俊傑,偉大的渺小,偉大的渺小,林俊傑,29,29,0,0,,,,,277733,2017-11-25 12:00:00,2021-03-29 10:53:45,2021-03-29 10:53:51,,,,Mando Pop,,1314121438,TWA531766202,
717,5056,5361,True,True,不為誰而作的歌,不為誰而作的歌,216635866,林俊傑,林俊傑,林俊傑,和自己對話 - 實驗專輯,和自己對話,林俊傑,53,53,0,0,1,1,2,18,266028,2015-12-03 08:00:00,2021-03-29 10:53:52,2021-03-29 10:53:58,V.M,Mandarin,Pop,Mando Pop,,"1062156032, 1871400637",TWA531576502,Music221/v4/3d/d8/71/3dd8711e-41ec-29ee-72b6-0a2a480031d0/4711720281483.jpg
718,5060,5365,False,True,修煉愛情,修煉愛情,,,林俊傑,林俊傑,因你而在,因你而在,林俊傑,16,16,0,0,,,,,287035,2013-02-20 12:00:00,2021-03-29 10:54:04,2021-03-29 10:54:09,,,,Mando Pop,,1694849138,TWA531398004,
719,5064,5369,False,True,可惜沒如果,可惜沒如果,,,林俊傑,林俊傑,新地球,新地球,林俊傑,15,15,0,0,,,,,298398,2014-12-19 12:00:00,2021-03-29 10:54:58,2021-03-29 10:55:04,,,,Mando Pop,,1788007696,TWA531480007,
720,5066,5371,False,True,兜圈,兜圈,,,林宥嘉,林宥嘉,兜圈 - Single,兜圈 - Single,林宥嘉,23,23,0,0,,,,,242013,2015-11-09 12:00:00,2021-03-29 10:55:28,2021-03-29 10:55:33,,,,Mando Pop,,,,
721,5068,5373,False,True,可樂,可樂,,,林采欣,林采欣,守夜人 第二章：三個女人,守夜人 第二章：三個女人,,12,12,0,0,,,,,287973,2018-09-12 12:00:00,2021-03-29 10:55:45,2021-03-29 10:55:51,,,,Mando Pop,,1729231649,TWX351800069,
722,5070,5375,False,True,分手快樂,分手快樂,,,梁靜茹,梁靜茹,我喜歡,我喜歡,,13,13,0,0,,,,,276027,2002-02-07 08:00:00,2021-03-29 10:56:07,2021-03-29 10:56:12,,,,Mando Pop,,153707328,TWA450272602,
723,5072,5377,False,True,一千零一個願-單人版,一千零一個願-單人版,,,楊丞琳,楊丞琳,一千零一個願-單人版,一千零一個願-單人版,楊丞琳,41,41,0,0,,,,,299906,2017-11-16 08:00:00,2021-03-29 10:56:35,2021-03-29 10:56:41,,,,Mando Pop,,1466589248,TWAG11707001,
724,5074,5379,True,True,像極了,像極了,1373163080,永彬Ryan.B,永彬Ryan.B,永彬Ryan.B,像極了 - Single,像極了 - Single,永彬Ryan.B,49,49,0,0,1,1,1,2,194587,2019-11-15 12:00:00,2021-03-29 10:57:24,2021-03-29 10:57:28,V.M,Mandarin,Dance,Mando Dance,Bass.FutureBass,1488311404,FRX201932479,Music113/v4/31/46/7a/31467acc-d6d3-e258-b4cf-ce254aaa90e6/cover.jpg
725,5076,5381,True,True,再也沒有 (feat. AY楊佬參),再也沒有 (feat. AY楊佬參),"1373163080, 1322728431","永彬Ryan.B, AY楊佬叄",永彬Ryan.B,永彬Ryan.B,再也沒有 - Single,再也沒有 - Single,永彬Ryan.B,50,50,0,0,1,1,1,1,212973,2018-04-17 12:00:00,2021-03-29 10:57:28,2021-03-29 10:57:32,V.X,Mandarin,Pop,Mando Dance,,1374978658,FR2X41834128,Music115/v4/0a/0b/57/0a0b5726-3be4-9371-d03d-883959455217/cover.jpg
726,5078,5383,False,True,偷渡,偷渡,,,派偉俊,派偉俊,燥熱,燥熱,,29,29,0,0,,,3,10,220120,2020-10-23 12:00:00,2021-03-29 10:57:50,2021-03-29 10:57:55,,,,Mando Pop,,1536263377,TWL252007304,
727,5080,5385,False,True,Somebody,Somebody,,,派偉俊,派偉俊,燥熱,燥熱,,38,38,0,0,,,4,10,164533,2020-10-08 12:00:00,2021-03-29 10:57:56,2021-03-29 10:57:59,,,,Mando Pop,,1536263378,TWL252007301,
728,5082,5387,False,True,啞巴,啞巴,,,潘瑋柏,潘瑋柏,illi異類,illi異類,潘瑋柏,38,38,0,0,,,,,215425,2017-08-10 12:00:00,2021-03-29 10:58:18,2021-03-29 10:58:23,,,,Mando Pop,,1272057618,TWA531794005,
729,5084,5389,False,True,不得不愛 (feat. 弦子),不得不愛 (feat. 弦子),,,潘瑋柏,潘瑋柏,高手,高手,潘瑋柏,17,17,0,0,1,1,2,10,261947,2005-01-01 00:00:00,2021-03-29 10:58:23,2021-03-29 10:58:28,,,,Mando Pop,,,,
730,5010,5315,False,True,再見我的愛,再見我的愛,,,獅子合唱團,獅子合唱團,R E P L A Y,R E P L A Y,獅子合唱團,37,37,0,0,,,1,10,279843,2017-10-13 12:00:00,2021-03-29 10:58:29,2021-03-29 10:58:35,,,,Mando Rock,,1288111016,TWA531737101,
731,5086,5391,False,True,一步成詩,一步成詩,,,王詩安,王詩安,詩,詩,王詩安,39,39,0,0,,,,,198453,2017-09-26 12:00:00,2021-03-29 10:58:50,2021-03-29 10:58:54,,,,Mando Pop,,1435783690,HKC381700002,
732,5088,5393,False,True,再見只是陌生人,再見只是陌生人,,,莊心妍,莊心妍,放過自己,放過自己,,14,14,0,0,,,,,251973,2015-05-11 12:00:00,2021-03-29 11:00:18,2021-03-29 11:00:23,,,,Mando Pop,,1800233322,HKD012387533,
733,5090,5395,False,True,你也有今天,你也有今天,,,蔡依林,蔡依林,Ugly Beauty,Ugly Beauty,,37,37,0,0,,,,,184387,2018-12-26 12:00:00,2021-03-29 11:00:53,2021-03-29 11:00:57,,,,Mando Pop,,1446277116,TWA471816004,
734,5092,5397,False,True,不一樣又怎樣,不一樣又怎樣,,,蔡依林,蔡依林,呸,呸,,16,16,0,0,,,,,201320,2014-11-15 12:00:00,2021-03-29 11:01:15,2021-03-29 11:01:20,,,,Mando Pop,,939103179,TWA531401349,
735,5004,5309,False,True,倒帶,倒帶,,,蔡依林,蔡依林,城堡,城堡,,14,14,0,0,,,,,259693,2004-02-27 08:00:00,2021-03-29 11:01:20,2021-03-29 11:01:25,,,,Mando Pop,,339414579,TWA470408010,
736,5000,5305,False,True,剛剛好,剛剛好,,,薛之謙,薛之謙,剛剛好,剛剛好,薛之謙,31,31,0,0,,,,,250455,2016-06-08 12:00:00,2021-03-29 11:01:59,2021-03-29 11:02:04,,,,Mando Pop,,1787929902,CNZ171600484,
737,5094,5399,True,True,你還要我怎樣,你還要我怎樣,160809474,薛之謙,薛之謙,薛之謙,意外,意外,薛之謙,49,49,0,0,1,1,3,10,310960,2013-11-11 12:00:00,2021-03-29 11:02:04,2021-03-29 11:02:11,V.M,Mandarin,Pop,Mando Pop,,1788255151,CNA651302299,Music211/v4/40/2c/54/402c5424-5c68-a0b7-d56f-90b5d810c1f9/9787798504262.jpg
738,5096,5401,False,True,你被寫在我的歌裡 (feat. 陳嘉樺),你被寫在我的歌裡 (feat. 陳嘉樺),,,蘇打綠,蘇打綠,你在煩惱什麼,你在煩惱什麼,蘇打綠,27,27,0,0,,,,,271480,2011-11-11 12:00:00,2021-03-29 11:02:35,2021-03-29 11:02:40,,,,Mando Pop,,1461041043,TWF671100103,
739,5098,5403,False,True,喜歡寂寞,喜歡寂寞,,,蘇打綠,蘇打綠,你在煩惱什麼,你在煩惱什麼,蘇打綠,42,42,0,0,1,,,,258893,2011-11-11 12:00:00,2021-03-29 11:02:40,2021-03-29 11:02:45,,,,Mando Pop,,1461041058,TWF671100105,
740,5100,5405,False,True,在沒有你以後 (feat. 張智成),在沒有你以後 (feat. 張智成),,,謝和弦,謝和弦,要你知道,要你知道,謝和弦,21,21,0,0,1,1,10,12,233610,2016-08-26 12:00:00,2021-03-29 11:03:28,2021-03-29 11:03:32,,,,Mando Pop,,1250090594,TWA531657210,
741,5102,5407,False,True,光年之外,光年之外,,,鄧紫棋,鄧紫棋,光年之外 (電影《Passengers》中國區主題曲),光年之外 (電影《Passengers》中國區主題曲),鄧紫棋,20,20,0,0,,,,,235478,2016-12-30 12:00:00,2021-03-29 11:04:16,2021-03-29 11:04:21,,,,Mando Pop,,,,
742,5104,5409,False,True,另一個童話,另一個童話,,,鄧紫棋,鄧紫棋,另一個童話,另一個童話,,26,26,0,0,,,3,3,186827,2018-08-30 12:00:00,2021-03-29 11:04:22,2021-03-29 11:04:25,,,,Mando Pop,,1422582001,HKI111800004,
743,5106,5411,False,True,句號,句號,,,鄧紫棋,鄧紫棋,摩天動物園,摩天動物園,,24,24,0,0,,,,,233973,2019-11-22 08:00:00,2021-03-29 11:04:40,2021-03-29 11:04:44,,,,Mando Pop,,1491477670,HKA971900001,
744,5108,5413,False,True,來自天堂的魔鬼,來自天堂的魔鬼,,,鄧紫棋,鄧紫棋,新的心跳,新的心跳,,28,28,0,0,,,,,256907,2015-11-05 12:00:00,2021-03-29 11:04:45,2021-03-29 11:04:49,,,,Mando Pop,,1053568845,HKI111500004,
745,5110,5415,True,True,再見,再見,425208570,鄧紫棋,鄧紫棋,鄧紫棋,新的心跳,新的心跳,鄧紫棋,49,49,0,0,1,1,2,10,206082,2015-10-30 12:00:00,2021-03-29 11:04:50,2021-03-29 11:04:54,V.F,Mandarin,Pop,Mando Pop,,1053567929,HKI111500006,Music124/v4/55/bb/c7/55bbc782-299e-7f24-bc4a-ae129e6d8030/mzm.rpqttxch.jpg
746,5062,5367,True,True,多遠都要在一起,多遠都要在一起,425208570,鄧紫棋,鄧紫棋,鄧紫棋,新的心跳,新的心跳,鄧紫棋,48,48,0,0,1,1,1,10,216896,2015-02-19 12:00:00,2021-03-29 11:04:54,2021-03-29 11:04:58,V.F,Mandarin,Pop,Mando Pop,,1053567928,HKI111500001,Music124/v4/55/bb/c7/55bbc782-299e-7f24-bc4a-ae129e6d8030/mzm.rpqttxch.jpg
747,4952,5257,True,True,Senseless,Senseless,1468680874,Johny Grimes,Johny Grimes,Johny Grimes,Senseless - Single,Senseless - Single,Johny Grimes,57,59,0,2,1,1,1,1,141347,2020-09-19 12:00:00,2021-03-30 09:56:47,2021-03-30 09:56:47,A,-,Dance,Downtempo,Lo-fi,1765670216,SE5BU2051296,Music221/v4/d4/33/a7/d433a785-2e44-1136-78d0-e7c5e2d26d98/7223d096-c4c6-4ede-92ad-73bc76d3f1df.jpg
748,4954,5259,True,True,Flower,Flower,1468680874,Johny Grimes,Johny Grimes,Johny Grimes,Flower - Single,Flower - Single,Johny Grimes,98,99,0,1,1,1,1,1,145894,2021-03-19 12:00:00,2021-03-30 09:57:41,2021-03-30 09:57:41,A,-,Dance,Downtempo,Lo-fi,1556959690,QZDA62164289,Music124/v4/23/42/21/234221aa-4e60-161c-b216-4b5f216b2ff8/artwork.jpg
749,4956,5261,False,True,ME! (feat. Brendon Urie of Panic! At The Disco),ME! (feat. Brendon Urie of Panic! At The Disco),,,Taylor Swift,Taylor Swift,Lover,Lover,Taylor Swift,43,43,0,0,1,1,16,18,193000,2019-04-26 07:00:00,2021-03-30 10:29:38,2021-03-30 10:29:38,,,,English Pop,,1468058706,USUG11901267,
750,4958,5263,True,True,Evening Buffalo,Evening Buffalo,298704962,Felix Snow,Felix Snow,Felix Snow,Triptych Buffalo - EP,Triptych Buffalo - EP,Felix Snow,57,58,0,1,1,1,1,5,156343,2017-07-28 12:00:00,2021-03-31 12:55:00,2021-03-31 12:55:00,V.F,English,Hip Hop/Rap,English Dance,,1377381053,USAT21702726,Music128/v4/b3/99/d4/b399d446-7240-46c5-0522-f3416ab0c323/075679872883.jpg
751,4960,5265,False,True,Holy (feat. Chance the Rapper),Holy (feat. Chance the Rapper),,,Justin Bieber,Justin Bieber,Justice (Triple Chucks Deluxe / Deluxe Video Version),Justice (Triple Chucks Deluxe / Deluxe Video Version),Justin Bieber,27,27,0,0,1,1,5,22,212093,2020-09-18 07:00:00,2021-03-31 13:31:46,2021-03-31 13:31:46,,,,English Pop,,1561058307,USUM72017013,
752,4962,5267,True,True,Winter Workout Plan,Winter Workout Plan,"298704962, 1099519081","Felix Snow, Wintertime",Felix Snow & Wintertime,Felix Snow & Wintertime,No Winter Without Snow - EP,No Winter Without Snow - EP,"Felix Snow, Wintertime",49,50,0,1,1,1,6,6,142826,2017-01-13 12:00:00,2021-03-31 14:15:13,2021-03-31 14:15:13,V.M,English,Dance,English Dance,Trap,1193716608,USAT21700033,Music125/v4/0f/16/f7/0f16f7c4-e106-8339-8824-b41d08d3dd3c/075679901323.jpg
753,4964,5269,True,True,Right Back,Right Back,82842423,Khalid,Khalid,Khalid,Free Spirit,Free Spirit,Khalid,46,46,0,0,1,1,6,16,215227,2019-04-05 12:00:00,2021-03-31 14:25:48,2021-03-31 14:25:48,V.M,English,R&B/Soul,English R&B/Soul,,1455151650,USRC11900435,Music115/v4/cd/cb/39/cdcb393c-14e6-786a-b120-320957c25699/886447501610.jpg
754,4966,5271,True,True,Tell You (feat. Novou),Tell You (feat. Novou),"1443733905, 1539634462","waykap, Novou",waykap,waykap,Tell You - Single,Tell You - Single,waykap,60,61,0,1,1,1,1,3,219933,2021-02-26 12:00:00,2021-04-05 05:12:14,2021-04-05 05:12:14,V.F,English,Pop,English Dance,Dance.Influenced,1553899277,SE5Q52003521,Music114/v4/04/29/c5/0429c530-7deb-40ad-baf5-5588daad5586/7330178057586.png
755,4968,5273,True,True,Girl Like You,Girl Like You,1534845810,Flux Vortex,Flux Vortex,Flux Vortex,Flux Vortex - EP,Flux Vortex - EP,Flux Vortex,81,83,0,2,1,1,3,4,236019,2021-02-26 12:00:00,2021-04-05 09:01:50,2021-04-05 09:01:50,V.F,English,Pop,English Dance,Dance.Influenced,1551786099,SE5Q52004062,Music124/v4/25/0d/5b/250d5b1e-e3e9-580e-db73-8f45ac486f29/7330178056886.png
756,4970,5275,True,True,矮星,矮星,1538129196,吳鎮安,吳鎮安,吳鎮安,矮星 - Single,矮星 - Single,吳鎮安,57,57,0,0,1,1,1,1,277250,2021-03-09 12:00:00,2021-04-05 14:07:28,2021-04-05 14:07:28,V.M,Mandarin,Pop,Mando Pop,,1555521784,TWA532100316,Music124/v4/37/98/8b/37988be0-12fb-d037-701f-0594d7aade42/190296772191.jpg
757,4972,5277,True,True,Elegy,Elegy,395664545,TheFatRat,TheFatRat,TheFatRat,Jackpot - EP,Jackpot - EP,TheFatRat,83,84,0,1,1,1,4,4,193448,2016-11-18 12:00:00,2021-04-08 23:05:23,2021-04-08 23:05:23,V.F,English,Dance,English Dance,"Bass.FutureBass, Bass.KawaiiBass",1429680270,SEUM71601785,Music124/v4/d0/db/7c/d0db7c60-2d46-70d7-9449-c3e12a6f6ddf/00602557310085.rgb.jpg
758,4974,5279,False,True,別說沒愛過,別說沒愛過,,,韋禮安,韋禮安,別說沒愛過 - Single,別說沒愛過 - Single,WeiBird,37,38,0,1,1,1,1,1,234680,2015-09-01 12:00:00,2021-04-09 06:27:18,2021-04-09 06:27:18,,,,Mando Pop,,1034701011,TWA211555701,
759,4976,5281,False,True,Losing My Mind,Losing My Mind,,,Charlie Puth,Charlie Puth,Nine Track Mind Deluxe,Nine Track Mind Deluxe,Charlie Puth,37,37,0,0,1,1,4,16,212209,2016-01-29 08:00:00,2021-04-11 00:30:30,2021-04-11 00:30:30,,,,English Pop,,1172997027,USAT21502917,
760,4978,5283,False,True,Cold Water,Cold Water,,,Conor Maynard,Conor Maynard,Cold Water - Single,Cold Water - Single,Conor Maynard,41,41,0,0,1,1,1,1,153829,2016-08-19 12:00:00,2021-04-11 00:45:01,2021-04-11 00:45:01,,,,English Indie,,1140940860,GBAYE1601338,
761,4980,5285,False,True,I Don't Wanna Live Forever,I Don't Wanna Live Forever,,,Ben Schuller,Ben Schuller,Cover Sessions,Cover Sessions,Ben Schuller,36,36,0,0,1,1,4,22,202920,2016-12-10 12:00:00,2021-04-11 00:56:21,2021-04-11 00:56:21,,,,English Indie,,1490067302,GBLFP1661672,
762,4982,5287,True,True,Heartbeat,Heartbeat,502578404,Christopher,Christopher,Christopher,Closer ... And More Hits (Deluxe),Closer... And More Hits,Christopher,57,57,0,0,1,1,12,25,200373,2016-04-15 12:00:00,2021-04-11 01:05:56,2021-04-11 01:05:56,V.M,English,Pop,English Indie,,"1184620790, 1231555429",DKAZA1600015,
763,4984,5289,False,True,So Sick,So Sick,,,NE-YO,Ne-Yo,In My Own Words,In My Own Words,Ne-Yo,38,38,0,0,1,1,3,13,207187,2005-11-21 12:00:00,2021-04-11 01:46:51,2021-04-11 01:46:51,,,,English Indie,,1440783502,USUM70501633,
764,4986,5291,True,True,Far Away (feat. Kevin Littlefield),Far Away (feat. Kevin Littlefield),"371268210, 360998883","Julia Sheer, Kevin Littlefield",Julia Sheer,Julia Sheer,Far Away (feat. Kevin Littlefield) - Single,Far Away (feat. Kevin Littlefield) - Single,Julia Sheer,52,52,0,0,1,1,1,1,197153,2010-06-21 12:00:00,2021-04-11 01:53:09,2021-04-11 01:53:09,V.X,English,Pop,English Indie,,1727585080,GBDMT0801643,Music116/v4/14/49/3d/14493d7c-9a10-2c73-a2e7-97bdf66e6ceb/5052917000876_FarAway.jpg
765,4988,5293,True,True,Catch Me (feat. Molly Marrs),Catch Me (feat. Molly Marrs),"1045012348, 350247425, 458679006","Nick Ledesma, Caslow, Molly Marrs",Nick Ledesma & Caslow,Nick Ledesma & Caslow,Catch Me (feat. Molly Marrs) - Single,Catch Me (feat. Molly Marrs) - Single,"Nick Ledesma, Caslow",88,97,0,9,1,1,1,1,229714,2021-01-19 12:00:00,2021-04-16 04:28:26,2021-04-16 04:28:26,V.F,English,Dance,English Dance,Bass.FutureBass,1771610926,GBUM92100001,Music221/v4/f3/30/2e/f3302e1c-ecdb-bf9d-67ee-6d6c4448ce53/5060347026830.png
766,4990,5295,False,True,Blueberry Diamonds,Blueberry Diamonds,,,Ben Schuller,Ben Schuller,New Roaring 20s,New Roaring 20s,Ben Schuller,37,37,0,0,1,1,7,10,184853,2021-01-29 12:00:00,2021-04-16 04:32:56,2021-04-16 04:32:56,,,,English Indie,,1574051814,QZFYX2117655,
767,4992,5297,True,True,Out of Time (feat. Yueku),Out of Time (feat. Yueku),"1211885710, 1558885695","Midnight Kids, Yueku",Midnight Kids,Midnight Kids,Out of Time (feat. Yueku) - Single,Out of Time (feat. Yueku) - Single,Midnight Kids,76,80,0,4,1,1,1,1,220328,2021-04-09 12:00:00,2021-04-16 04:48:23,2021-04-16 04:48:23,V.M,English,Dance,English Dance,House.ProgressiveHouse,1558885696,QM24S2101943,Music124/v4/7f/9e/ce/7f9eced9-d646-2227-2505-637d2f38f0dc/193436256209_01_img001.jpg
768,4994,5299,False,True,不苦,不苦,,,吳青峰,吳青峰,不苦 - Single,不苦 - Single,Qing Feng Wu,42,42,0,0,1,1,1,1,371067,2021-01-25 12:00:00,2021-04-16 05:06:25,2021-04-16 05:06:25,,,,Mando Pop,,1549810423,TWFE12100001,
769,4996,5301,True,True,On My Phone,On My Phone,"1019528519, 1566190378, 1419823102","GhostDragon, dreamr., GLNNA","GhostDragon, dreamr. & GLNNA","GhostDragon, dreamr. & GLNNA",On My Phone - Single,On My Phone - Single,"GhostDragon, dreamr., GLNNA",202,218,0,16,1,1,1,1,211200,2021-04-09 12:00:00,2021-04-16 22:29:16,2021-04-16 22:29:16,V.F,English,Dance,English Dance,Bass.FutureBass,1559271038,GB2LD2110094,Music124/v4/c7/96/13/c7961329-a5b4-5d48-1cc0-2d93bd0bb9e4/cover.jpg
770,4998,5303,True,True,Let You Go (feat. Exede),Let You Go (feat. Exede),"1362924107, 1019528519, 1237729767","yetep, GhostDragon, Exede",yetep & GhostDragon,yetep & GhostDragon,Let You Go (feat. Exede) - Single,Broken - EP,"yetep, GhostDragon",130,138,0,8,1,1,5,5,203520,2021-01-06 12:00:00,2021-04-16 22:37:03,2021-04-16 22:37:03,V.M,English,Dance,English Dance,Bass.FutureBass,"1545948263, 1552237293",QZHCR2000171,Music114/v4/f0/4b/41/f04b4196-09d8-6cba-40cd-0b5f0a009dc0/810060811702.png
771,5112,5417,False,True,Leave It,Leave It,,,N.Flying,N.Flying,Spring Memories - EP,Spring Memories - EP,N.Flying,45,45,0,0,1,1,2,6,193152,2019-04-24 12:00:00,2021-04-18 23:37:07,2021-04-18 23:37:07,V.M,Korean,Rock,K Pop,Pop.Influenced,1460777389,KRA381901688,
772,5114,5419,False,True,Brave,Brave,,,莎拉芭瑞黎絲,Sara Bareilles,The Blessed Unrest,The Blessed Unrest,Sara Bareilles,40,40,0,0,1,1,1,12,220460,2013-04-23 07:00:00,2021-04-19 00:31:01,2021-04-19 00:31:01,,,,English Pop,,1440504730,USSM11301638,
773,5116,5421,True,True,Lonely,Lonely,1604279676,ikson,TELL YOUR STORY music by Ikson™,Ikson,Lonely - Single,Lonely - Single,ikson,73,76,0,3,1,1,1,1,192857,2021-02-12 12:00:00,2021-04-19 02:36:53,2021-04-19 02:36:53,A,-,Dance,Future Bass,"Bass.FutureBass, Bass.KawaiiBass",1551628503,SE5752101096,Music114/v4/e6/e4/40/e6e44057-fc4b-696c-1eb1-563c14f926cb/6840a944-39c1-4b74-b5de-2d4070e30c45.jpg
774,5118,5423,False,True,Lifetime,Lifetime,,,Justin Bieber,Justin Bieber,Justice (Triple Chucks Deluxe / Deluxe Video Version),Justice (Triple Chucks Deluxe / Deluxe Video Version),Justin Bieber,36,36,0,0,1,1,19,22,207020,2021-03-26 07:00:00,2021-04-19 23:46:02,2021-04-19 23:46:02,,,,English Pop,,1561058938,USUM72102644,
775,5120,5425,True,True,Peaches (feat. Daniel Caesar & GIVĒON),Peaches (feat. Daniel Caesar & GIVĒON),"320569549, 1019899019, 1070668868","Justin Bieber, Daniel Caesar, GIVĒON",Justin Bieber,Justin Bieber,Justice,Justice,Justin Bieber,49,49,0,0,1,1,12,16,198082,2021-03-19 12:00:00,2021-04-19 23:46:08,2021-04-19 23:46:08,V.M,English,R&B/Soul,English Pop,,1556175857,USUM72102636,Music124/v4/f5/7a/9e/f57a9e6a-31c8-0784-dfbd-4a0120bfd4af/21UMGIM17517.rgb.jpg
776,5122,5427,True,True,As I Am (feat. Khalid),As I Am (feat. Khalid),"320569549, 82842423","Justin Bieber, Khalid",Justin Bieber,Justin Bieber,Justice,Justice,Justin Bieber,62,62,0,0,1,1,3,16,174406,2021-03-19 12:00:00,2021-04-19 23:50:33,2021-04-19 23:50:33,V.M,English,R&B/Soul,English Pop,Pop.Influenced,1556175649,USUM72102629,Music124/v4/f5/7a/9e/f57a9e6a-31c8-0784-dfbd-4a0120bfd4af/21UMGIM17517.rgb.jpg
777,5124,5429,False,True,Hold On,Hold On,,,Justin Bieber,Justin Bieber,Justice,Justice,Justin Bieber,41,41,0,0,1,1,9,14,170813,2021-03-05 08:00:00,2021-04-19 23:54:03,2021-04-19 23:54:03,,,,English Pop,,1556175852,USUM72102322,
778,5126,5431,False,True,Love Yourself,Love Yourself,,,Justin Bieber,Justin Bieber,Purpose (Deluxe),Purpose (Deluxe),Justin Bieber,42,42,0,0,1,1,5,19,233719,2015-11-09 12:00:00,2021-04-20 00:05:36,2021-04-20 00:05:36,,,,English Pop,,1440829613,USUM71516761,
779,5128,5433,False,True,Want to Want Me,Want to Want Me,,,Jason Derulo,Jason Derulo,Everything Is 4,Everything Is 4,Jason Derulo,30,30,0,0,1,1,1,11,207719,2015-03-09 07:00:00,2021-04-22 05:28:45,2021-04-22 05:28:45,,,,English Indie,,982388023,USWB11503047,
780,5130,5435,True,True,Say It Now,Say It Now,264468838,We the Kings,We the Kings,We the Kings,Somewhere Somehow,Somewhere Somehow,We the Kings,70,70,0,0,1,1,10,13,262749,2013-12-16 12:00:00,2021-04-22 05:39:30,2021-04-22 05:39:30,V.M,English,Rock,English Rock,,1437554575,QMRSZ1701830,Music128/v4/28/0a/3f/280a3f31-eef8-da47-fdfe-64ce6afe9c02/4050538273595.jpg
781,5132,5437,False,True,"You, Not Him","You, Not Him",,,Jayden Bartels,Jayden Bartels,"You, Not Him - Single","You, Not Him - Single",Jayden Bartels,44,44,0,0,1,1,1,1,174066,2019-02-15 12:00:00,2021-04-25 05:08:10,2021-04-25 05:08:10,,,,English Pop,,1451037526,US3DF1911264,
782,5134,5439,False,True,Too Good at Goodbyes,Too Good at Goodbyes,,,Madilyn,Madilyn,Too Good at Goodbyes - Single,Too Good at Goodbyes - Single,Madilyn,31,31,0,0,1,1,1,1,177812,2018-01-17 12:00:00,2021-04-25 05:17:25,2021-04-25 05:17:25,,,,English Pop,,1337776255,TCADL1859844,
783,5136,5441,True,True,Not Alone,Not Alone,999644772,SEVENTEEN,SEVENTEEN,SEVENTEEN,Not Alone - Single,ALWAYS YOURS,SEVENTEEN,62,62,0,0,1,2,7,9,198853,2021-04-15 07:00:00,2021-04-25 07:46:31,2021-04-25 07:46:31,V.M,Japanese,Pop,K Pop,Dance.Influenced,"1561085420, 1701948734",JPZ922102068,Music126/v4/56/ec/da/56ecdab5-26f1-1d03-31f1-c342bd55eba8/23UMGIM70496.rgb.jpg
784,5138,5443,False,True,What a Man Gotta Do,What a Man Gotta Do,,,Jonas Brothers,Jonas Brothers,What a Man Gotta Do - Single,What a Man Gotta Do - Single,Jonas Brothers,23,24,0,1,1,1,1,1,180645,2020-01-17 12:00:00,2021-04-26 12:29:30,2021-04-26 12:29:30,,,,English Pop,,1494739484,USUG11904422,
785,5140,5445,False,True,Stars Align,Stars Align,,,R3HAB & 蔡依林,R3HAB & JOLIN,Stars Align - Single,Stars Align - Single,R3HAB & JOLIN,44,44,0,0,1,1,1,1,161905,2021-03-21 12:00:00,2021-04-27 00:10:59,2021-04-27 00:10:59,,,,English Dance,,1558457970,QM4TX2142581,
786,5142,5447,False,True,飛鳥和蟬,飛鳥和蟬,,,任然,Renran,Ren然,Ren然,Renran,32,32,0,0,1,1,1,13,296007,2020-07-03 12:00:00,2021-04-27 00:11:02,2021-04-27 00:11:02,,,,Mando Pop,,1761809588,FRX202049621,
787,5144,5449,False,True,Talk,Talk (feat. Disclosure),,,Khalid,Khalid,Free Spirit,Free Spirit,Khalid,38,38,0,0,1,1,5,16,197573,2019-02-07 08:00:00,2021-04-27 12:20:40,2021-04-27 12:20:40,,,,English R&B/Soul,,1455151648,USRC11900004,
788,5146,5451,False,True,Chill,Chill,,,John K,John K,if we never met - EP,if we never met - EP,John K,43,43,0,0,1,1,3,4,205141,2019-04-26 12:00:00,2021-05-04 13:32:52,2021-05-04 13:32:52,,,,English Indie,,1460714068,USSM11902689,
789,5148,5453,False,True,Happier,Happier,,,Marshmello & Bastille,Marshmello & Bastille,Happier (Slowed + Reverb) - Single,Happier (Slowed + Reverb) - Single,Marshmello & Bastille,60,60,0,0,1,1,3,3,214290,2018-08-16 12:00:00,2021-05-04 13:38:46,2021-05-04 13:38:46,,,,English Dance,,1706191920,USUG11801651,
790,5150,5455,False,True,Faster Car,Faster Car,,,Loving Caliber,Loving Caliber,Chemicals - EP,Chemicals - EP,Loving Caliber,41,41,0,0,1,1,1,6,227176,2016-08-17 12:00:00,2021-05-04 13:50:46,2021-05-04 13:50:46,,,,English Dance,,1478115261,SE5Q51700756,
791,5152,5457,True,True,By Your Side,By Your Side,214891583,Mike Perry,Mike Perry,Mike Perry,By Your Side - Single,By Your Side - Single,Mike Perry,65,69,0,4,1,1,1,1,155122,2020-09-25 12:00:00,2021-05-04 14:03:24,2021-05-04 14:03:24,V.M,English,Dance,English Dance,House.ProgressiveHouse,1531321080,SE3AA2000020,Music124/v4/9f/de/44/9fde4476-ad8e-c460-e69c-be2e727e4405/7321170187661.png
792,5154,5459,True,True,Stargazing (feat. Amélie),Stargazing (feat. Amélie),"1723787966, 17603478","Severo, Amélie",Severo,Severo,Stargazing (feat. Amélie) - Single,Stargazing (feat. Amélie) - Single,Severo,54,54,0,0,1,1,1,1,201600,2017-11-20 12:00:00,2021-05-04 14:14:04,2021-05-04 14:14:04,V.F,English,Dance,English Dance,Bass.FutureBass,1315069167,TCADJ1717744,Music114/v4/50/de/c7/50dec7d9-9cd8-0ab3-2790-7cd697987d19/859724076613_cover.jpg
793,5156,5461,False,True,如果再見,如果再見,,,韋禮安,韋禮安,硬戳,硬戳,WeiBird,34,35,0,1,1,1,9,16,222774,2016-08-16 12:00:00,2021-05-04 15:26:31,2021-05-04 15:26:31,,,,Mando Pop,,1142549550,TWA211630909,
794,5158,5463,True,True,Stones (feat. Daniel Schulz),Stones (feat. Daniel Schulz),"502578404, 426207499","Christopher, Daniel Schulz",Christopher,Christopher,My Blood,My Blood,Christopher,90,90,0,0,1,1,9,9,175583,2021-03-26 12:00:00,2021-05-06 13:13:27,2021-05-06 13:13:27,V.M,English,Pop,English Indie,,1554084338,DKAZA2100045,Music124/v4/2f/0c/6b/2f0c6bb0-f242-85b3-fa30-054583da9b06/190296762529.jpg
795,5160,5465,True,True,Deep End,Deep End,1297084102,William Black,William Black,William Black,Pieces,Pieces,William Black,118,131,0,13,1,1,12,13,208421,2021-11-05 12:00:00,2021-05-06 13:27:15,2021-05-06 13:27:15,V.F,English,Dance,English Dance,House.TropicalHouse,1638004275,GBKPL2138922,Music112/v4/bf/7f/11/bf7f115c-7366-e1ed-f0a1-1e02d9088520/cover.jpg
796,5162,5467,True,True,Film out,Film out,883131348,BTS,防彈少年團,防彈少年團,Film out - Single,"BTS, THE BEST",BTS,50,50,0,0,1,2,1,12,214621,2021-04-02 12:00:00,2021-05-06 14:02:18,2021-05-06 14:02:18,V.M,Japanese,R&B/Soul,J Pop,,"1560265511, 1570209091",JPPO02100554,Music125/v4/17/ff/63/17ff63de-3aba-0f2d-63e7-50d66f900ebb/21UMGIM43558.rgb.jpg
797,5164,5469,True,True,What Makes You Beautiful,What Makes You Beautiful,396754057,One Direction,One Direction,One Direction,Up All Night,Up All Night,One Direction,49,49,0,0,1,1,1,13,199987,2011-09-11 07:00:00,2021-05-06 15:25:56,2021-05-06 15:25:56,V.M,English,Pop,English Rock,Rock.Influenced,"493614933, 505055781",GBHMU1100018,Music124/v4/7a/43/7c/7a437cd7-5589-8b4f-0634-238a0d667239/mzi.lintpeih.jpg
798,5166,5471,True,True,Never Mine,Never Mine,"350247425, 1533810014","Caslow, Khiana Noel",Caslow & Khiana Noel,Caslow & Khiana Noel,Never Mine - Single,Never Mine - Single,"Caslow, Khiana Noel",99,109,0,10,1,1,1,1,184800,2021-05-14 12:00:00,2021-05-20 11:13:00,2021-05-20 11:13:00,V.F,English,Dance,English Dance,Bass.FutureBass,1565227537,GB2LD2110134,Music125/v4/8f/40/6e/8f406e22-0717-c658-f391-0fce703864c9/cover.jpg
799,5168,5473,True,True,Starving (feat. Zedd),Starving (feat. Zedd),"417571723, 324853, 368433979","Hailee Steinfeld, Grey, Zedd",Hailee Steinfeld & Grey,Hailee Steinfeld & Grey,Power Hits 2017,Starving (feat. Zedd) - Single,"Hailee Steinfeld, Grey",56,58,0,2,1,1,14,20,181880,2015-11-13 12:00:00,2021-05-20 15:32:17,2021-05-20 15:32:17,V.F,English,Dance,English Dance,Bass.FutureBass,"1444891951, 1452872210",USUM71606368,Music124/v4/15/16/a7/1516a71c-4d85-57c8-41ea-e937867bbc15/16UMGIM56252.rgb.jpg
800,5170,5475,False,True,Young Dumb & Broke,Young Dumb & Broke,,,Khalid,Khalid,American Teen,American Teen,Khalid,30,31,0,1,1,1,2,15,202535,2017-02-02 12:00:00,2021-05-22 02:25:05,2021-05-22 02:25:05,,,,English R&B/Soul,,1200868874,USRC11700144,
801,5172,5477,False,True,breaking all the rules,breaking all the rules,,,Christian French,Christian French,bright side of the moon - EP,bright side of the moon - EP,Christian French,40,40,0,0,1,1,4,6,206262,2019-04-19 12:00:00,2021-05-22 02:28:42,2021-05-22 02:28:42,,,,English Indie,,1474882478,USQX91900827,
802,5174,5479,True,True,If We Have Each Other,If We Have Each Other,632781795,Alec Benjamin,Alec Benjamin,Alec Benjamin,Narrated for You,Narrated for You,Alec Benjamin,49,50,0,1,1,1,1,12,181522,2018-07-27 12:00:00,2021-05-22 02:31:36,2021-05-22 02:31:36,V.M,English,Pop,English Indie,,1441728724,USAT21804358,Music125/v4/18/12/90/181290f5-737e-ac92-201f-d2f65c973f60/075679859518.jpg
803,5176,5481,True,True,Love Is War,Love Is War,513345153,RUNAGROUND,RUNAGROUND,RUNAGROUND,Love Is War - Single,Love Is War - Single,RUNAGROUND,101,101,0,0,1,1,1,1,248919,2015-10-10 12:00:00,2021-05-24 13:15:04,2021-05-24 13:15:04,V.M,English,Pop,English Indie,,1048359741,GBDMT1500356,Music6/v4/7d/e5/96/7de596a7-f10b-a68b-26a8-693b23d2f9df/loveiswar.jpg
804,5178,5483,False,True,"I Hate You I Love You, This Town (Acoustic Mashup) [feat. Morgan MC Collum]","I Hate You I Love You, This Town (Acoustic Mashup) [feat. Morgan MC Collum]",,,Landon Austin,Landon Austin,Covers: Six,Covers: Six,Landon Austin,33,33,0,0,1,1,3,10,235922,2016-11-07 12:00:00,2021-05-24 13:24:41,2021-05-24 13:24:41,,,,English Indie,,1176298067,TCACT1642804,
805,5180,5485,False,True,Burnt Letters,Burnt Letters,,,Taylor Henderson,Taylor Henderson,Burnt Letters,Burnt Letters,Taylor Henderson,34,34,0,0,1,1,12,12,234353,2014-07-11 12:00:00,2021-05-26 02:05:03,2021-05-26 02:05:03,,,,English Indie,,886002432,AUBM01400232,
806,5182,5487,False,True,Angel of Mine,Angel of Mine,,,The Icarus Account,The Icarus Account,Keeper of Your Heart - EP,Keeper of Your Heart - EP,The Icarus Account,30,31,0,1,1,1,3,5,222466,2011-11-29 12:00:00,2021-05-26 02:14:49,2021-05-26 02:14:49,,,,English Pop,,485851277,TCABC1127434,
807,5184,5489,False,True,I Was Made For Loving You,I Was Made For Loving You,,,Madilyn,Madilyn,I Was Made For Loving You - Single,I Was Made For Loving You - Single,Madilyn,36,36,0,0,1,1,1,1,203451,2015-08-19 12:00:00,2021-05-26 02:14:51,2021-05-26 02:14:51,,,,English Indie,,1032117084,GBDMT1500264,
808,5186,5491,False,True,Enemies,Enemies,,,Lauv,Lauv,I met you when I was 18. (the playlist),I met you when I was 18. (the playlist),Lauv,43,43,0,0,1,1,8,17,194755,2018-05-31 12:00:00,2021-05-30 02:52:04,2021-05-30 02:52:04,,,,English Pop,,1771702516,GBKPL1809576,
809,5188,5493,True,True,There's No Way (feat. Julia Michaels),There's No Way (feat. Julia Michaels),"982612996, 378430797","Lauv, Julia Michaels",Lauv,Lauv,There's No Way (feat. Julia Michaels) - Single,There's No Way (feat. Julia Michaels) - Single,Lauv,51,51,0,0,1,1,1,1,174861,2018-09-27 12:00:00,2021-05-30 02:56:27,2021-05-30 02:56:27,V.X,English,Pop,English Pop,,1435472013,GBKPL1821527,Music125/v4/77/8a/e7/778ae759-cfe6-4c08-1d06-53d7706470a2/5056167109921_1.jpg
810,5190,5495,True,True,Believed,Believed,982612996,Lauv,Lauv,Lauv,~How I'm Feeling~,~How I'm Feeling~,Lauv,59,59,0,0,1,1,5,20,169760,2020-03-06 12:00:00,2021-05-30 03:31:13,2021-05-30 03:31:13,V.M,English,Pop,English Pop,,1480846717,GBKPL1969284,Music115/v4/cc/ad/f1/ccadf18b-590a-9cdc-bb66-bcd42d6a367f/5056167113867_1.jpg
811,5192,5497,True,True,Billy,Billy,982612996,Lauv,Lauv,Lauv,~How I'm Feeling~,~How I'm Feeling~,Lauv,101,101,0,0,1,1,6,20,180293,2020-03-06 12:00:00,2021-05-30 03:50:18,2021-05-30 03:50:18,V.M,English,Pop,English Pop,Dance.Influenced,1480846724,GBKPL1969285,Music115/v4/cc/ad/f1/ccadf18b-590a-9cdc-bb66-bcd42d6a367f/5056167113867_1.jpg
812,5194,5499,False,True,Wild Heart,Wild Heart,,,The Vamps,The Vamps,Meet The Vamps (Deluxe Version),Meet The Vamps (Deluxe Version),The Vamps,38,38,0,0,1,1,1,18,191871,2014-01-19 12:00:00,2021-05-30 23:57:36,2021-05-30 23:57:36,,,,English Pop,,1440862433,GBUM71305252,
813,5196,5501,True,True,Castle on the Hill,Castle on the Hill,183313439,Ed Sheeran,Ed Sheeran,Ed Sheeran,÷ (Deluxe),÷,Ed Sheeran,63,64,0,1,1,1,2,12,261154,2017-01-06 08:00:00,2021-05-31 00:13:29,2021-05-31 00:13:29,V.M,English,Rock,English Rock,Pop.Influenced,"1193700750, 1193701328",GBAHS1700004,Music115/v4/15/e6/e8/15e6e8a4-4190-6a8b-86c3-ab4a51b88288/190295851286.jpg
814,5198,5503,False,True,Find You There,Find You There,,,We the Kings,We the Kings,Somewhere Somehow,Somewhere Somehow,We the Kings,34,34,0,0,1,1,2,13,220336,2013-12-16 12:00:00,2021-05-31 00:32:54,2021-05-31 00:32:54,,,,English Rock,,1437554564,QMRSZ1701823,
815,5200,5505,False,True,Magic,Magic,,,One Direction,One Direction,Take Me Home (Expanded Edition),Take Me Home (Expanded Edition),One Direction,36,36,0,0,1,1,19,20,184000,2012-11-14 12:00:00,2021-05-31 01:46:21,2021-05-31 01:46:21,,,,English Rock,,1523999711,GBHMU1200369,
816,5202,5507,False,True,La Da Dee,La Da Dee,,,Cody Simpson,Cody Simpson,Surfers Paradise (Expanded),Surfers Paradise (Expanded),Cody Simpson,37,37,0,0,1,1,1,16,196787,2013-07-12 12:00:00,2021-05-31 08:18:16,2021-05-31 08:18:16,,,,English Pop,,1470594368,USAT21301747,
817,5204,5509,True,True,Unbelievable,Unbelievable,1161814111,Why Don't We,Why Don't We,Why Don't We,Unbelievable - Single,Unbelievable - Single,Why Don't We,63,63,0,0,1,1,1,1,189385,2019-05-16 12:00:00,2021-05-31 09:29:18,2021-05-31 09:29:18,V.M,English,Pop,English Pop,Dance.Influenced,1462970274,USAT21902678,Music113/v4/57/62/25/576225ca-4631-0b86-9710-79e774e0d3d0/075679846907.jpg
818,5206,5511,True,True,Stay Young (feat. Tessa),Stay Young (feat. Tessa),"214891583, 1620029673","Mike Perry, Tessa",Mike Perry,Mike Perry,Stay Young (feat. Tessa) - Single,Stay Young (feat. Tessa) - Single,Mike Perry,59,62,0,3,1,1,1,1,157005,2017-09-01 12:00:00,2021-05-31 13:48:29,2021-05-31 13:48:29,V.F,English,Dance,English Dance,House.TropicalHouse,1273742508,SE3AA1700019,Music124/v4/2c/21/87/2c218740-5297-a46a-52e1-52b987a36228/0885014800484.png
819,5208,5513,True,True,I'll Find You,I'll Find You,"1438900835, 1211798384, 483278149","Man Cub, Rickie Nolls, Kyle Reynolds","Man Cub, Rickie Nolls & Kyle Reynolds","Man Cub, Rickie Nolls & Kyle Reynolds",I'll Find You - Single,I'll Find You - Single,"Man Cub, Rickie Nolls, Kyle Reynolds",172,192,0,20,1,1,1,1,196400,2021-05-21 12:00:00,2021-06-01 13:36:17,2021-06-01 13:36:17,V.M,English,Dance,English Dance,Dubstep.MelodicDubstep,1732565362,GBKQU2145884,Music122/v4/81/b9/b7/81b9b791-5d65-c7f0-9dcb-1fd96464f459/cover.jpg
820,5210,5515,True,True,Feeling It,Feeling It,"60376564, 329965606, 445860214","Rival, CADMIUM, Harley Bird","Rival, CADMIUM & Harley Bird","Rival, CADMIUM & Harley Bird",Feeling It - Single,Feeling It - Single,"Rival, CADMIUM, Harley Bird",260,270,0,10,1,1,1,1,177842,2021-04-30 12:00:00,2021-06-01 13:56:52,2021-06-01 13:56:52,V.M,English,Dance,English Dance,"Bass.FutureBass, Pop.Influenced",1563450508,QM6MZ2197538,Music115/v4/71/15/60/711560eb-97f5-7b76-5af2-befe2fea208c/196006534189.jpg
821,5212,5517,True,True,Fancy Things,Fancy Things,1237729767,Exede,Exede,Exede,Fancy Things - Single,Fancy Things - Single,Exede,51,51,0,0,1,1,1,1,178560,2021-05-07 12:00:00,2021-06-05 13:04:31,2021-06-05 13:04:31,V.M,English,Pop,English Dance,Dance.Influenced,1565227164,GB2LD2110132,Music125/v4/9d/af/e1/9dafe168-43ad-05f6-a487-1d12622857d4/cover.jpg
822,5214,5519,True,True,When You're Lonely,When You're Lonely,"490974321, 960798013","Hoang, Tasji Bachman",Hoang,Hoang,When You're Lonely - Single,When You're Lonely - Single,Hoang,90,98,0,8,1,1,1,1,171338,2020-01-10 12:00:00,2021-06-05 14:57:12,2021-06-05 14:57:12,V.F,English,Dance,English Dance,Bass.FutureBass,1491847329,QZK6P1967194,Music123/v4/15/af/15/15af15fa-562f-df91-5d73-4b205d7e88b5/artwork.jpg
823,5216,5521,False,True,Missing You Right Now (feat. Yaeow),Missing You Right Now (feat. Yaeow),,,Imfinenow,Imfinenow,Missing You Right Now (feat. Yaeow) - Single,Missing You Right Now (feat. Yaeow) - Single,Imfinenow,30,31,0,1,1,1,1,1,169756,2020-06-18 12:00:00,2021-06-06 02:59:44,2021-06-06 02:59:44,,,,English R&B/Soul,,1515339714,QZHN42033505,
824,5218,5523,False,True,Risk It All,Risk It All,,,Twin Tides,Twin Tides,Risk It All - Single,Risk It All - Single,Twin Tides,33,34,0,1,1,1,1,1,250759,2019-06-07 12:00:00,2021-06-06 03:33:07,2021-06-06 03:33:07,,,,English Indie,,1464090994,QZES91969947,
825,5220,5525,False,True,Cryin',Cryin',,,Kid Elliot & Reid Johnson,Kid Elliot & Reid Johnson,Cryin' - Single,Cryin' - Single,Kid Elliot & Reid Johnson,35,35,0,0,1,1,1,1,176509,2020-10-16 12:00:00,2021-06-08 00:21:58,2021-06-08 00:21:58,,,,English Indie,,1531592605,QZK6J2089062,
826,5222,5527,False,True,learning how to love,learning how to love,,,John K,John K,love + everything else,love + everything else,John K,37,37,0,0,1,1,6,9,203326,2020-11-13 12:00:00,2021-06-08 00:52:47,2021-06-08 00:52:47,,,,English Indie,,1534387284,USSM12006008,
827,5224,5529,False,True,I Wonder Why,I Wonder Why,,,KAYDEN,KAYDEN,I Wonder Why - Single,I Wonder Why - Single,KAYDEN,32,32,0,0,1,1,1,1,216000,2020-03-27 12:00:00,2021-06-08 00:58:49,2021-06-08 00:58:49,,,,English Pop,,1502609802,QM24S2002554,
828,5226,5531,False,True,Together,Together,,,Joseph Tilley,Joseph Tilley,Together,Together,Joseph Tilley,26,27,0,1,1,1,1,7,149550,2020-10-23 12:00:00,2021-06-08 01:27:32,2021-06-08 01:27:32,,,,English R&B/Soul,,1547358196,USLD91729135,
829,5228,5533,False,True,"thank u, next","thank u, next",,,Ariana Grande,Ariana Grande,"thank u, next","thank u, next",Ariana Grande,19,20,0,1,1,1,11,12,207322,2018-11-03 07:00:00,2021-06-08 23:55:42,2021-06-08 23:55:42,,,,English R&B/Soul,,1450330686,USUM71819361,
830,5230,5535,False,True,The Man,The Man,,,Taylor Swift,Taylor Swift,Lover,Lover,Taylor Swift,37,37,0,0,1,1,4,18,190363,2019-08-23 07:00:00,2021-06-09 04:53:37,2021-06-09 04:53:37,,,,English Pop,,1468058176,USUG11901474,
831,5232,5537,False,True,Nobody's Love,Nobody's Love,,,魔力紅樂團,Maroon 5,JORDI (Deluxe),JORDI (Deluxe),Maroon 5,33,33,0,0,1,1,9,14,211254,2020-07-24 07:00:00,2021-06-09 05:05:00,2021-06-09 05:05:00,,,,English Rock,,1570532654,USUM72013111,
832,5234,5539,True,True,Care (feat. Madi),Care (feat. Madi),"331900515, 298704962, 1444801801","R3HAB, Felix Snow, Madi",R3HAB & Felix Snow,R3HAB & Felix Snow,Care (feat. Madi) - Single,Care (feat. Madi) - Single,"R3HAB, Felix Snow",56,57,0,1,1,1,1,1,189107,2016-04-29 12:00:00,2021-06-10 23:49:43,2021-06-10 23:49:43,V.F,English,Dance,English Dance,Bass.FutureBass,1446953102,NLZ541501191,Music118/v4/85/45/7a/85457ab5-8724-dc44-fb17-526f14e6c557/8712944498615.jpg
833,5236,5541,True,True,Windows (feat. Icona Pop),Windows (feat. Icona Pop),"298704962, 398345158","Felix Snow, Icona Pop",Felix Snow,Felix Snow,Windows (feat. Icona Pop) - Single,Windows (feat. Icona Pop) - Single,Felix Snow,51,51,0,0,1,1,1,1,186346,2016-12-15 08:00:00,2021-06-11 00:07:49,2021-06-11 00:07:49,V.F,English,Pop,English Dance,Dance.Influenced,1184693678,USAT21603386,Music124/v4/11/4b/57/114b578b-43c5-19ff-1643-1e9e7c9f41ea/075679902238.jpg
834,5238,5543,True,True,Wrong to Let You Go,Wrong to Let You Go,"1438900835, 1277787403, 412639587","Man Cub, APEK, April Bender","Man Cub, APEK & April Bender","Man Cub, APEK & April Bender",Impressions,Impressions,Man Cub,104,119,0,15,1,1,2,13,215250,2020-06-12 12:00:00,2021-06-11 00:22:13,2021-06-11 00:22:13,V.F,English,Dance,English Dance,Dubstep.MelodicDubstep,1732585676,GBKQU2033772,Music122/v4/44/18/bf/4418bf51-d46c-62e0-4297-40beb3044a82/cover.jpg
835,5240,5545,True,True,Good Enough (feat. JEN),Good Enough (feat. JEN),"1438900835, 79241526","Man Cub, JEN",Man Cub,Man Cub,Impressions,Impressions,Man Cub,95,103,0,8,1,1,5,13,212500,2020-06-12 12:00:00,2021-06-11 00:53:52,2021-06-11 00:53:52,V.F,English,Dance,English Dance,Bass.MelodicBass,1732585679,GBKQU2046900,Music122/v4/44/18/bf/4418bf51-d46c-62e0-4297-40beb3044a82/cover.jpg
836,5242,5547,True,True,Breathe in the Moment,Breathe in the Moment,"1438900835, 1277787403, 958215438","Man Cub, APEK, HALIENE","Man Cub, APEK & HALIENE","Man Cub, APEK & HALIENE",Impressions,Impressions,Man Cub,90,98,0,8,1,1,12,13,206069,2020-06-12 12:00:00,2021-06-11 00:58:51,2021-06-11 00:58:51,V.F,English,Dance,English Dance,Bass.MelodicBass,1732585686,GBKQU1991945,Music122/v4/44/18/bf/4418bf51-d46c-62e0-4297-40beb3044a82/cover.jpg
837,5244,5549,True,True,The Light,The Light,"1348733515, 1359207573","Loving Caliber, Ooyy",Loving Caliber & Ooyy,Loving Caliber & Ooyy,The Light - Single,The Light - Single,"Loving Caliber, Ooyy",81,82,0,1,1,1,1,2,179480,2021-05-28 12:00:00,2021-06-15 02:29:02,2021-06-15 02:29:02,V.M,English,Pop,English Dance,Dance.Influenced,1567180769,SE5Q52100299,Music115/v4/a5/87/5a/a5875ab8-b122-e827-3555-51b9a0d06411/7330178062054.png
838,5246,5551,True,True,One of the Good Ones,One of the Good Ones,1327098562,KAYDEN,KAYDEN,KAYDEN,Beginnings,Beginnings,KAYDEN,49,49,0,0,1,1,1,11,241678,2019-01-04 12:00:00,2021-06-16 03:17:59,2021-06-16 03:17:59,V.M,English,Pop,English Pop,,1462323795,TCADZ1880852,Music123/v4/14/e5/a7/14e5a7b4-513a-7e64-3aaa-e00a470306c3/193436145091_01_img001.jpg
839,5248,5553,False,True,Free Fall,Free Fall,,,ØZI,ØZI,Free Fall - Single,Free Fall - Single,ØZI,30,31,0,1,1,1,1,1,193000,2020-09-30 12:00:00,2021-06-17 01:16:41,2021-06-17 01:16:41,,,,Mando R&B/Soul,,1533944638,GBKPL2022211,
840,5250,5555,False,True,多久才懂妳的心,多久才懂妳的心,,,ADEN王淯騰,王ADEN,多久才懂妳的心 - Single,多久才懂妳的心 - Single,王ADEN,41,41,0,0,1,1,1,1,273000,2021-03-07 12:00:00,2021-06-17 01:24:21,2021-06-17 01:24:21,,,,Mando Pop,,1555504608,FR2X42116394,
841,5252,5557,False,True,I Love You More (than adore),I Love You More (than adore),,,The Crane,The Crane,I Love You More (than adore) - Single,I Love You More (than adore) - Single,The Crane,36,36,0,0,1,1,1,1,222000,2020-12-16 12:00:00,2021-06-17 01:35:30,2021-06-17 01:35:30,,,,Mando Pop,,1542163050,DGA052005689,
842,5254,5559,False,True,Trust Me,Trust Me,,,sunkis 宋秉勤,sunkis,Trust Me - Single,Trust Me - Single,sunkis,43,43,0,0,1,1,1,1,168937,2021-04-29 12:00:00,2021-06-17 01:40:32,2021-06-17 01:40:32,,,,Mando Pop,,1564251053,TWAE32100482,
843,5256,5561,False,True,緩緩,緩緩,,,張惠妹,aMEI,緩緩 - Single,緩緩 - Single,aMEI,37,38,0,1,1,1,1,1,227333,2020-12-30 12:00:00,2021-06-17 01:55:51,2021-06-17 01:55:51,,,,Mando Pop,,,,
844,5258,5563,False,True,Burn with You,Burn with You,,,NIO,NIO,Burn with You - Single,Burn with You - Single,NIO,41,41,0,0,1,1,3,11,194998,2021-11-19 12:00:00,2021-06-17 02:39:51,2021-06-17 02:39:51,,,,Mando Pop,,1814210355,TWS172100019,
845,5260,5565,True,True,你已忘記但我還記得的事,你已忘記但我還記得的事,798549963,原子邦妮,原子邦妮,原子邦妮,你已忘記但我還記得的事 - Single,樂遊原,原子邦妮,117,117,0,0,1,1,4,11,231158,2020-11-25 12:00:00,2021-06-17 02:56:57,2021-06-17 02:56:57,V.F,Mandarin,Pop,Mando Dance,Dance.Influenced,"1539376851, 1543824353",TWA452000058,Music114/v4/cf/52/5e/cf525eff-54f5-9351-fb58-ca42b55eb58d/4710149682697.jpg
846,5262,5567,True,True,蒸發的世界剩下我,蒸發的世界剩下我,798549963,原子邦妮,原子邦妮,原子邦妮,蒸發的世界剩下我 - Single,謝謝你曾經讓我悲傷,原子邦妮,83,85,0,2,1,1,3,12,207192,2017-06-15 12:00:00,2021-06-18 01:02:13,2021-06-18 01:02:13,V.F,Mandarin,Dance,Mando Dance,House.TropicalHouse,"1247384146, 1321246592",TWA451706151,Music124/v4/6e/ba/9d/6eba9de1-f6e9-55f6-e1ab-45f2c2fafa32/4710149667243.jpg.jpg
847,5264,5569,True,True,這樣我就能忘記你了,這樣我就能忘記你了,798549963,原子邦妮,原子邦妮,原子邦妮,我在宇宙的邊緣,我在宇宙的邊緣,原子邦妮,99,104,0,5,1,1,3,11,245982,2018-09-19 12:00:00,2021-06-18 01:18:08,2021-06-18 01:18:08,V.F,Mandarin,Dance,Mando Dance,Trap,1446720672,TWA451800063,Music118/v4/77/c1/98/77c1988c-efe4-a3ab-40ff-06e99e1bb6f8/4710149670328.jpg
848,5266,5571,True,True,Heartbreak Anthem,Heartbreak Anthem,"543322169, 5557599, 477515548","Galantis, David Guetta, Little Mix","Galantis, David Guetta & Little Mix","Galantis, David Guetta & Little Mix",Heartbreak Anthem - Single,Rx,Galantis,63,67,0,4,1,1,14,14,183726,2021-05-20 12:00:00,2021-06-21 01:36:35,2021-06-21 01:36:35,V.F,English,Dance,English Dance,House.ProgressiveHouse,"1566166349, 1740520900",USAT22100346,Music221/v4/db/23/59/db235951-94ab-824c-283a-e65a11b39807/075679660664.jpg
849,5268,5573,True,True,Summer,Summer,980795202,Marshmello,Marshmello,Marshmello,Joytime,Joytime,Marshmello,61,63,0,2,1,1,2,10,233239,2015-04-28 07:00:00,2021-06-22 13:05:10,2021-06-22 13:05:10,A,-,Dance,House,Trap,1072189411,TCACK1581191,Music125/v4/66/8e/f8/668ef8f0-53f1-56b8-9396-7923094b55f4/859716236469_cover.jpg
850,5270,5575,False,True,dating myself,dating myself,,,sad alex,sad alex,dating myself - Single,dating myself - Single,sad alex,41,41,0,0,1,1,1,1,144000,2021-02-12 12:00:00,2021-06-23 15:29:07,2021-06-23 15:29:07,,,,English Indie,,1549732829,USP6L2100605,
851,5272,5577,True,True,也許你不懂,也許你不懂,798549963,原子邦妮,原子邦妮,原子邦妮,謝謝你曾經讓我悲傷,謝謝你曾經讓我悲傷,原子邦妮,84,84,0,0,1,1,5,12,249001,2017-12-15 12:00:00,2021-06-24 13:16:26,2021-06-24 13:16:26,V.F,Mandarin,Pop,Mando Dance,,1321246594,TWA451704005,Music124/v4/6e/ba/9d/6eba9de1-f6e9-55f6-e1ab-45f2c2fafa32/4710149667243.jpg.jpg
852,5274,5579,True,True,Miss It (feat. RUNN),Miss It (feat. RUNN),"1297084102, 1196418866","William Black, RUNN",William Black,William Black,Pages,Pages,William Black,119,125,0,6,1,1,10,10,198400,2019-08-22 12:00:00,2021-06-24 14:16:37,2021-06-24 14:16:37,V.F,English,Dance,English Dance,Bass.FutureBass,1652371783,GBKPL1959990,Music122/v4/b1/27/0b/b1270bc7-7fb7-25fc-c668-42fa32015c05/cover.jpg
853,5276,5581,True,True,You Can Be My Light (feat. Monika Santucci),You Can Be My Light (feat. Monika Santucci),"855763579, 1060269286, 695232897","Trivecta, NURKO, Monika Santucci",Trivecta & NURKO,Trivecta & NURKO,You Can Be My Light (feat. Monika Santucci) - Single,You Can Be My Light (feat. Monika Santucci) - Single,"Trivecta, NURKO",119,126,0,7,1,1,1,1,268800,2020-08-07 12:00:00,2021-06-24 14:25:47,2021-06-24 14:25:47,V.F,English,Dance,English Dance,Bass.MelodicBass,1806525956,GBEWA1907730,Music221/v4/3e/34/17/3e34175b-441a-4bd1-fd6b-b1f7aa8f7b5b/5039060542491.jpg
854,5278,5583,False,True,Dangerously,Dangerously,,,Charlie Puth,Charlie Puth,Nine Track Mind Deluxe,Nine Track Mind Deluxe,Charlie Puth,43,43,0,0,1,1,2,16,199146,2016-01-29 08:00:00,2021-06-25 00:08:23,2021-06-25 00:08:23,,,,English Pop,,1172997015,USAT21502916,
855,5280,5585,False,True,煎熬,煎熬,,,李佳薇,Jess Lee,感謝愛人,感謝愛人,Jess Lee,29,29,0,0,1,1,2,10,262027,2011-01-01 12:00:00,2021-06-25 00:17:49,2021-06-25 00:17:49,,,,Mando Pop,,540280667,TWA531150002,
856,5282,5587,True,True,Million Days (feat. Claire Ridgely),Million Days (feat. Claire Ridgely),"1462475034, 490974321, 1086664528","SABAI, Hoang, Claire Ridgely",SABAI & Hoang,SABAI & Hoang,Monstercat Instinct Vol. 5,Where It All Began - EP,SABAI,78,80,0,2,1,1,1,4,208552,2020-02-11 12:00:00,2021-06-25 00:35:16,2021-06-25 00:35:16,V.F,English,Dance,English Dance,Bass.FutureBass,"1506798132, 1534395759",CA6D22000016,Music124/v4/e5/d5/be/e5d5be21-d35d-a448-0088-22c42da20623/703980552032.png
857,5284,5589,True,True,Les rues de ma peine,Les rues de ma peine,1092703533,Amir,Amir,Amir,Addictions (Deluxe Edition),Addictions (Deluxe Edition),Amir,53,55,0,2,1,2,4,18,224321,2017-10-27 12:00:00,2021-06-25 00:47:16,2021-06-25 00:47:16,V.M,French,Pop,French Pop,,1437812697,FR9W11718966,Music115/v4/d9/a5/7d/d9a57d8d-1211-fe82-759c-4cfca8165a5e/190295542702.jpg
858,5286,5591,True,True,Dive into You,Dive into You,1348733515,Loving Caliber,Loving Caliber,Loving Caliber,Kill the Lights,Kill the Lights,Loving Caliber,204,204,0,0,1,1,4,14,204224,2020-10-16 12:00:00,2021-06-25 01:47:47,2021-06-25 01:47:47,V.M,English,Pop,English Dance,Dance.Influenced,1555698243,SE5Q52003008,Music114/v4/4d/f4/d4/4df4d421-9e77-76cf-fc30-a6d1cc304c7d/7330178056749.png
859,5288,5593,True,True,bright side of the moon,bright side of the moon,1171944251,Christian French,Christian French,Christian French,bright side of the moon - EP,bright side of the moon - EP,Christian French,48,48,0,0,1,1,1,6,190661,2019-08-09 12:00:00,2021-06-25 01:49:49,2021-06-25 01:49:49,V.M,English,Pop,English Indie,,1474882466,USQX91901820,Music124/v4/89/65/65/89656505-e83a-fef9-59e8-b87d18e819b5/886447768631.jpg
860,5290,5595,True,True,Lay Me Down,Lay Me Down,409751054,Timeflies,Timeflies,Timeflies,Lay Me Down - Single,Lay Me Down - Single,Timeflies,154,154,0,0,1,1,1,1,201618,2018-07-06 12:00:00,2021-06-25 02:16:17,2021-06-25 02:16:17,V.M,English,Pop,English Dance,Dance.Influenced,1401261966,GBWWP1804038,Music125/v4/37/4a/a6/374aa61c-ff69-0567-57d9-914a831262a0/5056167108078_1.jpg
861,5292,5597,False,True,Rather Be (feat. Jess Glynne),Rather Be (feat. Jess Glynne),,,Clean Bandit,Clean Bandit,I Cry When I Laugh,I Cry When I Laugh,Jess Glynne,38,38,0,0,1,1,9,11,227833,2014-01-17 08:00:00,2021-06-25 02:29:45,2021-06-25 02:29:45,,,,English Dance,,1023693379,GBAHS1300498,
862,5294,5599,True,True,Longer Than I Thought (feat. Joe Jonas),Longer Than I Thought (feat. Joe Jonas),"1230692924, 162092469","Loote, Joe Jonas",Loote,Loote,single.,single.,Loote,86,86,0,0,1,1,3,7,215827,2018-05-25 12:00:00,2021-06-25 03:02:03,2021-06-25 03:02:03,V.X,English,Pop,English Pop,,1396104930,USUM71806746,Music114/v4/94/ab/36/94ab3667-53aa-41b0-3521-d9b562246a0b/00602567011668.rgb.jpg
863,5296,5601,True,True,Where Would We Be,Where Would We Be,"992241067, 285266258","ROZES, Nicky Romero",ROZES & Nicky Romero,ROZES & Nicky Romero,"i don't know where i'm going, but i'm on my way - EP","i don't know where i'm going, but i'm on my way - EP",ROZES,92,100,0,8,1,1,2,5,208024,2018-02-16 12:00:00,2021-06-25 06:36:39,2021-06-25 06:36:39,V.F,English,Dance,English Dance,Bass.FutureBass,1812466005,QZ47A1800301,Music221/v4/a7/bd/1c/a7bd1c14-1593-6c12-5c2b-73ae4b43ccae/00842812109416_Cover.jpg
864,5298,5603,True,True,Hero,Hero,"214891583, 1556699289","Mike Perry, Hazel",Mike Perry & Hazel,Mike Perry & Hazel,Hero - Single,Hero - Single,"Mike Perry, Hazel",68,72,0,4,1,1,1,1,182000,2021-06-18 12:00:00,2021-06-25 09:23:21,2021-06-25 09:23:21,V.F,English,Dance,English Dance,House.ProgressiveHouse,1570816499,SE3AA2100006,Music125/v4/f2/a7/a7/f2a7a79e-e7d3-e208-0040-3c1a4c3564b0/643803e4-49f4-4044-a82c-3919c75af32b.jpg
865,5300,5605,False,True,Waiting for You,Waiting for You,,,Aaron Kellim,Aaron Kellim,Waiting for You - Single,Waiting for You - Single,Aaron Kellim,24,24,0,0,1,1,1,1,223944,2020-10-29 12:00:00,2021-06-27 09:18:33,2021-06-27 09:18:33,,,,English Indie,,1536207143,QZMEP2056479,
866,5302,5607,True,True,Left in the Rain,Left in the Rain,1348733515,Loving Caliber,Loving Caliber,Loving Caliber,Kill the Lights,Kill the Lights,Loving Caliber,57,57,0,0,1,1,1,14,196028,2020-08-14 12:00:00,2021-06-29 01:09:07,2021-06-29 01:09:07,V.M,English,Pop,English Dance,Dance.Influenced,1555698240,SE5Q52002300,Music114/v4/4d/f4/d4/4df4d421-9e77-76cf-fc30-a6d1cc304c7d/7330178056749.png
867,5304,5609,False,True,London Boy,London Boy,,,Taylor Swift,Taylor Swift,Lover,Lover,Taylor Swift,42,42,0,0,1,1,11,18,190239,2019-08-23 07:00:00,2021-06-30 03:11:41,2021-06-30 03:11:41,,,,English Pop,,1468058696,USUG11901481,
868,5306,5611,True,True,dancing in the kitchen,dancing in the kitchen,867853783,LANY,LANY,LANY,gg bb xx (deluxe),gg bb xx,LANY,68,68,0,0,1,1,7,12,208809,2021-06-25 12:00:00,2021-07-02 13:00:06,2021-07-02 13:00:06,V.M,English,Pop,English Pop,Dance.Influenced,"1575772351, 1591302540",GBUM72103516,Music125/v4/ac/76/fe/ac76fe04-1cce-512a-28aa-d5087f45a769/21UMGIM61686.rgb.jpg
869,5308,5613,True,True,Chemistry!,Chemistry!,1534845810,Flux Vortex,Flux Vortex,Flux Vortex,Flux Vortex II - EP,Flux Vortex II - EP,Flux Vortex,52,53,0,1,1,1,4,4,199715,2021-06-25 12:00:00,2021-07-02 13:18:45,2021-07-02 13:18:45,V.F,English,Pop,English Dance,Dance.Influenced,1563684123,SE5Q52101259,Music115/v4/5e/7d/a5/5e7da52d-84da-8b36-95af-f0538cad96b1/7330178060685.png
870,5310,5615,True,True,Sunshine,Sunshine,333815122,Roa,Roa,Roa,Sunshine - Single,Sunshine - Single,Roa,95,106,0,11,1,1,1,1,233105,2021-05-14 12:00:00,2021-07-02 13:23:06,2021-07-02 13:23:06,A,-,Dance,House,House.TropicalHouse,1568388712,GX38U2185668,Music125/v4/47/5f/ac/475fac62-891d-51e5-2c39-6f2b13f44e99/5059741854187_cover.jpg
871,5312,5617,True,True,Runaway,Runaway,1237729767,Exede,Exede,Exede,Runaway - Single,Runaway - Single,Exede,64,68,0,4,1,1,3,3,206281,2021-06-25 12:00:00,2021-07-02 13:27:01,2021-07-02 13:27:01,V.M,English,Dance,English Dance,Bass.FutureBass,1573299267,GB2LD2110179,Music115/v4/b2/5e/dc/b25edcc3-28bc-255b-ac87-947c6f343732/cover.jpg
872,5314,5619,True,True,Heaven's Cloud,Heaven's Cloud,999644772,SEVENTEEN,SEVENTEEN,SEVENTEEN,SEVENTEEN 8th Mini Album 'Your Choice' - EP,Your Choice - EP,SEVENTEEN,51,51,0,0,1,1,1,6,232227,2021-06-18 12:00:00,2021-07-02 13:46:41,2021-07-02 13:46:41,V.M,Korean,Pop,K Pop,Dance.Influenced,1571363159,USA2P2108461,Music115/v4/a5/4c/16/a54c1600-09f4-74f1-f12a-e5bae364ca42/192641604041_Cover.jpg
873,5316,5621,True,True,Knowing How to Break,Knowing How To Break,"775937718, 1196418866","Last Heroes, RUNN",Last Heroes & RUNN,Last Heroes & RUNN,Knowing How to Break - Single,Threads - EP,Last Heroes,200,226,0,26,1,1,2,5,187013,2021-06-18 12:00:00,2021-07-02 13:52:29,2021-07-02 13:52:29,V.F,English,Dance,English Dance,"Dubstep.MelodicDubstep, Rock.Influenced",1806733512,GBEWA2103200,Music211/v4/1a/b5/84/1ab58423-c7c4-7da4-f513-fc22a0a22124/5039060680995.jpg
874,5318,5623,False,True,過往,過往,,,任然,Renran,明日啟程 - EP,明日啟程 - EP,Renran,28,28,0,0,1,1,2,4,231282,2021-06-02 12:00:00,2021-07-02 13:59:45,2021-07-02 13:59:45,,,,Mando Pop,,1751845020,FRX202121505,
875,5320,5625,True,True,Stay Gold,Stay Gold,883131348,BTS,BTS,防彈少年團,MAP OF THE SOUL : 7 ~ THE JOURNEY ~,MAP OF THE SOUL : 7 ~ THE JOURNEY ~,BTS,28,28,0,0,1,1,2,13,243267,2020-06-19 07:00:00,2021-07-02 14:12:51,2021-07-02 14:12:51,V.M,Japanese,Pop,K Pop,,1517969555,JPPO02001470,Music115/v4/89/a4/81/89a481e5-2784-70d6-8404-3642871ca493/20UMGIM44782.rgb.jpg
876,5322,5627,False,True,I Love It,I Love It,,,Cheat Codes & DVBBS,Cheat Codes & DVBBS,Level 1 - EP,Level 1 - EP,Cheat Codes,39,38,1,1,1,1,1,6,163000,2018-05-18 12:00:00,2021-07-02 14:23:29,2021-07-02 14:23:29,,,,English Dance,,1393079392,QMCE31801810,
877,5324,5629,False,True,Armor,Armor,,,Landon Austin,Landon Austin,Landon Austin - EP,Landon Austin - EP,Landon Austin,30,30,0,0,1,1,5,5,212066,2014-04-15 12:00:00,2021-07-02 14:59:08,2021-07-02 14:59:08,,,,English Indie,,960837361,TCACD1533732,
878,5326,5631,True,True,潛台詞 (feat. 黃偉晉),潛台詞 (feat. 黃偉晉),"867618465, 894495647","邱鋒澤, 黃偉晉",邱鋒澤,邱鋒澤,日環食 - EP,日環食 - EP,邱鋒澤,114,114,0,0,1,1,2,6,219718,2021-01-05 12:00:00,2021-07-02 23:41:11,2021-07-02 23:41:11,V.M,Mandarin,Pop,Mando Pop,,"1546343379, 1866883141",TWU712101002,Music124/v4/95/d8/bf/95d8bf01-a889-bf53-b240-e2c3dfc30794/4711099644254.jpg
879,5328,5633,False,True,By My Side,By My Side,,,Leroy Sanchez,Leroy Sanchez,By My Side - Single,By My Side - Single,Leroy Sanchez,43,43,0,0,1,1,1,1,274998,2015-01-27 12:00:00,2021-07-03 00:16:57,2021-07-03 00:16:57,,,,English Indie,,1445160111,USUM71500099,
880,5330,5635,False,True,Currency,Currency,,,Ivy Adara,Ivy Adara,Intraduction - EP,Intraduction - EP,Ivy Adara,39,39,0,0,1,1,2,5,204993,2018-04-27 12:00:00,2021-07-03 01:09:10,2021-07-03 01:09:10,,,,English Pop,,1436028742,GBKPL1803990,
881,5332,5637,True,True,The Hardest Thing,The Hardest Thing,266414855,Tyler Ward,Tyler Ward,Tyler Ward,Random Recordings,Random Recordings,Tyler Ward,112,112,0,0,1,1,8,8,211154,2011-08-09 12:00:00,2021-07-03 02:24:50,2021-07-03 02:24:50,V.M,English,Pop,English Indie,,1727422194,GBDMT1100215,Music116/v4/a5/aa/b9/a5aab984-d3e8-2992-64a6-a83651f1d7bd/5052917002368_RandomRecordings.jpg
882,5334,5639,True,True,根本不是我對手,根本不是我對手,1444398356,持修,持修,持修,房間裡的大象,房間裡的大象,持修,48,48,0,0,1,1,1,11,223387,2019-11-20 12:00:00,2021-07-03 02:31:09,2021-07-03 02:31:09,V.M,Mandarin,Pop,Mando Pop,,1834199071,TWDD71902001,Music211/v4/79/1e/a7/791ea7f7-e00b-7fbf-4afd-4fe559e0491d/cover.jpg
883,5336,5641,False,True,Sunflower (Spider-Man: Into the Spider-Verse),Sunflower (Spider-Man: Into the Spider-Verse),,,Post Malone & Swae Lee,Post Malone & Swae Lee,Hollywood's Bleeding,Hollywood's Bleeding,Post Malone,32,32,0,0,1,1,12,16,157560,2018-10-18 07:00:00,2021-07-03 02:38:37,2021-07-03 02:38:37,,,,English Hip-Hop/Rap,,1477887415,USUM71814888,
884,5338,5643,True,True,Not Your Baby (feat. Xavy Rusan),Not Your Baby (feat. Xavy Rusan),"1534845810, 1189030086","Flux Vortex, Xavy Rusan",Flux Vortex,Flux Vortex,Not Your Baby (feat. Xavy Rusan) - Single,Flux Vortex II - EP,Flux Vortex,52,53,0,1,1,1,3,4,217644,2021-05-28 12:00:00,2021-07-04 05:12:06,2021-07-04 05:12:06,V.F,English,Pop,English Dance,Dance.Influenced,"1563684122, 1563695886",SE5Q52100706,Music115/v4/5e/7d/a5/5e7da52d-84da-8b36-95af-f0538cad96b1/7330178060685.png
885,5340,5645,True,True,Say It Now,Say It Now,27491554,Mat Kearney,麥特卡爾尼,Mat Kearney,January Flower,January Flower,Mat Kearney,65,65,0,0,1,1,7,13,202013,2021-05-21 12:00:00,2021-07-08 10:30:51,2021-07-08 10:30:51,V.M,English,Pop,English Rock,,1549769957,QZHEY2000024,Music125/v4/ed/97/a3/ed97a3d1-64fd-ffee-7275-5663eb1aa132/21UMGIM03288.rgb.jpg
886,5342,5647,True,True,They Don't Know About Us,They Don't Know About Us,396754057,One Direction,One Direction,One Direction,Take Me Home (Yearbook Edition),Take Me Home,One Direction,68,68,0,0,1,1,12,13,201693,2012-11-09 08:00:00,2021-07-08 12:19:04,2021-07-08 12:19:04,V.M,English,Pop,English Rock,,"572141838, 574407092",GBHMU1200368,Music/v4/b0/36/5c/b0365c80-52f1-5698-5644-10802ba93472/886443503168.jpg
887,5344,5649,True,True,Wiser,Wiser,463191657,Madilyn,Madilyn,Madilyn,Wiser EP,Wiser - EP,Madilyn,51,51,0,0,1,1,1,5,208000,2016-07-12 12:00:00,2021-07-09 00:15:28,2021-07-09 00:15:28,V.F,English,Pop,English Pop,,1126688829,QM24S1650068,Music124/v4/e5/fd/b8/e5fdb834-2f64-60ef-a491-677f5686b92e/Wiser_EP.jpg
888,5346,5651,True,True,Feelings,Feelings,1061879773,SHY Martin,SHY Martin,SHY Martin,Feelings - Single,Feelings - Single,SHY Martin,57,58,0,1,1,1,1,1,169768,2021-05-14 12:00:00,2021-07-09 00:50:24,2021-07-09 00:50:24,V.F,English,Pop,English Indie,Dance.Influenced,1564810227,QM24S2102612,Music115/v4/be/ee/f3/beeef305-0592-58ca-03ca-b1e086818dcb/193436259866_01_img001.jpg
889,5348,5653,False,True,Some Type of Love,Some Type of Love,,,Charlie Puth,Charlie Puth,Nine Track Mind Deluxe,Nine Track Mind Deluxe,Charlie Puth,38,38,0,0,1,1,12,16,187906,2015-05-01 07:00:00,2021-07-09 01:51:33,2021-07-09 01:51:33,,,,English Pop,,1172997162,USAT21501197,
890,5350,5655,True,True,敢傻敢衝,敢傻敢衝,1416696196,茄子蛋,茄子蛋,茄子蛋,敢傻敢衝 - Single,敢傻敢衝 - Single,茄子蛋,47,47,0,0,1,1,1,1,197000,2020-10-27 12:00:00,2021-07-09 03:06:53,2021-07-09 03:06:53,V.M,Taiwanese,Pop,Mando Pop,Rock.Influenced,1726976127,TWEN52000005,Music116/v4/26/aa/76/26aa76a0-472c-370c-f159-d9ba1111b63a/5054197969737.jpg
891,5352,5657,True,True,États d'Amour,États d'Amour,1092703533,Amir,Amir,Amir,Addictions (Deluxe Edition),Addictions (Deluxe Edition),Amir,45,46,0,1,1,2,2,18,219253,2017-08-25 12:00:00,2021-07-09 03:24:40,2021-07-09 03:24:40,V.M,French,Pop,French Pop,,1437812695,FR9W11717136,Music115/v4/d9/a5/7d/d9a57d8d-1211-fe82-759c-4cfca8165a5e/190295542702.jpg
892,5354,5659,False,True,Weekend,Weekend,,,太妍,TAEYEON,Weekend - Single,Weekend - Single,TAEYEON,44,44,0,0,1,1,1,1,233413,2021-07-06 12:00:00,2021-07-09 05:20:02,2021-07-09 05:20:02,,,,K Pop,,1574308371,KRA302100230,
893,5356,5661,True,True,Me + You,Me + You,"1462475034, 1479521639","SABAI, Rave New World",SABAI & Rave New World,SABAI & Rave New World,Me + You - Single,Me + You - Single,"SABAI, Rave New World",118,123,0,5,1,1,1,1,171455,2021-06-29 12:00:00,2021-07-09 07:07:23,2021-07-09 07:07:23,V.F,English,Dance,English Dance,Trap,1570570567,CA6D22100502,Music115/v4/65/11/07/6511077e-c027-269c-cb02-3c0de78d5aa4/742779538086.png
894,5358,5663,False,True,MORE & MORE,MORE & MORE,,,TWICE,TWICE,MORE & MORE,MORE & MORE,TWICE,45,45,0,0,1,1,1,7,199653,2020-06-01 12:00:00,2021-07-12 00:46:07,2021-07-12 00:46:07,,,,K Pop,,1515404862,US5TA2000050,
895,5360,5665,True,True,Love Like That,Love Like That,"1127956990, 336840009, 1506413374","BEAUZ, BSY, JSY","BEAUZ, BSY & JSY","BEAUZ, BSY & JSY",Love Like That - Single,Love Like That - Single,"BEAUZ, BSY, JSY",59,59,0,0,1,1,1,1,197273,2020-07-31 12:00:00,2021-07-12 01:50:41,2021-07-12 01:50:41,V.F,English,Dance,English Dance,House.SlapHouse,1520470841,GBKPL2010797,Music123/v4/2b/3a/df/2b3adfde-0c4a-dbd3-14f2-523139653ec7/5054526807938_1.jpg
896,5362,5667,False,True,還是會,還是會,,,韋禮安,韋禮安,有人在等,有人在等,WeiBird,37,37,0,0,1,1,11,11,235307,2011-10-18 12:00:00,2021-07-12 13:03:06,2021-07-12 13:03:06,,,,Mando Pop,,547180357,TWA211126001,
897,5364,5669,False,True,缺口 (電影《等一個人咖啡》主題曲),缺口 (電影《等一個人咖啡》主題曲),,,庾澄慶,Harlem Yu,缺口 (電影《等一個人咖啡》主題曲) - Single,缺口 (電影《等一個人咖啡》主題曲) - Single,Harlem Yu,35,35,0,0,1,1,1,1,281812,2014-07-08 12:00:00,2021-07-12 13:10:50,2021-07-12 13:10:50,,,,Mando Pop,,896051166,TWB731410001,
898,5366,5671,True,True,煙袋斜街,煙袋斜街,1505686268,"接個吻,開一槍","接個吻,開一槍","接個吻,開一槍",煙袋斜街 - Single,煙袋斜街 - Single,"接個吻,開一槍",72,72,0,0,1,1,1,1,213604,2017-02-21 12:00:00,2021-07-15 09:18:28,2021-07-15 09:18:28,A,-,Dance,House,House.ProgressiveHouse,1726875968,HKG732002636,
899,5368,5673,True,True,不打擾,不打擾,"1505686268, 1486770372, 1462573538","接個吻,開一槍, 沈以誠, 劉思鑒","接個吻,開一槍, 沈以誠 & 劉思鑒","接個吻,開一槍, 沈以誠 & 劉思鑒",不打擾 - Single,不打擾 - Single,"接個吻,開一槍, 沈以誠, 劉思鑒",64,66,0,2,1,1,1,1,176526,2018-06-09 12:00:00,2021-07-15 10:32:20,2021-07-15 10:32:20,V.M,Mandarin,Dance,Mando Dance,Bass.FutureBass,1825596503,HKG732002643,Music211/v4/f3/9e/4e/f39e4ecf-5cd9-b40b-ef30-da4df6c48a90/571338448.jpg
900,5370,5675,True,True,Chasing Fire,Chasing Fire,982612996,Lauv,Lauv,Lauv,I met you when I was 18. (the playlist),I met you when I was 18. (the playlist),Lauv,57,57,0,0,1,1,13,17,205267,2018-03-29 12:00:00,2021-07-16 03:14:45,2021-07-16 03:14:45,V.M,English,Pop,English Pop,,1771702894,GBWWP1803692,Music211/v4/5c/3d/e5/5c3de510-1123-0da6-9531-318d9597159c/5056167107347_Cover.jpg
901,5372,5677,True,True,Forget About Me,Forget About Me,205826519,Alius,Alius,Alius,Alive,Alive,Alius,86,91,0,5,1,1,5,17,191653,2017-10-20 12:00:00,2021-07-16 03:17:54,2021-07-16 03:17:54,V.M,English,Dance,English Dance,"House.TropicalHouse, Pop.Influenced",1785022713,AUZAJ1600087,Music211/v4/7c/e6/ff/7ce6ff28-179b-bc95-dd1b-20eb150a6c6d/5712192285824.png
902,5374,5679,True,True,Stockholm Lights,Stockholm Lights,1038129919,Diviners,Diviners,Diviners,Stockholm Lights - Single,Stockholm Lights - Single,Diviners,61,63,0,2,1,1,1,1,173272,2020-03-13 12:00:00,2021-07-16 03:44:53,2021-07-16 03:44:53,V.M,English,Dance,English Dance,House.TropicalHouse,"1500090058, 1869065920",GB2LD2000011,Music113/v4/06/18/97/06189778-988d-0ec8-eb7a-8b033a1a77be/cover.jpg
903,5376,5681,False,True,一寸の赤,一寸の赤,,,yama,yama,一寸の赤 - Single,一寸の赤 - Single,yama,37,37,0,0,1,1,1,1,231673,2021-03-25 12:00:00,2021-07-22 00:17:58,2021-07-22 00:17:58,,,,J Pop,,1557863848,JPU902100569,
904,5378,5683,True,True,I Quit Drinking,I Quit Drinking,"1019528519, 1237729767","GhostDragon, Exede",GhostDragon & Exede,GhostDragon & Exede,I Quit Drinking - Single,I Quit Drinking - Single,"GhostDragon, Exede",110,128,0,18,1,1,1,1,214737,2021-07-16 12:00:00,2021-07-23 01:56:48,2021-07-23 01:56:48,V.M,English,Dance,English Dance,Dubstep.MelodicDubstep,1576154070,QZK6N2197467,Music125/v4/bb/b6/21/bbb62111-6681-0866-4791-0dc9600deaf8/artwork.jpg
905,5380,5685,True,True,Arcadia,Arcadia,395664545,TheFatRat,TheFatRat,TheFatRat,Parallax,Parallax,TheFatRat,66,72,0,6,1,1,2,10,187321,2021-07-16 12:00:00,2021-07-23 03:09:58,2021-07-23 03:09:58,A,-,Dance,Glitch Hop,House.TropicalHouse,1758835163,DEZC62111122,Music211/v4/72/47/06/7247061c-4de5-1984-7dbc-99cf2c53f0df/cover_4064832636628.jpg
906,5382,5687,True,True,H&S&T Acoustic Ver.,H&S&T (Acoustic Version),1378636370,Unknöwn Kun,Unknöwn Kun,Unknöwn Kun,H&S&T Acoustic Ver. - Single,H&S&T Acoustic Ver. - Single,Unknöwn Kun,57,57,0,0,1,1,1,1,229333,2021-07-14 12:00:00,2021-07-23 03:52:48,2021-07-23 03:52:48,V.M,English,Pop,English Pop,,1574645094,JPS602104730,Music125/v4/90/9d/51/909d51c5-13c3-ed62-4e30-88deb044f4ab/PA00088796_0_138613_jacket.jpg
907,5384,5689,True,True,Honesty,Honesty,852983190,Hallman,Hallman,Hallman,Honesty - Single,Honesty - Single,Hallman,122,140,0,18,1,1,1,2,157125,2020-05-01 12:00:00,2021-07-26 13:27:59,2021-07-26 13:27:59,A,-,Dance,House,House.ProgressiveHouse,1502375647,SE5Q51903575,Music115/v4/1d/ef/71/1def7150-4ec7-ac2c-c74a-059981caeb75/7330178044692.png
908,5386,5691,True,True,Butterflies (feat. Dia Frampton),Butterflies (feat. Dia Frampton),"1297084102, 332465235, 432647731","William Black, Fairlane, Dia Frampton",William Black & Fairlane,William Black & Fairlane,Butterflies (feat. Dia Frampton) - Single,Butterflies (feat. Dia Frampton) - Single,"William Black, Fairlane",116,132,0,16,1,1,1,1,201931,2020-02-13 12:00:00,2021-07-26 13:32:11,2021-07-26 13:32:11,V.F,English,Dance,English Dance,Dubstep.MelodicDubstep,1637190519,GBKPL2083846,Music122/v4/1d/09/a1/1d09a1d4-22d4-4c65-3b8a-d283936dae0f/cover.jpg
909,5388,5693,False,True,Got Me Like That,Got Me Like That,,,Hallman,Hallman,Got Me Like That - Single,Got Me Like That - Single,Hallman,44,44,0,0,1,1,1,1,189103,2019-04-12 12:00:00,2021-07-27 00:28:00,2021-07-27 00:28:00,,,,English Dance,,1731383752,GBKQU1926953,
910,5390,5695,True,True,Sure Thing,Sure Thing,"1438900835, 927122903","Man Cub, SVRCINA",Man Cub & SVRCINA,Man Cub & SVRCINA,Impressions,Impressions,Man Cub,108,115,0,7,1,1,8,13,202363,2019-03-01 12:00:00,2021-07-29 01:23:24,2021-07-29 01:23:24,V.F,English,Dance,English Dance,Bass.MelodicBass,1732585682,GBKQU1913822,Music122/v4/44/18/bf/4418bf51-d46c-62e0-4297-40beb3044a82/cover.jpg
911,5392,5697,True,True,Don't Say (feat. Nevve),Don't Say (feat. Nevve),"490974321, 1126052736","Hoang, Nevve",Hoang,Hoang,Don't Say (feat. Nevve) - Single,Don't Say (feat. Nevve) - Single,Hoang,59,61,0,2,1,1,1,1,182107,2018-05-28 12:00:00,2021-07-29 05:43:49,2021-07-29 05:43:49,V.F,English,Dance,English Dance,Bass.FutureBass,1390387690,QZDA41802742,Music125/v4/fb/73/a1/fb73a14c-7665-f090-73d9-234dd761b1d4/artwork.jpg
912,5394,5699,True,True,Dreams,Dreams,1196418866,RUNN,RUNN,RUNN,Handle with Care - EP,Handle with Care - EP,RUNN,52,52,0,0,1,1,3,5,194559,2020-09-25 12:00:00,2021-07-29 08:42:26,2021-07-29 08:42:26,V.F,English,Pop,English Dance,,1700469825,USA2P2031404,Music126/v4/04/63/13/0463134c-d819-7ca2-e3d0-efe612e87c6a/192641552755.png
913,5396,5701,True,True,Remedy (feat. Annie Schindel),Remedy (feat. Annie Schindel),"1297084102, 1466795784","William Black, Annie Schindel",William Black,William Black,Pieces,Pieces,William Black,81,85,0,4,1,1,6,13,220146,2021-11-05 12:00:00,2021-07-29 08:42:29,2021-07-29 08:42:29,V.F,English,Dance,English Dance,Bass.MelodicBass,1638003867,GBKPL2148180,Music112/v4/bf/7f/11/bf7f115c-7366-e1ed-f0a1-1e02d9088520/cover.jpg
914,5398,5703,True,True,TWILIGHT,TWILIGHT,91160335,RADWIMPS,RADWIMPS,RADWIMPS,TWILIGHT - Single,FOREVER DAZE,RADWIMPS,135,136,0,1,1,1,4,14,263209,2021-07-23 12:00:00,2021-07-30 00:00:50,2021-07-30 00:00:50,V.M,Japanese,Rock,J Rock,"Dance.Influenced, Soundtrack.Anime","1577303921, 1592480855",JPV972100003,Music116/v4/5a/92/0d/5a920d2a-edec-4d54-6075-60840ae91eaf/0602445015078_cover.jpg
915,5400,5705,False,True,New Normal,New Normal,,,Khalid,Khalid,New Normal - Single,New Normal - Single,Khalid,26,27,0,1,1,1,1,1,198765,2021-07-21 12:00:00,2021-08-01 01:51:43,2021-08-01 01:51:43,,,,English R&B/Soul,,1576557406,USRC12101788,
916,5402,5707,True,True,Brave Soul,Brave Soul,"645420096, 1451733099","ILLENIUM, Emma Grace",ILLENIUM & Emma Grace,ILLENIUM & Emma Grace,Fallen Embers,Fallen Embers,ILLENIUM,188,208,0,20,1,1,14,14,277333,2021-07-16 12:00:00,2021-08-01 02:01:17,2021-08-01 02:01:17,V.F,English,Dance,English Dance,Dubstep.MelodicDubstep,1572859323,ZZOPM2106210,Music115/v4/5f/12/8f/5f128f6c-3354-b004-c7b4-80763ee92abe/190296673603.jpg
917,5404,5709,True,True,Lights,Lights,883131348,BTS,BTS,防彈少年團,MAP OF THE SOUL : 7 ~ THE JOURNEY ~,MAP OF THE SOUL : 7 ~ THE JOURNEY ~,BTS,44,44,0,0,1,1,11,13,292853,2019-07-03 07:00:00,2021-08-03 08:10:49,2021-08-03 08:10:49,V.M,Japanese,Pop,K Pop,,"1469320480, 1517969730",JPPO01902095,Music115/v4/89/a4/81/89a481e5-2784-70d6-8404-3642871ca493/20UMGIM44782.rgb.jpg
918,5406,5711,True,True,#imissyousobad (feat. Yalu),#imissyousobad (feat. Yalu),"798549963, 1207185675","原子邦妮, Yalu",原子邦妮,原子邦妮,謝謝你曾經讓我悲傷,謝謝你曾經讓我悲傷,原子邦妮,90,90,0,0,1,1,4,12,225948,2017-02-14 12:00:00,2021-08-03 08:11:03,2021-08-03 08:11:03,V.F,Mandarin,Pop,Mando Dance,Dance.Influenced,1321246593,TWA451706152,Music124/v4/6e/ba/9d/6eba9de1-f6e9-55f6-e1ab-45f2c2fafa32/4710149667243.jpg.jpg
919,5408,5713,True,True,風に薫る夏の記憶,風に薫る夏の記憶,79789358,AAA,AAA,AAA,GOLD SYMPHONY,GOLD SYMPHONY,AAA,49,51,0,2,1,1,9,11,305560,2014-06-04 12:00:00,2021-08-03 10:31:28,2021-08-03 10:31:28,V.X,Japanese,Pop,J Pop,,920303887,JPB601402248,Music4/v4/9c/8c/da/9c8cdaca-cd50-36e7-f92e-1c5642a889ae/AVZD-93015.jpg
920,5410,5715,True,True,Vibe,Vibe,1046396707,Fly By Midnight,Fly By Midnight,Fly By Midnight,New York Nostalgia,New York Nostalgia,Fly By Midnight,147,149,0,2,1,1,3,9,198346,2018-03-23 12:00:00,2021-08-03 13:31:24,2021-08-03 13:31:24,V.M,English,Pop,English Indie,Dance.Influenced,1631020510,GBKPL1786277,Music122/v4/1a/25/7b/1a257ba4-bff7-433d-7097-4d6e6de195f7/artwork.jpg
921,5412,5717,True,True,Prism,Prism,"951584662, 259612038","Summer Was Fun, Laura Brehm",Summer Was Fun & Laura Brehm,Summer Was Fun & Laura Brehm,Prism - Single,Prism - Single,"Summer Was Fun, Laura Brehm",82,85,0,3,1,1,1,1,214194,2019-04-18 12:00:00,2021-08-03 13:43:47,2021-08-03 13:43:47,V.F,English,Dance,English Dance,Bass.FutureBass,"1458035098, 1869059181",GB2LD1900114,Music114/v4/f5/1e/7e/f51e7e78-3f1e-1678-8450-e6fe871c26ce/cover.jpg
922,5414,5719,False,True,感謝你曾來過,感謝你曾來過,,,周思涵 & Ayo97,A Han & Ayo97,感謝你曾來過 - Single,感謝你曾來過 - Single,A Han & Ayo97,28,28,0,0,1,1,1,1,250005,2017-02-12 08:00:00,2021-08-03 14:11:25,2021-08-03 14:11:25,,,,Mando Pop,,1491133597,FRX201978053,
923,5416,5721,True,True,インフィニティ,インフィニティ,1489331027,優里,Yuuri,優里,インフィニティ - Single,壱,優里,51,52,0,1,1,1,14,16,245853,2021-01-23 12:00:00,2021-08-04 00:49:27,2021-08-04 00:49:27,V.M,Japanese,Rock,J Rock,,"1545892487, 1599543509",JPU902003450,Music116/v4/d9/de/51/d9de5146-6d3a-2002-bc8f-77e2e47c1c3b/4547366544138.jpg
924,5418,5723,True,True,Outside,Outside,1439370392,Fiji Blue,Fiji Blue,Fiji Blue,Reasons You Should Care - EP,Reasons You Should Care - EP,Fiji Blue,57,57,0,0,1,1,1,6,174081,2021-05-06 12:00:00,2021-08-04 02:04:04,2021-08-04 02:04:04,V.M,English,Pop,English Dance,Dance.Influenced,1587992537,TCAFM2119172,Music115/v4/2c/22/28/2c22284b-ab76-3aaf-f07b-8243335f502a/21UM1IM21043.rgb.jpg
925,5420,5725,True,True,Stay With Me (feat. Jeremy Zucker),Stay With Me (feat. Jeremy Zucker),"648926675, 1049356910","ayokay, Jeremy Zucker",ayokay,ayokay,In the Shape of a Dream,In the Shape of a Dream,ayokay,72,71,1,1,1,1,6,10,189787,2018-08-31 07:00:00,2021-08-04 03:01:33,2021-08-04 03:01:33,V.M,English,Pop,English Dance,Dance.Influenced,1433987966,USSM11806979,Music115/v4/e2/9f/f0/e29ff045-1a6d-ba5a-f510-eee6c7c56f23/886447248263.jpg
926,5422,5727,True,True,Focus,Focus,333815122,Roa,Roa,Roa,Focus - Single,Focus - Single,Roa,61,64,0,3,1,1,1,1,259906,2021-07-10 12:00:00,2021-08-06 00:56:01,2021-08-06 00:56:01,A,-,Dance,House,House.TropicalHouse,1576662762,GX4R52116383,Music125/v4/f5/4f/27/f54f274c-16a1-61ab-0fd3-0acd78acee3c/5059806919837_cover.jpg
927,5424,5729,False,True,The Way You Felt (Acoustic Version),The Way You Felt (Acoustic Version),,,Alec Benjamin,Alec Benjamin,The Way You Felt (Acoustic Version) - Single,The Way You Felt (Acoustic Version) - Single,Alec Benjamin,34,34,0,0,1,1,1,1,170277,2021-04-30 12:00:00,2021-08-06 01:12:25,2021-08-06 01:12:25,,,,English Indie,,1572720306,USAT22102715,
928,5426,5731,False,True,Sweet Dream,Sweet Dream,,,Alessia Cara,Alessia Cara,Sweet Dream - Single,Sweet Dream - Single,Alessia Cara,37,37,0,0,1,1,1,1,181882,2021-07-15 12:00:00,2021-08-06 01:53:14,2021-08-06 01:53:14,,,,English Pop,,1574742834,USUM72111118,
929,5428,5733,True,True,Blame Myself,Blame Myself,"645420096, 437581991","ILLENIUM, Tori Kelly",ILLENIUM & Tori Kelly,ILLENIUM & Tori Kelly,Fallen Embers,Fallen Embers,ILLENIUM,128,144,0,16,1,1,1,14,230571,2021-07-16 12:00:00,2021-08-06 03:49:32,2021-08-06 03:49:32,V.F,English,Dance,English Dance,Dubstep.MelodicDubstep,1572859297,ZZOPM2106202,Music115/v4/5f/12/8f/5f128f6c-3354-b004-c7b4-80763ee92abe/190296673603.jpg
930,5430,5735,True,True,First Time,First Time,"645420096, 1458927793","ILLENIUM, iann dior",ILLENIUM & iann dior,ILLENIUM & iann dior,Fallen Embers,Fallen Embers,ILLENIUM,77,77,0,0,1,1,5,14,165779,2021-03-12 08:00:00,2021-08-07 06:37:16,2021-08-07 06:37:16,V.M,English,Pop,English Dance,Dance.Influenced,1572859304,ZZOPM2104690,Music115/v4/5f/12/8f/5f128f6c-3354-b004-c7b4-80763ee92abe/190296673603.jpg
931,5432,5737,True,True,U & Me,U & Me,"645420096, 868093249","ILLENIUM, Sasha Alex Sloan",ILLENIUM & Sasha Alex Sloan,ILLENIUM & Sasha Alex Sloan,Fallen Embers,Fallen Embers,ILLENIUM,79,84,0,5,1,1,6,14,213500,2021-07-16 12:00:00,2021-08-07 06:42:24,2021-08-07 06:42:24,V.F,English,Dance,English Dance,Bass.FutureBass,1572859306,ZZOPM2106205,Music115/v4/5f/12/8f/5f128f6c-3354-b004-c7b4-80763ee92abe/190296673603.jpg
932,5434,5739,True,True,Take It or Leave It,Take It or Leave It,711037505,Great Good Fine Ok,Great Good Fine Ok,Great Good Fine Ok,III,III,Great Good Fine Ok,118,118,0,0,1,1,1,7,183468,2015-09-15 12:00:00,2021-08-08 13:15:46,2021-08-08 13:15:46,V.M,English,Pop,English Rock,Dance.Influenced,1189952391,TCACI1547119,Music122/v4/8d/8b/b9/8d8bb918-8ba8-9be6-485e-21a95658d3ab/859719196944_cover.jpg
933,5436,5741,False,True,2020,2020,,,Great Good Fine Ok,Great Good Fine Ok,2020 - Single,2020 - Single,Great Good Fine Ok,42,42,0,0,1,1,1,1,159500,2019-12-27 12:00:00,2021-08-10 13:34:03,2021-08-10 13:34:03,,,,English Rock,,1489686483,QMEZE1949340,
934,5438,5743,True,True,Find Yourself (Ashworth Remix),Find Yourself (Ashworth Remix),"711037505, 337966533, 1475780977","Great Good Fine Ok, Before You Exit, Ashworth",Great Good Fine Ok & Before You Exit,Great Good Fine Ok & Before You Exit,Find Yourself (Ashworth Remix) - Single,Find Yourself (Ashworth Remix) - Single,"Great Good Fine Ok, Before You Exit",61,65,0,4,1,1,1,1,202256,2017-10-26 12:00:00,2021-08-10 13:38:55,2021-08-10 13:38:55,V.M,English,Dance,English Rock,House.ProgressiveHouse,1714735251,USUS11800004,Music116/v4/fd/16/79/fd16794e-7468-bd9b-442b-993569f448b5/0617465935756.jpg
935,5440,5745,True,True,up to me,up to me,867853783,LANY,LANY,LANY,gg bb xx,gg bb xx,LANY,25,25,0,0,1,1,2,12,167960,2021-07-15 07:00:00,2021-08-10 15:10:55,2021-08-10 15:10:55,V.M,English,Pop,English Pop,,1575772344,GBUM72103660,Music125/v4/d4/ed/a0/d4eda068-4307-781e-1415-933c686f5553/21UMGIM61686.rgb.jpg
936,5442,5747,True,True,Back to Me,Back to Me,"350247425, 1496330230","Caslow, XELA",Caslow & XELA,Caslow & XELA,Back to Me - Single,Back to Me - Single,"Caslow, XELA",102,112,0,10,1,1,1,1,229565,2020-03-03 12:00:00,2021-08-11 13:50:07,2021-08-11 13:50:07,V.F,English,Dance,English Dance,Bass.FutureBass,1659474155,USA2P2008294,Music122/v4/9a/d6/28/9ad628f9-1e90-1fb1-fde5-d2447d624880/192641450686_.jpg
937,5444,5749,True,True,Little Do You Know (feat. Jessie Villa),Little Do You Know (feat. Jessie Villa),"1127956990, 681863412","BEAUZ, Jessie Villa",BEAUZ,BEAUZ,GENESIS - EP,GENESIS - EP,BEAUZ,49,48,1,1,1,1,3,5,167429,2020-08-21 12:00:00,2021-08-11 14:01:45,2021-08-11 14:01:45,V.F,English,Dance,English Dance,House.SlapHouse,1539651894,NL2BP2000002,Music124/v4/55/19/63/55196366-fa2b-72c6-bb0c-2a4205f09549/20UMGIM56350.rgb.jpg
938,5446,5751,False,True,Still Feels Right,Still Feels Right,,,Flux Vortex,Flux Vortex,Flux Vortex - EP,Flux Vortex - EP,Flux Vortex,37,37,0,0,1,1,4,4,218743,2020-10-30 12:00:00,2021-08-11 14:06:17,2021-08-11 14:06:17,,,,English Dance,,1551786100,SE5Q52002192,
939,5448,5753,False,True,Silence (feat. Khalid),Silence (feat. Khalid),,,Marshmello,Marshmello,Silence (feat. Khalid) - Single,Silence (feat. Khalid) - Single,Marshmello,31,31,0,0,1,1,1,1,180823,2017-08-11 12:00:00,2021-08-12 02:09:11,2021-08-12 02:09:11,,,,English Dance,,1268152499,USRC11701901,
940,5450,5755,False,True,Pneumatic Tokyo,Pneumatic Tokyo,,,EnV,EnV,Pneumatic Tokyo - Single,Pneumatic Tokyo - Single,EnV,42,43,0,1,1,1,1,1,229798,2013-07-13 07:00:00,2021-08-16 03:39:42,2021-08-16 03:39:42,,,,House,,1442735191,QM42K1814198,
941,5452,5757,False,True,恋音と雨空,恋音と雨空,,,AAA,AAA,恋音と雨空 - EP,恋音と雨空 - EP,AAA,34,34,0,0,1,1,1,4,316400,2013-09-04 12:00:00,2021-08-17 00:26:13,2021-08-17 00:26:13,,,,J Pop,,1011787193,JPB601303818,
942,5454,5759,False,True,さよならの前に,さよならの前に,,,AAA,AAA,GOLD SYMPHONY,GOLD SYMPHONY,AAA,27,27,0,0,1,1,10,11,320373,2014-10-01 12:00:00,2021-08-17 00:27:22,2021-08-17 00:27:22,,,,J Pop,,920303888,JPB601403351,
943,5456,5761,False,True,Yell,Yell,,,AAA,AAA,WAY OF GLORY,WAY OF GLORY,AAA,31,31,0,0,1,1,12,13,285289,2016-07-06 12:00:00,2021-08-17 00:27:53,2021-08-17 00:27:53,,,,J Pop,,1204207384,JPB601504581,
944,5458,5763,False,True,好き好き好き,好き好き好き,,,SHINJIRO ATAE & 青山黛瑪,與真司郎 & Thelma Aoyama,THIS IS WHERE WE PROMISE,THIS IS WHERE WE PROMISE,SHINJIRO ATAE,14,14,0,0,1,1,5,11,226160,2021-07-07 07:00:00,2021-08-17 00:30:32,2021-08-17 00:30:32,,,,J Pop,,1573695976,JPB601902843,
945,5460,5765,False,True,You,You,,,Da-iCE,Da-iCE,Face,Face,Da-iCE,22,22,0,0,1,1,11,,290080,2020-04-15 07:00:00,2021-08-17 00:31:41,2021-08-17 00:31:41,,,,J Pop,,1506706754,JPPO02001132,
946,5462,5767,False,True,DREAMIN' ON,DREAMIN' ON,,,Da-iCE,Da-iCE,DREAMIN' ON -Special Edition- - EP,DREAMIN' ON -Special Edition- - EP,Da-iCE,34,36,0,2,1,1,1,4,235275,2020-08-10 07:00:00,2021-08-17 00:31:47,2021-08-17 00:31:47,,,,J Pop,,1525236534,JPB602002161,
947,5464,5769,False,True,Say Goodbye To You,Say Goodbye To You,,,Da-iCE,Da-iCE,Face,Face,Da-iCE,24,24,0,0,1,1,10,10,250800,2020-04-29 12:00:00,2021-08-17 00:32:36,2021-08-17 00:32:36,,,,J Pop,,1506706753,JPPO02001131,
948,5466,5771,False,True,Sora,Sora,,,Da-iCE,Da-iCE,Watch Out - EP,Watch Out - EP,Da-iCE,22,23,0,1,1,1,2,4,199560,2016-04-06 12:00:00,2021-08-17 00:32:56,2021-08-17 00:32:56,,,,J Pop,,1445302443,JPPO01614735,
949,5468,5773,False,True,Kimiiro,Kimiiro,,,Da-iCE,Da-iCE,Bet,Bet,Da-iCE,27,30,0,3,1,1,6,12,268973,2018-08-08 12:00:00,2021-08-17 00:33:31,2021-08-17 00:33:31,,,,J Pop,,1417129320,JPPO01704469,
950,5470,5775,True,True,Night Diver,Night Diver,1473296822,三浦春馬,三浦春馬,三浦春馬,Night Diver - Single,Night Diver - Single,三浦春馬,83,84,0,1,1,1,1,3,203085,2020-07-24 12:00:00,2021-08-17 00:34:26,2021-08-17 00:34:26,V.M,Japanese,Pop,J Pop,,1840124818,JPJ222001488,Music211/v4/e7/30/43/e730433c-be95-6863-7e29-8d720f83c5c7/25UM1IM06463.rgb.jpg
951,5472,5777,False,True,LOSER,Loser,,,米津玄師,米津玄師,LOSER / ナンバーナイン - Single,LOSER / ナンバーナイン - Single,Kenshi Yonezu,15,16,0,1,1,1,1,3,245227,2016-09-26 12:00:00,2021-08-17 00:35:39,2021-08-17 00:35:39,,,,J Pop,,1537279545,JPU901602597,
952,5474,5779,False,True,orion,orion,,,米津玄師,米津玄師,orion - Single,orion - Single,Kenshi Yonezu,18,18,0,0,1,1,1,3,283333,2017-02-15 12:00:00,2021-08-17 00:35:54,2021-08-17 00:35:54,,,,J Pop,,1537279277,JPU901700003,
953,5476,5781,False,True,灰色と青 ( + 菅田将暉 ),灰色と青 ( + 菅田将暉 ),,,米津玄師 & 菅田將暉,米津玄師 & 菅田將暉,BOOTLEG,BOOTLEG,Kenshi Yonezu,19,19,0,0,1,1,14,14,332132,2017-10-11 12:00:00,2021-08-17 00:36:38,2021-08-17 00:36:38,,,,J Pop,,1538275671,JPU901702924,
954,5478,5783,False,True,まちがいさがし,まちがいさがし,,,菅田將暉,Masaki Suda,LOVE,LOVE,Masaki Suda,11,11,0,0,1,1,1,11,223640,2019-05-14 12:00:00,2021-08-17 00:36:56,2021-08-17 00:36:56,,,,J Pop,,1538153320,JPU901901148,
955,5480,5785,True,True,I LOVE...,I Love...,960568308,Official HIGE DANdism,Official鬍子男dism,Official鬍子男dism,I LOVE... - Single,Editorial,Official HIGE DANdism,52,56,0,4,1,1,3,14,282687,2020-02-12 12:00:00,2021-08-17 00:37:12,2021-08-17 00:37:12,V.M,Japanese,Rock,J Rock,,1578260041,JPPC01902006,Music115/v4/9b/da/69/9bda6999-3a29-3634-c1db-d35cd95ab5c2/PCCA_06057_A.jpg
956,5482,5787,False,True,Pretender,Pretender,,,Official鬍子男dism,Official鬍子男dism,Traveler,Traveler,OFFICIAL HIGE DANDISM,34,34,0,0,1,1,12,14,326843,2019-04-17 07:00:00,2021-08-17 00:37:14,2021-08-17 00:37:14,,,,J Rock,,1479397873,JPPC01900265,
957,5484,5789,False,True,イエスタデイ,イエスタデイ,,,Official鬍子男dism,Official鬍子男dism,Traveler,Traveler,OFFICIAL HIGE DANDISM,32,33,0,1,1,1,1,14,299164,2019-09-11 07:00:00,2021-08-17 00:38:00,2021-08-17 00:38:00,,,,J Rock,,1479397583,JPPC01901536,
958,5486,5791,False,True,115万キロのフィルム,115万キロのフィルム,,,Official鬍子男dism,Official鬍子男dism,エスカパレード,エスカパレード,OFFICIAL HIGE DANDISM,25,26,0,1,1,1,1,13,324633,2018-04-11 12:00:00,2021-08-17 00:38:03,2021-08-17 00:38:03,,,,J Rock,,1394014329,JPC841800601,
959,5488,5793,False,True,アポトーシス,アポトーシス,,,Official鬍子男dism,Official鬍子男dism,Editorial,Editorial,OFFICIAL HIGE DANDISM,26,26,0,0,1,1,2,14,389696,2021-08-11 07:00:00,2021-08-17 00:38:34,2021-08-17 00:38:34,,,,J Rock,,1578260040,JPPC02110651,
960,5490,5795,False,True,宿命,宿命,,,Official鬍子男dism,Official鬍子男dism,Traveler,Traveler,OFFICIAL HIGE DANDISM,31,33,0,2,1,1,2,14,280856,2019-07-09 07:00:00,2021-08-17 00:38:44,2021-08-17 00:38:44,,,,J Rock,,1479397584,JPPC01900827,
961,5492,5797,False,True,Stand By You,Stand by You,,,Official鬍子男dism,Official鬍子男dism,Traveler,Traveler,OFFICIAL HIGE DANDISM,33,33,0,0,1,1,8,14,256132,2018-10-17 07:00:00,2021-08-17 00:38:49,2021-08-17 00:38:49,,,,J Rock,,1479397866,JPPC01801627,
962,5494,5799,False,True,Marigold,Marigold,,,愛繆,Aimyon,Momentary Sixth Sense,Momentary Sixth Sense,Aimyon,28,29,0,1,1,1,2,12,306627,2018-07-18 07:00:00,2021-08-17 00:40:50,2021-08-17 00:40:50,,,,J Rock,,1446781787,JPWP01870687,
963,5496,5801,False,True,Kimi Wa Rock Wo Kikanai,Kimi Wa Rock Wo Kikanai,,,愛繆,Aimyon,Excitement of Youth,Excitement of Youth,Aimyon,32,33,0,1,1,1,3,11,246307,2017-07-25 12:00:00,2021-08-17 00:41:15,2021-08-17 00:41:15,,,,J Rock,,1273709797,JPWP01771557,
964,5498,5803,False,True,Naked Heart,Naked Heart,,,愛繆,Aimyon,Heard That There's Good Pasta,Heard That There's Good Pasta,Aimyon,28,34,0,6,1,1,6,12,296653,2020-05-01 07:00:00,2021-08-17 00:41:50,2021-08-17 00:41:50,,,,J Rock,,1525540120,JPWP02070235,
965,5500,5805,False,True,Let the Night,Let the Night,,,愛繆,Aimyon,Momentary Sixth Sense,Momentary Sixth Sense,Aimyon,32,32,0,0,1,1,9,12,238093,2018-10-25 07:00:00,2021-08-17 00:41:59,2021-08-17 00:41:59,,,,J Rock,,1446781794,JPWP01871332,
966,5502,5807,False,True,Her Blue Sky,Her Blue Sky,,,愛繆,Aimyon,Heard That There's Good Pasta,Heard That There's Good Pasta,Aimyon,20,21,0,1,1,1,8,12,304933,2019-09-13 07:00:00,2021-08-17 00:43:06,2021-08-17 00:43:06,,,,J Rock,,1525540122,JPWP01970758,
967,5504,5809,False,True,Ao To Natsu,Ao To Natsu,,,Mrs. GREEN APPLE,Mrs. GREEN APPLE,Attitude,Attitude,Mrs. GREEN APPLE,35,35,0,0,1,1,8,18,270027,2018-07-12 07:00:00,2021-08-17 00:44:03,2021-08-17 00:44:03,,,,J Rock,,1475233547,JPPO01802568,
968,5506,5811,False,True,Bokuno Koto,Bokuno Koto,,,Mrs. GREEN APPLE,Mrs. GREEN APPLE,Bokuno Koto - EP,Bokuno Koto - EP,Mrs. GREEN APPLE,25,25,0,0,1,1,1,4,321760,2018-12-26 08:00:00,2021-08-17 00:44:55,2021-08-17 00:44:55,,,,J Rock,,1445145789,JPPO01806514,
969,5508,5813,False,True,白日,白日,,,King Gnu,King Gnu,CEREMONY,CEREMONY,King Gnu,19,23,0,4,1,1,5,12,276373,2019-02-22 12:00:00,2021-08-17 00:45:27,2021-08-17 00:45:27,,,,J Pop,,1538116463,JPU901903398,
970,5510,5815,False,True,Epilogue,Epilogue,,,YOASOBI,YOASOBI,THE BOOK,THE BOOK,YOASOBI,20,21,0,1,1,1,1,9,50547,2021-01-06 12:00:00,2021-08-17 00:45:42,2021-08-17 00:45:42,,,,J Pop,,1542182299,JPP302000678,
971,5512,5817,False,True,Prologue,Prologue,,,YOASOBI,YOASOBI,THE BOOK,THE BOOK,YOASOBI,18,18,0,0,1,1,9,9,35707,2021-01-06 12:00:00,2021-08-17 00:45:42,2021-08-17 00:45:42,,,,J Pop,,1542182779,JPP302000679,
972,5520,5825,False,True,あの夢をなぞって,あの夢をなぞって,,,YOASOBI,YOASOBI,THE BOOK,THE BOOK,YOASOBI,27,29,0,2,1,1,4,9,240747,2021-01-06 12:00:00,2021-08-17 00:45:42,2021-08-17 00:45:42,,,,J Pop,,1542182544,JPP301900802,
973,5524,5829,False,True,たぶん,たぶん,,,YOASOBI,YOASOBI,THE BOOK,THE BOOK,YOASOBI,23,23,0,0,1,1,5,9,256773,2020-07-20 12:00:00,2021-08-17 00:45:42,2021-08-17 00:45:42,,,,J Pop,,1542182550,JPP302000323,
974,5522,5827,False,True,アンコール,アンコール,,,YOASOBI,YOASOBI,THE BOOK,THE BOOK,YOASOBI,39,40,0,1,1,1,2,9,271440,2021-01-06 12:00:00,2021-08-17 00:45:42,2021-08-17 00:45:42,,,,J Pop,,1542182311,JPP302000677,
975,5526,5831,False,True,ハルカ,ハルカ,,,YOASOBI,YOASOBI,THE BOOK,THE BOOK,YOASOBI,43,43,0,0,1,1,7,9,243613,2020-12-18 08:00:00,2021-08-17 00:45:42,2021-08-17 00:45:42,,,,J Pop,,1542182772,JPP302000676,
976,5518,5823,False,True,ハルジオン,ハルジオン,,,YOASOBI,YOASOBI,THE BOOK,THE BOOK,YOASOBI,31,31,0,0,1,1,3,9,198600,2020-05-11 12:00:00,2021-08-17 00:45:42,2021-08-17 00:45:42,,,,J Pop,,1542182540,JPP302000218,
977,5514,5819,False,True,夜に駆ける,夜に駆ける,,,YOASOBI,YOASOBI,THE BOOK,THE BOOK,YOASOBI,31,32,0,1,1,1,8,9,258840,2019-12-15 08:00:00,2021-08-17 00:45:42,2021-08-17 00:45:42,,,,J Pop,,1542182776,JPP301900716,
978,5516,5821,False,True,群青,群青,,,YOASOBI,YOASOBI,THE BOOK,THE BOOK,YOASOBI,24,24,0,0,1,1,6,9,248027,2020-09-01 12:00:00,2021-08-17 00:45:42,2021-08-17 00:45:42,,,,J Pop,,1542182767,JPP302000468,
979,5528,5833,False,True,話がしたいよ,話がしたいよ,,,BUMP OF CHICKEN,BUMP OF CHICKEN,aurora arc,aurora arc,BUMP OF CHICKEN,26,27,0,1,1,1,9,14,259899,2019-07-10 12:00:00,2021-08-17 00:48:24,2021-08-17 00:48:24,,,,J Rock,,1610683345,JPTF01818601,
980,5530,5835,True,True,Acacia,Acacia,185088141,BUMP OF CHICKEN,BUMP OF CHICKEN,BUMP OF CHICKEN,Acacia - Single,Acacia - Single,BUMP OF CHICKEN,81,81,0,0,1,1,1,1,262107,2020-09-30 12:00:00,2021-08-17 00:48:52,2021-08-17 00:48:52,V.M,Japanese,Rock,J Rock,Soundtrack.Anime,1532379727,JPTF02015001,Music124/v4/0e/36/7c/0e367c80-5aa8-fa52-2fa0-b55987ddd29b/4517331069041.jpg
981,5532,5837,False,True,Ray,Ray,,,BUMP OF CHICKEN,BUMP OF CHICKEN,Ray,Ray,BUMP OF CHICKEN,37,37,0,0,1,1,3,14,300680,2014-03-12 12:00:00,2021-08-17 00:49:04,2021-08-17 00:49:04,,,,J Rock,,1464635122,JPTF01402402,
982,5534,5839,True,True,前前前世 (movie ver.),前前前世 (movie ver.),91160335,RADWIMPS,RADWIMPS,RADWIMPS,君の名は。,君の名は。,RADWIMPS,48,49,0,1,1,1,8,27,285880,2016-07-25 12:00:00,2021-08-17 00:49:38,2021-08-17 00:49:38,V.M,Japanese,Rock,Anime,Soundtrack.Anime,"1434005783, 1518516786",JPPO01617097,Music221/v4/56/b3/8c/56b38c05-1728-402c-016c-c1e4b0635be8/4988031167618_cover.jpg
983,5536,5841,False,True,夢灯籠,夢灯籠,,,RADWIMPS,RADWIMPS,君の名は。,君の名は。,RADWIMPS,34,35,0,1,1,1,1,27,131667,2016-08-24 12:00:00,2021-08-17 00:49:49,2021-08-17 00:49:49,,,,Anime,,1434005771,JPPO01618952,
984,5538,5843,False,True,スパークル (movie ver.),スパークル (movie ver.),,,RADWIMPS,RADWIMPS,君の名は。,君の名は。,RADWIMPS,31,32,0,1,1,1,24,27,537653,2016-08-24 12:00:00,2021-08-17 00:49:59,2021-08-17 00:49:59,,,,Anime,,1434005924,JPPO01618974,
985,5540,5845,False,True,グランドエスケープ (feat. 三浦透子),グランドエスケープ (feat. 三浦透子),,,RADWIMPS,RADWIMPS,天気の子,天気の子,RADWIMPS,43,43,0,0,1,1,28,31,188067,2019-07-19 12:00:00,2021-08-17 00:50:11,2021-08-17 00:50:11,,,,Anime,,1472727596,JPV971900038,
986,5542,5847,False,True,なんでもないや - Movie Edit.,なんでもないや - Movie Edit.,,,RADWIMPS,RADWIMPS,君の名は。,君の名は。,RADWIMPS,38,41,0,3,1,1,26,27,196907,2016-08-24 12:00:00,2021-08-17 00:50:35,2021-08-17 00:50:35,,,,Anime,,1434005932,JPPO01618976,
987,5544,5849,False,True,愛にできることはまだあるかい,愛にできることはまだあるかい,,,RADWIMPS,RADWIMPS,天気の子,天気の子,RADWIMPS,41,41,0,0,1,1,31,31,414467,2019-07-19 12:00:00,2021-08-17 00:50:49,2021-08-17 00:50:49,,,,Anime,,1472727605,JPV971900041,
988,5546,5851,True,True,大丈夫,大丈夫,91160335,RADWIMPS,RADWIMPS,RADWIMPS,天気の子,天気の子,RADWIMPS,50,51,0,1,1,1,30,31,258373,2019-07-19 12:00:00,2021-08-17 00:51:08,2021-08-17 00:51:08,V.M,Japanese,Pop,Anime,Soundtrack.Anime,"1472727598, 1518522044",JPV971900040,Music211/v4/92/35/33/923533a6-0b8c-8431-ae1a-f60e2abc6123/4988031342541_cover.jpg
989,5548,5853,False,True,デート,デート,,,RADWIMPS,RADWIMPS,君の名は。,君の名は。,RADWIMPS,37,41,0,4,1,1,10,27,245907,2016-08-24 12:00:00,2021-08-17 00:52:30,2021-08-17 00:52:30,,,,Anime,,1434005786,JPPO01618960,
990,5550,5855,False,True,白日 (10 years ver.),白日 (10 years ver.),,,RADWIMPS,RADWIMPS,2+0+2+1+3+1+1= 10 years 10 songs,2+0+2+1+3+1+1= 10 years 10 songs,RADWIMPS,24,25,0,1,1,1,1,10,267867,2012-03-10 08:00:00,2021-08-17 00:53:21,2021-08-17 00:53:21,,,,J Rock,,1556896139,JPV972112311,
991,5552,5857,False,True,ブリキ,ブリキ,,,RADWIMPS,RADWIMPS,2+0+2+1+3+1+1= 10 years 10 songs,2+0+2+1+3+1+1= 10 years 10 songs,RADWIMPS,27,27,0,0,1,1,2,10,315587,2013-03-11 07:00:00,2021-08-17 00:53:44,2021-08-17 00:53:44,,,,J Rock,,1556896328,JPV971813311,
992,5554,5859,False,True,25コ目の染色体,25コ目の染色体,,,RADWIMPS,RADWIMPS,RADWIMPS 3 ~無人島に持っていき忘れた一枚~,RADWIMPS 3 ~無人島に持っていき忘れた一枚~,RADWIMPS,32,34,0,2,1,1,5,12,316640,2005-11-23 12:00:00,2021-08-17 00:54:13,2021-08-17 00:54:13,,,,J Rock,,1511080195,JPTO00502227,
993,5556,5861,True,True,Yorokobi No Hi,歓びの陽,985681480,SHE'S,SHE'S,SHE'S,Now & Then,Now & Then,SHE'S,123,124,0,1,1,1,5,11,279053,2018-05-25 12:00:00,2021-08-17 00:54:21,2021-08-17 00:54:21,V.M,Japanese,Rock,J Rock,Pop.Influenced,1448837823,JPPO01801821,Music124/v4/87/31/2d/87312d9a-3ef5-421d-9f63-a365fbf6f182/00602577397059.rgb.jpg
994,5558,5863,False,True,One,One,,,SHE'S,SHE'S,Tragicomedy,Tragicomedy,SHE'S,41,43,0,2,1,1,3,13,270133,2020-04-05 07:00:00,2021-08-17 00:54:23,2021-08-17 00:54:23,,,,J Rock,,1499771890,JPPO02000622,
995,5560,5865,True,True,勿忘,勿忘,953052200,Awesome City Club,Awesome City Club,Awesome City Club,Grower,Grower,Awesome City Club,27,28,0,1,1,1,1,10,251533,2021-01-27 08:00:00,2021-08-17 00:54:28,2021-08-17 00:54:28,V.X,Japanese,Rock,J Rock,Pop.Influenced,1548406507,JPB602100027,Music114/v4/c8/dd/4a/c8dd4a65-226d-23ea-f3eb-8d05ba37b4ed/ANTCD-A0000003337.jpg
996,5562,5867,True,True,Sleepless Night,Sleepless Night,1506180365,yama,yama,yama,Sleepless Night - Single,the meaning of life,yama,92,95,0,3,1,1,6,14,257307,2021-06-21 12:00:00,2021-08-17 00:54:35,2021-08-17 00:54:35,V.F,Japanese,Pop,J Pop,Soundtrack.Drama,"1571234879, 1579454334",JPU902101392,Music125/v4/0f/2d/7f/0f2d7f4d-578b-46e8-ba8e-66d40df8732f/4547366524826.jpg
997,5564,5869,True,True,Dried Flower,ドライフラワー,1489331027,優里,Yuuri,優里,Dried Flower - Single,壱,優里,31,32,0,1,1,1,2,16,285587,2020-10-25 12:00:00,2021-08-17 00:54:40,2021-08-17 00:54:40,V.M,Japanese,Pop,J Rock,,"1534620183, 1599542716",JPU902002405,Music116/v4/d9/de/51/d9de5146-6d3a-2002-bc8f-77e2e47c1c3b/4547366544138.jpg
998,5566,5871,False,True,Time,Time,,,宇多田ヒカル,宇多田光,Time - Single,Time - Single,Hikaru Utada,21,25,0,4,1,1,1,1,297502,2020-05-08 12:00:00,2021-08-17 00:54:43,2021-08-17 00:54:43,,,,J Pop,,1538154498,JPU902000961,
999,5568,5873,False,True,初恋,初恋,,,宇多田ヒカル,宇多田光,初恋,初恋,Hikaru Utada,22,27,0,5,1,1,3,12,280880,2018-05-30 07:00:00,2021-08-17 00:54:50,2021-08-17 00:54:50,,,,J Pop,,1538152429,JPU901801090,
1000,5570,5875,False,True,虹の彼方に,虹の彼方に,,,ReoNa,ReoNa,forget-me-not - Single,forget-me-not - Single,ReoNa,28,29,0,1,1,1,3,4,293747,2019-02-06 12:00:00,2021-08-17 00:54:55,2021-08-17 00:54:55,,,,Anime,,1538286827,JPU901804355,
1001,5572,5877,False,True,Sora To Ao,Sora To Ao,,,家入莉奧,家入莉奧,Sora To Ao - Single,Sora To Ao - Single,Leo Ieiri,28,31,0,3,1,1,1,3,260947,2021-01-13 08:00:00,2021-08-17 00:55:03,2021-08-17 00:55:03,,,,J Pop,,1546440710,JPVI02002893,
1002,5574,5879,False,True,One in a Million -奇跡の夜に-,One in a Million -奇跡の夜に-,,,GENERATIONS from EXILE TRIBE,GENERATIONS from EXILE TRIBE,SHONEN CHRONICLE,SHONEN CHRONICLE,GENERATIONS from EXILE TRIBE,10,11,0,1,1,1,11,17,222932,2019-11-21 12:00:00,2021-08-17 00:55:09,2021-08-17 00:55:09,,,,J Pop,,1486344198,JPB601903375,
1003,5576,5881,False,True,Prisoner Of Love (Remastered 2018),Prisoner Of Love (Remastered 2018),,,宇多田ヒカル,宇多田光,Heart Station (Remastered 2018),Heart Station (Remastered 2018),Hikaru Utada,19,24,0,5,1,1,9,14,286618,2008-03-19 12:00:00,2021-08-17 00:55:21,2021-08-17 00:55:21,,,,J Pop,,1444575368,JPPO01806087,
1004,5578,5883,True,True,Spell On Me,Spell On Me,985681480,SHE'S,SHE'S,SHE'S,Spell On Me - Single,Amulet,SHE'S,44,47,0,3,1,1,8,11,210769,2021-04-15 12:00:00,2021-08-17 00:55:24,2021-08-17 00:55:24,V.M,Japanese,Rock,J Rock,Pop.Influenced,"1561074630, 1582554234",JPPO02100614,Music125/v4/e9/7f/cf/e97fcf08-5f91-1295-8969-100eca01d434/21UMGIM83327.rgb.jpg
1005,5580,5885,True,True,You & I,You & I,591740317,GENERATIONS from EXILE TRIBE,GENERATIONS from EXILE TRIBE,GENERATIONS from EXILE TRIBE,Loading... - EP,Loading... - EP,GENERATIONS from EXILE TRIBE,70,71,0,1,1,1,1,6,209633,2020-10-28 07:00:00,2021-08-17 00:55:26,2021-08-17 00:55:26,V.M,Japanese,Pop,J Pop,Dance.Influenced,1536075774,JPB602001615,Music114/v4/e2/ae/b4/e2aeb443-4768-d086-1bb8-df0f6556bc15/ANTCD-A0000002763.jpg
1006,5582,5887,False,True,SHINY DAYS,Shiny Days,,,Asaka,Asaka,SHINY DAYS - EP,SHINY DAYS - EP,Asaka,23,26,0,3,1,1,1,6,261693,2018-01-24 12:00:00,2021-08-17 00:55:27,2021-08-17 00:55:27,,,,J Pop,,1329451729,JPK631800201,
1007,5584,5889,False,True,春を告げる,春を告げる,,,yama,yama,春を告げる - Single,春を告げる - Single,yama,37,38,0,1,1,1,1,1,196497,2020-04-17 12:00:00,2021-08-17 00:55:32,2021-08-17 00:55:32,,,,J Pop,,1506186636,TCJPK2087568,
1008,5586,5891,False,True,タカラモノ,タカラモノ,,,HIRAIDAI,HIRAIDAI,タカラモノ - Single,タカラモノ - Single,HIRAIDAI,17,18,0,1,1,1,1,1,196652,2021-03-28 12:00:00,2021-08-17 00:55:33,2021-08-17 00:55:33,,,,J Pop,,1558400794,JPB602101275,
1009,5588,5893,False,True,STARTLINE,STARTLINE,,,Sakurako Ohara,Sakurako Ohara,l,l,Sakurako Ohara,30,31,0,1,1,1,1,12,284467,2021-02-10 08:00:00,2021-08-17 00:55:36,2021-08-17 00:55:36,,,,J Pop,,1550540788,JPVI02002882,
1010,5590,5895,True,True,Believe in you,Believe in you,1438721229,nonoc,nonoc,nonoc,TVアニメ「Re:ゼロから始める異世界生活」2nd season 後期エンディングテーマ「Believe in you」 - EP,TVアニメ「Re:ゼロから始める異世界生活」2nd season 後期エンディングテーマ「Believe in you」 - EP,nonoc,88,88,0,0,1,1,1,4,279333,2021-03-03 12:00:00,2021-08-17 00:55:38,2021-08-17 00:55:38,V.F,Japanese,Pop,Anime,Soundtrack.Anime,1550231281,JPD732100001,Music114/v4/db/59/68/db596862-9a50-ce21-0748-e3893c021ec9/JK_ZMCZ-14612.jpg
1011,5592,5897,False,True,Answer,Answer,,,Lilas Ikuta,幾田莉拉,Answer - Single,Answer - Single,Lilas,31,32,0,1,1,1,1,1,246000,2021-03-09 12:00:00,2021-08-17 00:55:40,2021-08-17 00:55:40,,,,J Pop,,1554086499,JPP302100184,
1012,5594,5899,False,True,Romeo+Juliet -Love goes on-,Romeo+Juliet -Love goes on-,,,HIRAIDAI,HIRAIDAI,Life Goes On,Life Goes On,HIRAIDAI,21,21,0,0,2,2,7,8,191474,2021-02-10 12:00:00,2021-08-17 00:55:43,2021-08-17 00:55:43,,,,J Pop,,1550260188,JPB602100498,
1013,5596,5901,False,True,Unforgive,Unforgive,,,SHE'S,SHE'S,Tragicomedy,Tragicomedy,SHE'S,40,41,0,1,1,1,2,13,209467,2020-03-06 08:00:00,2021-08-17 00:55:44,2021-08-17 00:55:44,,,,J Rock,,1499771889,JPPO02000169,
1014,5598,5903,True,True,Oikaze,追い風,985681480,SHE'S,SHE'S,SHE'S,Rise - EP,Amulet,SHE'S,55,61,0,6,1,1,2,11,257720,2021-01-27 12:00:00,2021-08-17 00:55:48,2021-08-17 00:55:48,V.M,Japanese,Rock,J Rock,Pop.Influenced,"1556901734, 1582553991",JPPO02004344,Music125/v4/e9/7f/cf/e97fcf08-5f91-1295-8969-100eca01d434/21UMGIM83327.rgb.jpg
1015,5600,5905,True,True,シャッター,シャッター,1489331027,優里,Yuuri,優里,シャッター - Single,壱,優里,31,31,0,0,1,1,5,16,247333,2021-07-07 12:00:00,2021-08-17 00:56:33,2021-08-17 00:56:33,V.M,Japanese,Pop,J Rock,,"1572961420, 1599542729",JPU902101436,Music116/v4/d9/de/51/d9de5146-6d3a-2002-bc8f-77e2e47c1c3b/4547366544138.jpg
1016,5602,5907,True,True,かくれんぼ,かくれんぼ,1489331027,優里,Yuuri,優里,かくれんぼ - Single,壱,優里,30,30,0,0,1,1,16,16,271093,2019-12-01 12:00:00,2021-08-17 00:56:42,2021-08-17 00:56:42,V.M,Japanese,Pop,J Rock,,"1489118273, 1599543727",JPR751900286,Music116/v4/d9/de/51/d9de5146-6d3a-2002-bc8f-77e2e47c1c3b/4547366544138.jpg
1017,5604,5909,False,True,Wherever You Are,Wherever You Are,,,ONE OK ROCK,ONE OK ROCK,Niche Syndrome,Niche Syndrome,ONE OK ROCK,32,34,0,2,1,1,9,13,295600,2010-06-09 12:00:00,2021-08-17 00:57:57,2021-08-17 00:57:57,,,,J Rock,,1838917139,JPJ221000176,
1018,5606,5911,False,True,Stand Out Fit In,Stand Out Fit In,,,ONE OK ROCK,ONE OK ROCK,Eye of the Storm,Eye of the Storm,ONE OK ROCK,34,36,0,2,1,1,2,13,214582,2018-11-23 08:00:00,2021-08-17 00:58:01,2021-08-17 00:58:01,,,,J Rock,,1441817578,USAT21812291,
1019,5608,5913,False,True,HADASHi NO STEP,HADASHi NO STEP,,,LiSA,LiSA,HADASHi NO STEP - Single,HADASHi NO STEP - Single,LiSA,22,27,0,5,1,1,1,1,222127,2021-07-26 12:00:00,2021-08-17 00:59:09,2021-08-17 00:59:09,,,,J Pop,,1574890884,JPU902101730,
1020,5610,5915,False,True,Gurenge,Gurenge,,,LiSA,LiSA,LEO-NiNE,LEO-NiNE,LiSA,41,42,0,1,1,1,2,13,237587,2019-04-21 12:00:00,2021-08-17 00:59:38,2021-08-17 00:59:38,,,,Anime,,1529543135,JPU901900905,
1021,5612,5917,False,True,Unlasting,Unlasting,,,LiSA,LiSA,LEO-NiNE,LEO-NiNE,LiSA,35,36,0,1,1,1,9,13,296813,2019-10-21 12:00:00,2021-08-17 00:59:56,2021-08-17 00:59:56,,,,Anime,,1529543503,JPU901902352,
1022,5614,5919,False,True,Catch the Moment,Catch the Moment,,,LiSA,LiSA,LiTTLE DEViL PARADE,LiTTLE DEViL PARADE,LiSA,44,44,0,0,1,1,2,13,282627,2017-05-24 12:00:00,2021-08-17 01:00:13,2021-08-17 01:00:13,,,,Anime,,1538285606,JPE301601123,
1023,5616,5921,False,True,シルシ,シルシ,,,LiSA,LiSA,Launcher,Launcher,LiSA,38,39,0,1,1,1,14,14,288253,2014-12-10 12:00:00,2021-08-17 01:01:15,2021-08-17 01:01:15,,,,Anime,,1538284883,JPE301401152,
1024,5618,5923,True,True,crossing field,crossing field,573943518,LiSA,LiSA,LiSA,LANDSPACE,LANDSPACE,LiSA,61,63,0,2,1,1,3,12,248947,2013-10-30 12:00:00,2021-08-17 01:02:10,2021-08-17 01:02:10,V.F,Japanese,Rock,Anime,Soundtrack.Anime,1538284654,JPE301201741,Music114/v4/1a/bd/87/1abd87ff-cc79-6e6f-e5c5-662c9fb7c93d/jacket_SVWC07964B00Z_550.jpg
1025,5620,5925,True,True,ANIMA,ANIMA,1401871894,ReoNa,ReoNa,ReoNa,unknown,unknown,ReoNa,83,85,0,2,1,1,10,12,269120,2020-07-13 12:00:00,2021-08-17 01:03:04,2021-08-17 01:03:04,V.F,Japanese,Rock,Anime,Soundtrack.Anime,1532050865,JPU902000621,Music115/v4/68/ef/e7/68efe7d2-2493-269a-a29a-1fa4c042a9fe/4547366475357.jpg
1026,5622,5927,False,True,Saikai (produced by Ayase),Saikai (produced by Ayase),,,LiSA & Uru,LiSA & Uru,Saikai (produced by Ayase) - Single,Saikai (produced by Ayase) - Single,LiSA & Uru,24,24,0,0,1,1,1,1,242167,2020-11-16 12:00:00,2021-08-17 01:04:22,2021-08-17 01:04:22,,,,J Pop,,1537406658,JPU902002777,
1027,5624,5929,False,True,Your Love (feat. Matt Cab),Your Love (feat. Matt Cab),,,MACO,MACO,23,23,MACO,17,17,0,0,1,1,2,9,236297,2014-07-23 12:00:00,2021-08-17 01:05:02,2021-08-17 01:05:02,,,,J Pop,,1443001833,JPPO01407461,
1028,5626,5931,False,True,"Hello, shooting-star","Hello, shooting-star",,,moumoon,moumoon,It's Our Time,It's Our Time,moumoon,42,44,0,2,1,1,11,11,283820,2015-08-12 07:00:00,2021-08-17 01:06:00,2021-08-17 01:06:00,,,,Anime,,1018758448,JPB601404142,
1029,5628,5933,True,True,病名は愛だった (feat. z'5),病名は愛だった (feat. z'5),"320815306, 304876495, 304876497","Neru, 鏡音玲, 鏡音連",Neru,Neru,CYNICISM,CYNICISM,Neru,78,78,0,0,1,1,14,14,231880,2018-03-28 12:00:00,2021-08-17 01:06:27,2021-08-17 01:06:27,V.X,Japanese,Pop,Anime,Dance.Influenced,1801483838,JPPI01800510,Music211/v4/49/3d/ba/493dbafc-ac48-fdde-b521-ac1454a4269b/5021732642868.jpg
1030,5630,5935,False,True,Yokubou Ni Michita Seinendan,Yokubou Ni Michita Seinendan,,,ONE OK ROCK,ONE OK ROCK,Zeitakubyō,Zeitakubyō,ONE OK ROCK,39,40,0,1,1,1,9,11,202200,2007-11-21 12:00:00,2021-08-17 01:09:00,2021-08-17 01:09:00,,,,J Rock,,1838917750,JPC100700408,
1031,5632,5937,True,True,Letter,Letter,985681480,SHE'S,SHE'S,SHE'S,Tragicomedy,Tragicomedy,SHE'S,58,59,0,1,1,1,10,13,262387,2019-10-21 07:00:00,2021-08-17 01:09:48,2021-08-17 01:09:48,V.M,Japanese,Pop,J Rock,Rock.Influenced,1499772045,JPPO01903816,Music124/v4/55/e2/8a/55e28a08-b3c6-5943-51d5-58d9b7f48098/20UMGIM11188.rgb.jpg
1032,5634,5939,False,True,Milabo,Milabo,,,ZUTOMAYO,ZUTOMAYO,Hogarakana Hifutote Fufuku - EP,Hogarakana Hifutote Fufuku - EP,ZUTOMAYO,13,13,0,0,1,1,6,,267907,2020-07-13 07:00:00,2021-08-17 01:11:22,2021-08-17 01:11:22,,,,J Pop,,1522244028,JPPO02001854,
1033,5636,5941,False,True,Byoushinwo Kamu,Byoushinwo Kamu,,,ZUTOMAYO,ZUTOMAYO,Hisohiso Banashi,Hisohiso Banashi,ZUTOMAYO,25,26,0,1,1,1,13,13,260800,2018-08-30 07:00:00,2021-08-17 01:11:36,2021-08-17 01:11:36,,,,J Pop,,1481464176,JPPO01804003,
1034,5638,5943,False,True,IT'S THE RIGHT TIME,It's the Right Time,,,三浦大知,Daichi Miura,FEVER,FEVER,Daichi Miura,23,24,0,1,1,1,8,14,218066,2015-09-02 12:00:00,2021-08-17 01:12:37,2021-08-17 01:12:37,,,,J Pop,,1031773238,JPB601404499,
1035,5640,5945,False,True,別の人の彼女になったよ,別の人の彼女になったよ,,,wacci,wacci,Empathy,Empathy,wacci,30,31,0,1,1,1,14,14,302627,2018-08-22 12:00:00,2021-08-17 01:13:18,2021-08-17 01:13:18,,,,J Rock,,1538137072,JPU901802225,
1036,5642,5947,False,True,香水,香水,,,Eito,Eito,すっからかん,すっからかん,Eito,18,19,0,1,1,1,2,14,255227,2019-04-21 12:00:00,2021-08-17 01:14:07,2021-08-17 01:14:07,,,,J Pop,,1541811195,TCJPI1992829,
1037,5644,5949,False,True,Lemon,Lemon,,,米津玄師,米津玄師,STRAY SHEEP,STRAY SHEEP,Kenshi Yonezu,22,26,0,4,1,1,8,15,255826,2018-02-12 12:00:00,2021-08-17 01:15:12,2021-08-17 01:15:12,,,,J Pop,,1538265741,JPU901800227,
1038,5646,5951,False,True,感電,感電,,,米津玄師,米津玄師,STRAY SHEEP,STRAY SHEEP,Kenshi Yonezu,29,33,0,4,1,1,3,15,264545,2020-07-06 12:00:00,2021-08-17 01:15:14,2021-08-17 01:15:14,,,,J Pop,,1538265736,JPU902001053,
1039,5648,5953,False,True,Flamingo,Flamingo,,,米津玄師,米津玄師,STRAY SHEEP,STRAY SHEEP,Kenshi Yonezu,17,17,0,0,1,1,2,15,196384,2018-10-31 12:00:00,2021-08-17 01:15:16,2021-08-17 01:15:16,,,,J Pop,,1538265735,JPU901803148,
1040,5650,5955,False,True,パプリカ,パプリカ,,,米津玄師,米津玄師,STRAY SHEEP,STRAY SHEEP,Kenshi Yonezu,15,16,0,1,1,1,5,15,202810,2018-08-13 12:00:00,2021-08-17 01:15:26,2021-08-17 01:15:26,,,,J Pop,,1538265738,JPU901902183,
1041,5652,5957,False,True,海の幽霊,海の幽霊,,,米津玄師,米津玄師,STRAY SHEEP,STRAY SHEEP,Kenshi Yonezu,25,26,0,1,1,1,14,15,234470,2019-06-03 12:00:00,2021-08-17 01:15:35,2021-08-17 01:15:35,,,,J Pop,,1538265747,JPU901901328,
1042,5654,5959,False,True,まちがいさがし,まちがいさがし,,,米津玄師,米津玄師,STRAY SHEEP,STRAY SHEEP,Kenshi Yonezu,16,16,0,0,1,1,9,15,267448,2019-05-14 12:00:00,2021-08-17 01:15:45,2021-08-17 01:15:45,,,,J Pop,,1538265742,JPU902001657,
1043,5656,5961,False,True,馬と鹿,馬と鹿,,,米津玄師,米津玄師,STRAY SHEEP,STRAY SHEEP,Kenshi Yonezu,25,29,0,4,1,1,6,15,265178,2019-08-12 12:00:00,2021-08-17 01:16:45,2021-08-17 01:16:45,,,,J Pop,,1538265739,JPU901902002,
1044,5658,5963,False,True,優しい人,優しい人,,,米津玄師,米津玄師,STRAY SHEEP,STRAY SHEEP,Kenshi Yonezu,23,24,0,1,1,1,7,15,208860,2020-08-05 12:00:00,2021-08-17 01:17:38,2021-08-17 01:17:38,,,,J Pop,,1538265740,JPU902001656,
1045,5660,5965,False,True,Keep Tryin',Keep Tryin',,,Unknöwn Kun,Unknöwn Kun,Unknöwn Kun 2 - EP,Unknöwn Kun 2 - EP,Unknöwn Kun,40,40,0,0,1,1,1,6,198545,2019-05-01 12:00:00,2021-08-17 01:21:09,2021-08-17 01:21:09,,,,English Dance,,1460342537,JPS601900402,
1046,5662,5967,False,True,少年,少年,,,GENERATIONS from EXILE TRIBE,GENERATIONS from EXILE TRIBE,少年 - Single,少年 - Single,GENERATIONS from EXILE TRIBE,36,37,0,1,1,1,1,3,250533,2018-10-31 12:00:00,2021-08-17 01:21:53,2021-08-17 01:21:53,,,,J Pop,,1438598457,JPB601803303,
1047,5664,5969,False,True,片想い,片想い,,,GENERATIONS,GENERATIONS,GENERATIONS,GENERATIONS,GENERATIONS from EXILE TRIBE,25,25,0,0,1,1,9,16,296867,2012-11-21 12:00:00,2021-08-17 01:22:45,2021-08-17 01:22:45,,,,J Pop,,734256864,JPB601290528,
1048,5666,5971,True,True,color,color,953052200,Awesome City Club,Awesome City Club,Awesome City Club,color - Single,Get Set,Awesome City Club,47,47,0,0,1,1,6,10,233633,2021-06-29 12:00:00,2021-08-17 01:23:48,2021-08-17 01:23:48,V.X,Japanese,Pop,J Rock,,"1572618470, 1610971240",JPB602102076,Music116/v4/98/5b/46/985b4660-7dc1-8eb2-486e-c060b981d709/ANTCD-A0000006450.jpg
1049,5668,5973,False,True,Uchiagehanabi,Uchiagehanabi,,,DAOKO×米津玄師,DAOKO×米津玄師,Thank You Blue,Thank You Blue,DAOKO,30,30,0,0,1,1,1,14,289515,2017-12-20 12:00:00,2021-08-17 11:41:52,2021-08-17 11:41:52,,,,J Pop,,1317721894,JPTF01710201,
1050,5670,5975,False,True,Koi,Koi,,,星野源,Gen Hoshino,POP VIRUS,POP VIRUS,Gen Hoshino,23,26,0,3,1,1,2,14,251267,2018-12-19 12:00:00,2021-08-18 10:18:10,2021-08-18 10:18:10,,,,J Pop,,1444990824,JPVI01820201,
1051,5672,5977,False,True,Hope,Hope,,,安室奈美恵,Namie Amuro,ONE PIECE 20th Anniversary BEST ALBUM Vol.2,ONE PIECE 20th Anniversary BEST ALBUM Vol.2,Various Artists,40,41,0,1,1,1,4,10,250440,2017-11-08 12:00:00,2021-08-18 10:18:12,2021-08-18 10:18:12,,,,J Pop,,1456261118,JPB601703269,
1052,5674,5979,True,True,NANIMONO (feat. Kenshi Yonezu),NANIMONO (feat. 米津玄師),"307054368, 530814268","中田康貴, 米津玄師",中田ヤスタカ,中田康貴,Digital Native,Digital Native,中田康貴,50,51,0,1,1,1,4,9,246133,2016-10-05 12:00:00,2021-08-19 13:17:53,2021-08-19 13:17:53,V.M,Japanese,Dance,J Dance,House.TropicalHouse,1334201186,JPWP01671289,Music128/v4/6e/09/ab/6e09abc6-b793-ed64-d2a5-0ea0d3a74584/190295681852.jpg
1053,5676,5981,True,True,Find Our Way (feat. Klei),Find Our Way (feat. Klei),"1211885710, 663052792","Midnight Kids, Klei",Midnight Kids,Midnight Kids,Find Our Way (feat. Klei) - Single,Find Our Way (feat. Klei) - Single,Midnight Kids,76,77,0,1,1,1,1,1,206609,2018-06-28 07:00:00,2021-08-20 07:06:25,2021-08-20 07:06:25,V.F,English,Dance,English Dance,Bass.FutureBass,1437813023,QZDA51826194,Music115/v4/ae/8e/c9/ae8ec9bc-755f-6bf9-dfe4-a24ee248200b/886447354612.jpg
1054,5678,5983,False,True,Ready to Love You,Ready to Love You,,,HEDEGAARD,HEDEGAARD,Ready to Love You - Single,Ready to Love You - Single,HEDEGAARD,44,44,0,0,1,1,1,1,209047,2017-10-20 12:00:00,2021-08-20 08:47:37,2021-08-20 08:47:37,,,,English Dance,,1445179159,DKUM71700410,
1055,5680,5985,False,True,春夏秋冬 reprise,春夏秋冬 reprise,,,MIREI,當山MIREI,still,still,MIREI,24,26,0,2,1,1,2,7,298813,2021-03-17 12:00:00,2021-08-20 09:32:36,2021-08-20 09:32:36,,,,J Pop,,1555193623,JPU902100427,
1056,5682,5987,True,True,Just Say It,Just Say It,1046396707,Fly By Midnight,Fly By Midnight,Fly By Midnight,Rerunning,Rerunning,Fly By Midnight,72,74,0,2,1,1,4,9,220561,2018-02-14 12:00:00,2021-08-20 10:01:34,2021-08-20 10:01:34,V.M,English,Pop,English Indie,,1441379671,GBKPL1897329,Music118/v4/61/72/f1/6172f12d-968b-052e-a043-022c7b1ad4ae/artwork.jpg
1057,5684,5989,True,True,Stay,Stay,1103171662,Hotel Apache,Hotel Apache,Hotel Apache,I’ll Explain Later - EP,I’ll Explain Later - EP,Hotel Apache,99,102,0,3,1,1,1,5,207778,2017-06-12 12:00:00,2021-08-20 12:00:01,2021-08-20 12:00:01,V.M,English,Rock,English Dance,Alternative,1777903137,TCACZ1769831,Music211/v4/ff/4c/b9/ff4cb9b7-cf3d-2255-e31f-a93223ffdfc8/479282.jpg
1058,5686,5991,False,True,Roses,Roses,,,Boy In Space,Boy In Space,FRONTYARD - EP,FRONTYARD - EP,Boy In Space,40,39,1,1,1,1,4,7,167482,2021-04-30 12:00:00,2021-08-20 12:37:30,2021-08-20 12:37:30,,,,English Dance,,1555024869,SE4RG2141001,
1059,5688,5993,False,True,一百種孤獨的理由,一百種孤獨的理由,,,郭美美Jocie,Jocie Guo Mei Mei,你的名字,你的名字,Jocie Guo Mei Mei,23,23,0,0,1,1,1,10,197160,2017-02-14 12:00:00,2021-08-20 14:07:54,2021-08-20 14:07:54,,,,Mando Pop,,1207754751,CNZ171601130,
1060,5690,5995,False,True,信愛成癮,信愛成癮,,,陳嘉樺,Ella Chen,Why Not,Why Not,Ella Chen,25,25,0,0,1,1,5,13,274360,2015-04-17 12:00:00,2021-08-20 14:39:06,2021-08-20 14:39:06,,,,Mando Pop,,986659017,TWD951548105,
1061,5692,5997,False,True,四季予你,四季予你,,,程響,Echo,四季予你 - Single,四季予你 - Single,Echo,36,36,0,0,1,1,1,2,248527,2012-05-01 12:00:00,2021-08-21 01:21:49,2021-08-21 01:21:49,,,,Mando Pop,,1601570918,TWDL72020596,
1062,5694,5999,False,True,I'll Be There,I'll Be There,,,Walk off the Earth,Walk Off the Earth,HERE WE GO!,HERE WE GO!,Walk Off the Earth,31,31,0,0,1,1,1,10,169355,2019-08-23 07:00:00,2021-08-22 01:15:03,2021-08-22 01:15:03,,,,English Pop,,1480310258,USQX91901980,
1063,5696,6001,True,True,猫 〜THE FIRST TAKE ver.〜,猫 〜THE FIRST TAKE ver.〜,659665223,Dish//,Dish,Dish//,X,X,DISH//,47,51,0,4,1,1,4,12,273893,2020-04-29 07:00:00,2021-08-22 01:31:31,2021-08-22 01:31:31,V.M,Japanese,Pop,J Pop,,1552666601,JPU902001100,Music124/v4/b4/8f/46/b48f4681-213d-c55d-2f5a-eaa2abebf510/4547366499100.jpg
1064,5698,6003,False,True,萬有引力 (和聲版伴奏),萬有引力 (和聲版伴奏),,,Fyy,Fyy,萬有引力 - Single,萬有引力 - Single,Fyy,21,21,0,0,1,1,2,2,243784,2020-02-23 12:00:00,2021-08-22 02:46:13,2021-08-22 02:46:13,,,,Mando Pop,,1590387890,HKG732010564,
1065,5700,6005,True,True,Make You Remember (feat. Your Friends),Make You Remember (feat. Your Friends),"1201900666, 1395968612","Lazy Weekends, Your Friends",Lazy Weekends,Lazy Weekends,Make You Remember (feat. Your Friends) - Single,Make You Remember (feat. Your Friends) - Single,Lazy Weekends,53,54,0,1,1,1,1,1,213760,2018-06-22 12:00:00,2021-08-22 02:54:05,2021-08-22 02:54:05,V.F,English,Pop,English Dance,Dance.Influenced,1395968615,DKADG1800285,Music115/v4/f9/b2/86/f9b2863a-52a5-18f3-0158-8cf93d38fc96/886447162217.jpg
1066,5702,6007,False,True,"I Gotta Go (feat. Hiplin, WILYWNKA & kojikoji)","I Gotta Go (feat. Hiplin, WILYWNKA & kojikoji)",,,GeG,GeG,"I Gotta Go (feat. Hiplin, WILYWNKA & kojikoji) - Single","I Gotta Go (feat. Hiplin, WILYWNKA & kojikoji) - Single",GeG,32,32,0,0,1,1,1,1,312973,2020-03-04 12:00:00,2021-08-22 02:58:06,2021-08-22 02:58:06,,,,J Hip-Hop/Rap,,1500834203,TCJPK2059381,
1067,5704,6009,True,True,Not the End,Not the End,656607894,安田麗,Rei Yasuda,安田麗,Not the End - EP,Not the End - EP,安田麗,62,67,0,5,1,1,1,5,343321,2021-02-07 08:00:00,2021-08-22 03:04:21,2021-08-22 03:04:21,V.F,Japanese,Pop,J Pop,"Soundtrack.Drama, Rock.Influenced",1548919333,JPU902003642,Music115/v4/61/50/1f/61501f2d-4221-4729-57fa-ed8f7c6dfaf4/4547366494983.jpg
1068,5706,6011,True,True,Body to Body (feat. Imani Williams),Body to Body (feat. Imani Williams),"214891583, 1077266214","Mike Perry, Imani Williams",Mike Perry,Mike Perry,Body to Body (feat. Imani Williams) - Single,Body to Body (feat. Imani Williams) - Single,Mike Perry,56,58,0,2,1,1,1,1,178634,2017-04-21 12:00:00,2021-08-22 03:17:19,2021-08-22 03:17:19,V.F,English,Dance,English Dance,House.TropicalHouse,1227973845,SE3AA1700010,Music111/v4/42/2b/04/422b0442-c8ad-34df-f7af-bbd197725ac8/0885014728276.png
1069,5708,6013,True,True,eight (feat. SUGA),eight (feat. SUGA),"409076743, 80159541","IU, SUGA",IU,IU,eight (feat. SUGA) - Single,eight (feat. SUGA) - Single,IU,71,71,0,0,1,1,1,1,167573,2020-05-06 12:00:00,2021-08-22 05:50:24,2021-08-22 05:50:24,V.X,Korean,Pop,K Pop,Rap.Influenced,1511885178,KRA382001418,Music125/v4/6b/65/4d/6b654d71-ed85-c6c4-8fe2-ef3d8e9f2ee0/cover_-.jpg
1070,5710,6015,False,True,你聽聽就好,你聽聽就好,,,李芷婷,Nasi Li,美麗舊世界,美麗舊世界,Nasi Li,33,33,0,0,1,1,7,12,316957,2020-10-05 12:00:00,2021-08-22 05:55:58,2021-08-22 05:55:58,,,,Mando Pop,,1800766317,TWY332000018,
1071,5712,6017,True,True,Hummingbird,ハミングバード,1022677279,Novelbright,Novelbright,Novelbright,Opening Declaration,開幕宣言,Novelbright,69,70,0,1,1,1,13,13,281000,2021-04-09 07:00:00,2021-08-22 06:23:28,2021-08-22 06:23:28,V.M,Japanese,Rock,J Rock,,1561099081,JPPO02100790,Music114/v4/4e/f2/57/4ef2577a-9ea3-7e56-eb78-4b11ad8f8916/21UMGIM25841.rgb.jpg
1072,5714,6019,True,True,僕のままで,僕のままで,1171325640,向井太一,Taichi Mukai,向井太一,COLORLESS,COLORLESS,向井太一,118,121,0,3,1,1,1,12,287820,2020-07-29 12:00:00,2021-08-22 06:28:30,2021-08-22 06:28:30,V.M,Japanese,R&B/Soul,J R&B/Soul,,1556776976,JPTF02009901,Music125/v4/8f/e1/ce/8fe1ce15-d032-b9c4-1172-740ad12d961a/4517331071600.jpg
1073,5716,6021,False,True,For You,For You,,,KAYDEN,KAYDEN,Endings,Endings,KAYDEN,45,45,0,0,1,1,6,7,239032,2018-11-02 12:00:00,2021-08-22 08:26:54,2021-08-22 08:26:54,V.M,English,Pop,English Pop,,1439520578,TCADX1853888,
1074,5718,6023,True,True,Missing You (feat. Alisa),Missing You (feat. Alisa),"1126624244, 1357318588, 1392492685","Jake Wolfe, Kbubs, Alisa",Jake Wolfe & Kbubs,Jake Wolfe & Kbubs,Missing You (feat. Alisa) - Single,Missing You (feat. Alisa) - Single,"Jake Wolfe, Kbubs",116,133,0,17,1,1,1,1,199367,2020-11-12 12:00:00,2021-08-23 01:01:01,2021-08-23 01:01:01,V.F,English,Dance,English Dance,House.ElectroHouse,1535252383,QZMEN2053278,Music124/v4/38/ea/e0/38eae086-0aae-3b8e-65bd-7ee8886445ef/artwork.jpg
1075,5720,6025,True,True,Rebellious Way (feat. Eyre),Rebellious Way (feat. Eyre),"1003018056, 376351604","Basixx, Eyre",Basixx,Basixx,Tell Me,Tell Me,Basixx,80,83,0,3,1,1,7,12,196587,2019-03-15 12:00:00,2021-08-23 01:15:58,2021-08-23 01:15:58,V.M,English,Dance,English Dance,House.TropicalHouse,1456369191,SE5Q51828929,Music114/v4/fa/84/89/fa84890d-a098-389c-1305-9b0a29ded7fc/7330178008953.png
1076,5722,6027,False,True,Love You Lately,Love You Lately,,,Ariana and the Rose & RKCB,Ariana and the Rose & RKCB,Retrograde - EP,Retrograde - EP,Ariana and the Rose,41,41,0,0,1,1,2,4,236537,2017-02-03 12:00:00,2021-08-25 01:21:33,2021-08-25 01:21:33,,,,English Dance,,1215771321,GBKPL1776229,
1077,5724,6029,True,True,ever after,ever after,569972619,Aimer,Aimer,Aimer,Walpurgis,Walpurgis,Aimer,86,87,0,1,1,1,10,14,236293,2021-04-14 07:00:00,2021-08-25 03:57:29,2021-08-25 03:57:29,V.F,Japanese,Pop,J Rock,,1546316406,JPU902003550,Music124/v4/54/af/b2/54afb286-3614-f2c8-e633-2831bd2fd76b/4547366491647.jpg
1078,5726,6031,False,True,Kimiga Kureta Natsu,Kimiga Kureta Natsu,,,家入莉奧,家入莉奧,We,We,Leo Ieiri,34,37,0,3,1,1,3,13,258680,2016-07-06 12:00:00,2021-08-29 11:13:54,2021-08-29 11:13:54,,,,J Pop,,1124863475,JPVI01524330,
1079,5728,6033,True,True,Coincidence,Coincidence,"548290353, 635841424","Culture Code, KARRA",Culture Code & Karra,Culture Code & KARRA,Coincidence - Single,Coincidence - Single,"Culture Code, KARRA",50,49,1,1,1,1,1,1,186353,2019-01-25 12:00:00,2021-08-29 13:34:34,2021-08-29 13:34:34,V.F,English,Dance,English Dance,Bass.FutureBass,1449745572,TCAEA1988599,Music116/v4/82/92/f1/8292f11e-c810-f2ae-def4-7a69077ba581/859730412818_cover.jpg
1080,5730,6035,False,True,ヒカリ,ヒカリ,,,幾田りら,幾田莉拉,ヒカリ - Single,ヒカリ - Single,Lilas,37,37,0,0,1,1,1,1,245979,2020-12-25 12:00:00,2021-08-29 13:56:17,2021-08-29 13:56:17,,,,J Pop,,1543594895,JPP302000705,
1081,5732,6037,True,True,You & I,You & I,"548290353, 1279444361","Culture Code, Alexis Donn",Culture Code & Alexis Donn,Culture Code & Alexis Donn,You & I - Single,You & I - Single,"Culture Code, Alexis Donn",76,85,0,9,1,1,1,1,209578,2021-08-26 12:00:00,2021-08-29 14:10:29,2021-08-29 14:10:29,V.F,English,Dance,English Dance,"Bass.MelodicBass, Pop.Influenced","1578878336, 1869419635",GB2LD2110230,Music125/v4/d7/dd/6d/d7dd6d15-0265-12d5-02f0-5200a48bd715/cover.jpg
1082,5734,6039,False,True,Still the Same (feat. Boy In Space),Still the Same (feat. Boy In Space),,,SHY Martin,SHY Martin,Still the Same (feat. Boy In Space) - Single,Still the Same (feat. Boy In Space) - Single,SHY Martin,35,35,0,0,1,1,1,1,178140,2020-02-28 12:00:00,2021-08-30 13:09:05,2021-08-30 13:09:05,,,,English Indie,,1818977656,SE5262000104,
1083,5736,6041,False,True,全部都給你 (合唱版) [feat. 鍾欣桐],全部都給你 (合唱版) [feat. 鍾欣桐],,,吳克群,Kenji Wu,寂寞來了怎麼辦?,寂寞來了怎麼辦?,Kenji Wu,27,27,0,0,1,1,16,16,245600,2012-07-28 12:00:00,2021-08-30 13:57:13,2021-08-30 13:57:13,,,,Mando Pop,,862249086,TWF711200052,
1084,5738,6043,True,True,Sunny drop,Sunny drop,1022677279,Novelbright,Novelbright,Novelbright,Opening Declaration,開幕宣言,Novelbright,74,75,0,1,1,1,3,12,243507,2020-08-17 07:00:00,2021-08-30 14:12:44,2021-08-30 14:12:44,V.M,Japanese,Rock,J Rock,,1561099071,JPPO02002019,Music114/v4/4e/f2/57/4ef2577a-9ea3-7e56-eb78-4b11ad8f8916/21UMGIM25841.rgb.jpg
1085,5740,6045,True,True,Lovely,Lovely,1046396707,Fly By Midnight,Fly By Midnight,Fly By Midnight,Lovely - Single,Lovely - Single,Fly By Midnight,58,60,0,2,1,1,1,1,176543,2019-02-14 12:00:00,2021-08-31 01:52:16,2021-08-31 01:52:16,V.M,English,Pop,English Indie,Dance.Influenced,1451945144,QZDA51964447,Music124/v4/d1/11/cd/d111cd31-1f6b-5fe5-7fd4-c0b38b716b04/artwork.jpg
1086,5742,6047,False,True,I Miss The Future (feat. Jordan Shaw),I Miss The Future (feat. Jordan Shaw),,,Lost Kings,Lost Kings,I Miss The Future (feat. Jordan Shaw) - Single,I Miss The Future (feat. Jordan Shaw) - Single,Lost Kings,14,14,0,0,1,1,1,1,157952,2021-05-28 12:00:00,2021-09-05 12:51:17,2021-09-05 12:51:17,,,,English Pop,,1567279490,USRC12101103,
1087,5744,6049,False,True,Rumors,Rumors,,,Jake Miller,Jake Miller,Rumors - EP,Rumors - EP,Jake Miller,38,38,0,0,1,1,1,5,186103,2015-07-08 12:00:00,2021-09-05 13:45:03,2021-09-05 13:45:03,,,,English Dance,,1015732764,USWB11507682,
1088,5746,6051,False,True,ワガママ,ワガママ,,,Nissy(西島隆弘),Nissy,HOCUS POCUS,HOCUS POCUS,Nissy(西島隆弘),30,31,0,1,1,1,7,12,221435,2016-03-24 12:00:00,2021-09-05 13:55:31,2021-09-05 13:55:31,,,,J Pop,,1091484560,JPB601404687,
1089,5748,6053,False,True,Blue in My Eyes (feat. Lisa Rowe),Blue in My Eyes (feat. Lisa Rowe),,,NLSN,NLSN,Blue in My Eyes (feat. Lisa Rowe) - Single,Blue in My Eyes (feat. Lisa Rowe) - Single,NLSN,29,29,0,0,1,1,1,1,198866,2018-02-23 12:00:00,2021-09-05 13:58:33,2021-09-05 13:58:33,,,,English Dance,,1536587234,DEAX11800009,
1090,5750,6055,True,True,Back Together (feat. RUNN),Back Together (feat. RUNN),"1297084102, 1196418866","William Black, RUNN",William Black,William Black,Pages,Pages,William Black,56,56,0,0,1,1,3,10,211667,2019-04-24 12:00:00,2021-09-05 14:08:48,2021-09-05 14:08:48,V.F,English,Dance,English Dance,Bass.FutureBass,1652371770,GBKPL1945297,Music122/v4/b1/27/0b/b1270bc7-7fb7-25fc-c668-42fa32015c05/cover.jpg
1091,5752,6057,True,True,Messed Up (feat. 邱鋒澤),Messed Up (feat. 邱鋒澤),"1058845828, 867618465","文慧如, 邱鋒澤",文慧如,文慧如,Messed Up (feat. 邱鋒澤) - Single,還原,文慧如,50,50,0,0,1,1,5,10,219529,2020-09-22 12:00:00,2021-09-05 14:15:59,2021-09-05 14:15:59,V.X,Mandarin,Pop,Mando Pop,,"1532355852, 1630351012",TWD952080201,Music112/v4/be/26/d8/be26d83c-144a-2482-ff27-4d44ede6f5ef/dj.dxwobere.jpg
1092,5754,6059,True,True,Forever,Forever,1151413609,Streex,Streex,Streex,Forever - Single,Forever - Single,Streex,185,193,0,8,1,1,1,1,193600,2017-10-24 12:00:00,2021-09-07 08:28:57,2021-09-07 08:28:57,V.M,English,Dance,English Dance,Bass.FutureBass,1297530025,TCADH1792535,Music124/v4/7f/cf/80/7fcf8036-66a4-1dbd-6e15-035e9289171d/859723640334_cover.jpg
1093,5756,6061,True,True,Hypnotized,Hypnotized,1043706327,DEAMN,DEAMN,DEAMN,Save Me,Save Me,DEAMN,97,107,0,10,1,1,9,20,198000,2017-11-24 12:00:00,2021-09-07 08:54:25,2021-09-07 08:54:25,V.F,English,Dance,English Dance,House.TropicalHouse,1569331082,TCAFP2107683,Music211/v4/ea/bb/b8/eabbb85c-bf54-7cb4-6935-fa6873338a18/859747992891_cover.jpg
1094,5758,6063,False,True,解けない駆け引き,解けない駆け引き,,,culenasm & Kubotakai,culenasm & Kubotakai,解けない駆け引き - Single,解けない駆け引き - Single,culenasm & Kubotakai,39,40,0,1,1,1,1,1,267622,2021-06-30 12:00:00,2021-09-07 09:14:02,2021-09-07 09:14:02,,,,J Rock,,1570441227,JPP302100737,
1095,5760,6065,False,True,fool alone,fool alone,,,John K,John K,in case you miss me,in case you miss me,John K,34,34,0,0,1,1,4,12,164041,2021-06-25 12:00:00,2021-09-10 23:29:59,2021-09-10 23:29:59,,,,English Indie,,1575456283,USSM12102017,
1096,5762,6067,True,True,Giving It Up,Giving It Up,1078271834,Pink Roses,Pink Roses,Pink Roses,Giving It Up - Single,Giving It Up - Single,Pink Roses,73,73,0,0,1,1,1,1,173659,2021-09-09 12:00:00,2021-09-10 23:31:53,2021-09-10 23:31:53,V.M,English,Pop,English Pop,,1580999294,USLD91734045,Music125/v4/83/47/e8/8347e8cd-87d6-82e7-bc7f-cca5bd79f082/20794.jpg
1097,5764,6069,False,True,平行線 (feat. 黃霄雲),平行線 (feat. 黃霄雲),,,Vicetone & 繆維霖,Vicetone & 繆維霖,Wish You Were Here (feat. Wink XY) - Single,Wish You Were Here (feat. Wink XY) - Single,Vicetone & Willim,32,32,0,0,1,1,2,2,165155,2021-07-22 12:00:00,2021-09-11 10:53:01,2021-09-11 10:53:01,,,,Mando Dance,,1581925550,HKJ962115412,
1098,5766,6071,False,True,在世界的盡頭大聲地說我恨你,在世界的盡頭大聲地說我恨你,,,魚丁糸,Oaeen,在世界的盡頭大聲地說我恨你 - Single,在世界的盡頭大聲地說我恨你 - Single,Oaeen,29,29,0,0,1,1,1,1,236939,2021-08-27 12:00:00,2021-09-11 11:00:19,2021-09-11 11:00:19,,,,Mando Pop,,1582582392,TWIJ72101005,
1099,5768,6073,False,True,Opposites Attract,Opposites Attract,,,Great Good Fine Ok,Great Good Fine Ok,Great Good Five Ok,Great Good Five Ok,Great Good Fine Ok,33,33,0,0,1,1,5,8,157693,2021-08-31 12:00:00,2021-09-11 11:20:21,2021-09-11 11:20:21,,,,English Rock,,1580827600,QMEZE1948680,
1100,5770,6075,True,True,Kindly Sword,優しさの剣,1022677279,Novelbright,Novelbright,Novelbright,Kindly Sword - Single,Assort,Novelbright,88,99,0,11,1,1,11,13,259000,2021-09-03 12:00:00,2021-09-11 11:25:19,2021-09-11 11:25:19,V.M,Japanese,Rock,J Rock,Soundtrack.Drama,"1582093593, 1617575171",JPPO02102502,Music122/v4/b4/0d/e0/b40de0c9-a327-6063-3bd1-cd11acd72c44/22UMGIM31002.rgb.jpg
1101,5772,6077,False,True,Just Wanna Be Friends,Just Wanna Be Friends,,,Basixx,Basixx,The Chase - Single,The Chase - Single,Basixx,44,44,0,0,1,1,2,2,181233,2021-08-20 12:00:00,2021-09-11 11:37:53,2021-09-11 11:37:53,,,,English Dance,,1579492366,SE5Q52102319,
1102,5774,6079,False,True,Endless Summer,Endless Summer,,,Roa,Roa,Endless Summer - Single,Endless Summer - Single,Roa,41,42,0,1,1,1,1,1,249692,2021-08-17 12:00:00,2021-09-11 12:28:28,2021-09-11 12:28:28,,,,House,,1582188674,GX4R52194142,
1103,5776,6081,True,True,ピーターパン,ピーターパン,1489331027,優里,Yuuri,優里,ピーターパン - Single,壱,優里,50,50,0,0,1,1,8,16,214587,2020-08-09 12:00:00,2021-09-14 23:30:39,2021-09-14 23:30:39,V.M,Japanese,Pop,J Rock,Rock.Influenced,"1538123311, 1599543191",JPU902001651,Music116/v4/d9/de/51/d9de5146-6d3a-2002-bc8f-77e2e47c1c3b/4547366544138.jpg
1104,5778,6083,True,True,Harmony,Harmony,852983190,Hallman,Hallman,Hallman,King of the Sun,King of the Sun,Hallman,54,57,0,3,1,1,10,10,173919,2019-03-29 12:00:00,2021-09-14 23:32:04,2021-09-14 23:32:04,A,-,Dance,English Dance,House.TropicalHouse,1462080994,SE5Q51827498,Music125/v4/15/27/5d/15275d67-d078-b0f7-6ef0-31400729aabe/7330178023604.png
1105,5780,6085,False,True,Beautiful Mistakes,Beautiful Mistakes,,,魔力紅樂團 & Megan Thee Stallion,Maroon 5 & Megan Thee Stallion,JORDI,JORDI,Maroon 5,27,27,0,0,1,1,1,14,227395,2021-03-03 12:00:00,2021-09-14 23:32:59,2021-09-14 23:32:59,,,,English Rock,,1571175892,USUM72103449,
1106,5782,6087,False,True,We Were Like,We Were Like,,,Kelsea Ballerini,Kelsea Ballerini,We Were Like - Single,We Were Like - Single,Kelsea Ballerini,45,45,0,0,1,1,1,1,180907,2018-10-29 12:00:00,2021-09-14 23:37:57,2021-09-14 23:37:57,V.F,English,Country,English Dance,Dance.Influenced,1467637527,QM4MA1800221,
1107,5784,6089,True,True,White Cube,White Cube,307054368,中田康貴,中田ヤスタカ,中田康貴,Digital Native,Digital Native,中田康貴,45,47,0,2,1,1,1,9,213893,2018-02-05 12:00:00,2021-09-18 13:55:06,2021-09-18 13:55:06,A,-,Dance,Future Bass,"Bass.FutureBass, Bass.KawaiiBass",1334201177,JPWP01870001,Music128/v4/6e/09/ab/6e09abc6-b793-ed64-d2a5-0ea0d3a74584/190295681852.jpg
1108,5786,6091,True,True,Magnetic Love,Magnetic Love,"1019528519, 1419823102","GhostDragon, GLNNA",GhostDragon & GLNNA,GhostDragon & GLNNA,Stories - EP,Stories - EP,GhostDragon,105,124,0,19,1,1,3,4,196174,2020-03-14 12:00:00,2021-09-18 14:10:20,2021-09-18 14:10:20,V.F,English,Dance,English Dance,Bass.MelodicBass,1502149477,GB2LD2010007,Music112/v4/3f/7f/60/3f7f6035-d1e5-13af-b92b-a133099981c8/5055199550435.png
1109,5788,6093,True,True,Alive,Alive,1151413609,Streex,Streex,Streex,Alive - Single,Alive - Single,Streex,92,101,0,9,1,1,1,1,189125,2016-09-30 12:00:00,2021-09-18 14:11:33,2021-09-18 14:11:33,V.M,English,Dance,English Dance,Bass.FutureBass,1346799131,NLZ541600741,Music118/v4/fb/01/a5/fb01a5ec-8192-fd26-576a-b0a2714e4d8c/8712944522358.jpg
1110,5790,6095,False,True,どうして恋してこんな,どうして恋してこんな,,,宇野実彩子(AAA),宇野實彩子,Honey Stories,Honey Stories,宇野実彩子(AAA),33,34,0,1,1,1,8,12,268266,2019-07-17 12:00:00,2021-09-18 14:21:25,2021-09-18 14:21:25,,,,J Pop,,1467863549,JPB601703774,
1111,5792,6097,True,True,Melody (feat. Jon Becker),Melody (feat. Jon Becker),"329965606, 1440152849","CADMIUM, Jon Becker",CADMIUM,CADMIUM,Melody (feat. Jon Becker) - Single,Melody (feat. Jon Becker) - Single,CADMIUM,49,48,1,1,1,1,1,1,220235,2017-10-06 12:00:00,2021-09-18 14:24:40,2021-09-18 14:24:40,V.M,English,Dance,English Dance,Bass.FutureBass,1292613452,GB2LD1700286,Music122/v4/79/20/2b/79202b69-e485-f7d4-cf31-2896c4acd87c/5055199520483.png
1112,5794,6099,True,True,Lost In My Room,Lost In My Room,960568308,Official HIGE DANdism,Official鬍子男dism,Official鬍子男dism,Editorial,Editorial,Official HIGE DANdism,56,56,0,0,1,1,14,14,269927,2021-08-18 12:00:00,2021-09-19 00:10:16,2021-09-19 00:10:16,V.M,Japanese,Pop,J Rock,,1578260173,JPPC02110658,Music115/v4/9b/da/69/9bda6999-3a29-3634-c1db-d35cd95ab5c2/PCCA_06057_A.jpg
1113,5796,6101,True,True,Piece Of Me,Piece Of Me,"953311187, 1258679346","Gryffin, LOVA",Gryffin & LOVA,Gryffin & LOVA,Piece Of Me - Single,Piece Of Me - Single,"Gryffin, LOVA",49,51,0,2,1,1,1,1,202647,2021-09-08 12:00:00,2021-09-19 07:16:41,2021-09-19 07:16:41,V.F,English,Dance,English Dance,House.FutureHouse,1583130999,USUG12104212,Music115/v4/2b/fe/e4/2bfee416-4bf9-539b-ffa3-231edd8b72f2/21UMGIM84225.rgb.jpg
1114,5798,6103,True,True,Broken Hearts (feat. Hilda),Broken Hearts (feat. Hilda),"722652335, 251793144","Justin Caruso, Hilda",Justin Caruso,Justin Caruso,Broken Hearts (feat. Hilda) - Single,Broken Hearts (feat. Hilda) - Single,Justin Caruso,91,101,0,10,1,1,1,1,189714,2019-11-15 12:00:00,2021-09-21 02:46:39,2021-09-21 02:46:39,V.F,English,Dance,English Dance,Bass.FutureBass,1484984155,QZHZ41959964,Music123/v4/8f/e6/74/8fe674a3-689d-24a5-dfcf-6aef1e91ed27/0.jpg
1115,5800,6105,True,True,You're Not Missing Me,You're Not Missing Me,398935148,Chelsea Cutler,Chelsea Cutler,Chelsea Cutler,You're Not Missing Me - Single,You're Not Missing Me - Single,Chelsea Cutler,65,65,0,0,1,1,1,1,213626,2018-02-09 12:00:00,2021-09-21 03:01:29,2021-09-21 03:01:29,V.F,English,Pop,English Pop,Dance.Influenced,1771691029,TCADM1832054,Music211/v4/18/c8/6d/18c86db3-5dc0-f7d8-8526-ff2faa394f3e/0859725218630_Cover.jpg
1116,5802,6107,True,True,Fire,Fire,"1466899532, 1063320314","Brook Xiao, Rachel Horter",Brook Xiao & Rachel Horter,Brook Xiao & Rachel Horter,Fire - Single,Fire - Single,"Brook Xiao, Rachel Horter",65,67,0,2,1,1,1,1,173514,2020-06-23 12:00:00,2021-09-21 09:33:15,2021-09-21 09:33:15,V.F,English,Dance,English Dance,Bass.FutureBass,"1513793708, 1869428825",GB2LD2010081,Music113/v4/5f/8b/29/5f8b29ab-3ec9-29d6-0fe1-ad36ae106eea/cover.jpg
1117,5804,6109,True,True,Gone (feat. Kianna),Gone (feat. Kianna),"490974321, 333172489","Hoang, Kianna",Hoang,Hoang,Gone (feat. Kianna) - Single,Gone (feat. Kianna) - Single,Hoang,72,74,0,2,1,1,1,1,172978,2019-01-25 12:00:00,2021-09-23 14:49:47,2021-09-23 14:49:47,V.F,English,Dance,English Dance,Bass.FutureBass,1449613998,QZ8LD1919325,Music124/v4/c2/53/0a/c2530a44-d767-b691-d8d2-6e19541f8c60/artwork.jpg
1118,5806,6111,True,True,Lost & Found (feat. Ridgely),Lost & Found (feat. Ridgely),"853663221, 195092643","Embody, Ridgely",Embody,Embody,Lost & Found (feat. Ridgely) - Single,Lost & Found (feat. Ridgely) - Single,Embody,61,63,0,2,1,1,1,1,237692,2017-05-19 12:00:00,2021-09-23 15:23:06,2021-09-23 15:23:06,V.F,English,Dance,English Dance,Bass.FutureBass,1769070192,UK9AV1500020,Music211/v4/3c/94/29/3c94295f-5fdc-4e06-972c-19b7473f06df/1733.jpg
1119,5808,6113,True,True,Bullet Waiting for Me (James Landino Remix),Bullet Waiting for Me (James Landino Remix),"453044540, 677816776","Nikki Simmons, James Landino",PINEAPPO & James Landino,Nikki Simmons & James Landino,Cytus II-Paff (Original Soundtrack),Cytus II-Paff (Original Soundtrack),Various Artists,78,84,0,6,1,1,3,11,148036,2018-07-12 12:00:00,2021-10-02 23:38:12,2021-10-02 23:38:12,V.F,English,Dance,Soundtrack,"House.TropicalHouse, Soundtrack.VideoGame.Cytus",1414689808,TCADS1871634,Music122/v4/1b/5e/c6/1b5ec6eb-a424-d262-4ad6-52d7e8ff0845/859727670603_cover.jpg
1120,5810,6115,True,True,Body Talk,Body Talk,882417950,M2U,M2U,M2U,Cytus II-Paff (Original Soundtrack),Cytus II-Paff (Original Soundtrack),Various Artists,91,101,0,10,1,1,1,11,123634,2018-07-12 12:00:00,2021-10-02 23:38:42,2021-10-02 23:38:42,V.F,English,Dance,Soundtrack,"House.ElectroHouse, Soundtrack.VideoGame.Cytus",1414689249,TCADS1871623,Music122/v4/1b/5e/c6/1b5ec6eb-a424-d262-4ad6-52d7e8ff0845/859727670603_cover.jpg
1121,5812,6117,True,True,Kanata,Kanata,1391453642,mikito,mikito,mikito,Cytus II-Paff (Original Soundtrack),Cytus II-Paff (Original Soundtrack),Various Artists,95,97,0,2,1,1,4,11,180000,2018-07-12 12:00:00,2021-10-02 23:38:48,2021-10-02 23:38:48,V.F,Japanese,Pop,Soundtrack,"Dance.Influenced, Soundtrack.VideoGame.Cytus",1414689810,TCADS1871638,Music122/v4/1b/5e/c6/1b5ec6eb-a424-d262-4ad6-52d7e8ff0845/859727670603_cover.jpg
1122,5814,6119,True,True,Fight Another Day (Andy Tunstall Remix),Fight Another Day (Andy Tunstall Remix),"1414690153, 1230044643","Kat Penkin, Andy Tunstall",Kat Penkin & Andy Tunstall,Kat Penkin & Andy Tunstall,Cytus II-Paff (Original Soundtrack),Cytus II-Paff (Original Soundtrack),Various Artists,74,75,0,1,1,1,5,11,160000,2018-07-12 12:00:00,2021-10-02 23:38:52,2021-10-02 23:38:52,V.F,English,Pop,Soundtrack,"Dance.Influenced, Soundtrack.VideoGame.Cytus",1414690151,TCADS1871639,Music122/v4/1b/5e/c6/1b5ec6eb-a424-d262-4ad6-52d7e8ff0845/859727670603_cover.jpg
1123,5816,6121,True,True,More Than Diamond,More Than Diamond,932307447,菅原紗由理,菅原紗由理,菅原紗由理,Memento,Memento,菅原紗由理,100,115,0,15,1,1,11,11,237959,2018-12-05 12:00:00,2021-10-02 23:47:18,2021-10-02 23:47:18,V.F,Japanese,Dance,Soundtrack,"House.ElectroHouse, Soundtrack.VideoGame.Cytus","1444572136, 1445530441",JPZ921812341,Music128/v4/ff/2c/42/ff2c4222-62db-c08e-1e9e-90d190c0fa79/193017005431.jpg
1124,5818,6123,True,True,Baptism of Fire (CliqTrack Remix),Baptism of Fire (CliqTrack Remix),"1414690159, 1518373939","Louise Penman, CliqTrack",Louise Penman & Cliqtrack,Louise Penman & Cliqtrack,Cytus II-Paff (Original Soundtrack),Cytus II-Paff (Original Soundtrack),Various Artists,105,125,0,20,1,1,6,11,172871,2018-07-12 12:00:00,2021-10-04 04:13:15,2021-10-04 04:13:15,V.F,English,Dance,Soundtrack,"Dubstep.Riddim, Soundtrack.VideoGame.Cytus",1414690156,TCADS1871640,Music122/v4/1b/5e/c6/1b5ec6eb-a424-d262-4ad6-52d7e8ff0845/859727670603_cover.jpg
1125,5820,6125,True,True,Re:Boost,Re:Boost,1274464022,EAjRock,EAjRock,EAjRock,Cytus II-Paff (Original Soundtrack),Cytus II-Paff (Original Soundtrack),Various Artists,67,68,0,1,1,1,9,11,191312,2018-07-12 12:00:00,2021-10-07 09:30:27,2021-10-07 09:30:27,V.F,English,Rock,Soundtrack,Soundtrack.VideoGame.Cytus,1414690425,TCADS1871645,Music122/v4/1b/5e/c6/1b5ec6eb-a424-d262-4ad6-52d7e8ff0845/859727670603_cover.jpg
1126,5822,6127,True,True,Try (feat. RØRY) [Fairlane Remix],Try (feat. RØRY) [Fairlane Remix],"476609914, 1422050233, 332465235","MitiS, RØRY, Fairlane",MitiS,MitiS,Lost (Deluxe),Lost (Deluxe),MitiS,326,336,0,10,1,1,16,22,195113,2021-09-17 12:00:00,2021-10-17 01:27:34,2021-10-17 01:27:34,V.F,English,Dance,English Dance,Bass.MelodicBass,1806737034,GBEWA2104693,Music211/v4/87/53/98/875398a4-bce2-eb06-7d7f-e9a9417b6efc/5039060687291.jpg
1127,5824,6129,True,True,Wild,Wild,1043706327,DEAMN,DEAMN,DEAMN,Seventeen,Seventeen,DEAMN,56,58,0,2,1,1,8,8,191186,2021-09-07 12:00:00,2021-10-17 01:50:55,2021-10-17 01:50:55,V.F,English,Dance,English Dance,House.TropicalHouse,1628730992,TCAGG2228933,Music211/v4/ef/ba/b4/efbab477-6039-321f-c7d8-00f4d60ed6d2/859762143001_cover.jpg
1128,5826,6131,False,True,SUPER SHINE,SUPER SHINE,,,GENERATIONS from EXILE TRIBE,GENERATIONS from EXILE TRIBE,SUPER SHINE - Single,SUPER SHINE - Single,GENERATIONS from EXILE TRIBE,26,26,0,0,1,1,1,1,222267,2021-10-11 12:00:00,2021-10-17 01:59:46,2021-10-17 01:59:46,,,,J Pop,,1588169465,JPB602103457,
1129,5828,6133,False,True,我不需要每一個人都愛我 - A Rock Can Be A Star,我不需要每一個人都愛我 - A Rock Can Be A Star,,,八三夭,831,[ 人生就是用來XX的 ] 2021 線上生日趴 (Live Session),[ 人生就是用來XX的 ] 2021 線上生日趴 (Live Session),831,31,31,0,0,1,1,10,10,239835,2021-09-24 12:00:00,2021-10-17 02:09:13,2021-10-17 02:09:13,,,,Mando Rock,,,,
1130,5830,6135,True,True,My Holidays,My Holidays,1503480346,Tokyo Music Walker,Tokyo Music Walker,Tokyo Music Walker,Reflections,Reflections,Tokyo Music Walker,57,57,0,0,1,1,3,9,186857,2021-09-03 12:00:00,2021-10-17 02:11:27,2021-10-17 02:11:27,A,-,Instrumental,Downtempo,,1582695383,QZHZD2183545,Music115/v4/b0/52/a4/b052a40e-63a4-b169-6345-0fe00fcf59ed/689690928650_cover.jpg
1131,5832,6137,False,True,忘記被忘記,忘記被忘記,,,陳雪凝,陳雪凝,忘記被忘記 - Single,忘記被忘記 - Single,Xuening Chen,26,26,0,0,1,1,1,1,286896,2021-08-19 12:00:00,2021-10-17 02:17:56,2021-10-17 02:17:56,,,,Mando Pop,,1751779974,TWDL72107480,
1132,5834,6139,False,True,Lovers On The Moon,Lovers On The Moon,,,AJ Mitchell,AJ Mitchell,SKYVIEW,SKYVIEW,AJ Mitchell,28,28,0,0,1,1,8,12,178685,2021-10-08 12:00:00,2021-10-17 02:41:04,2021-10-17 02:41:04,,,,English Pop,,1587739501,USSM12107632,
1133,5836,6141,True,True,Homesick (feat. Soundr),Homesick (feat. Soundr),"476609914, 1120216495","MitiS, Soundr",MitiS,MitiS,Lost (Deluxe),Lost (Deluxe),MitiS,182,203,0,21,1,1,3,22,328276,2021-02-12 12:00:00,2021-10-17 12:04:39,2021-10-17 12:04:39,V.F,English,Dance,English Dance,"Dubstep.MelodicDubstep, DrumNBass","1806736741, 1806744724",GBEWA2100910,Music211/v4/87/53/98/875398a4-bce2-eb06-7d7f-e9a9417b6efc/5039060687291.jpg
1134,5838,6143,True,True,Caught Up,Caught Up,"205826519, 1421865932","Alius, Un-Ti",Alius & Un-Ti,Alius & Un-Ti,Caught Up - Single,Caught Up - Single,"Alius, Un-Ti",58,59,0,1,1,1,1,1,208619,2018-09-06 12:00:00,2021-10-20 23:28:18,2021-10-20 23:28:12,V.M,English,Dance,English Dance,Bass.FutureBass,1846405521,AUNV01800453,Music221/v4/14/e7/c6/14e7c6b3-69c5-405d-1235-9a3519f23b62/cover.jpg
1135,5840,6145,True,True,Crawl (feat. Denny White),Crawl (feat. Denny White),"1277787403, 1267923949, 590907800","APEK, MAXR, Denny White",APEK & MAXR,APEK & MAXR,Crawl (feat. Denny White) - Single,Crawl (feat. Denny White) - Single,"APEK, MAXR",124,134,0,10,1,1,1,1,209932,2017-08-25 12:00:00,2021-10-21 04:54:41,2021-10-21 04:54:41,V.M,English,Dance,English Dance,Bass.FutureBass,1267923954,GBKQU1777161,Music128/v4/b6/20/97/b620971d-a56a-a592-ab73-78c068e9f08b/cover.jpg
1136,5842,6147,True,True,Love Ain't Changin (feat. Alina Renae) [Acoustic],Love Ain't Changin (feat. Alina Renae) [Acoustic],"1019528519, 350247425, 1148358680, 635597663","GhostDragon, Caslow, Red Comet, Alina Renae","GhostDragon, Caslow & Red Comet","GhostDragon, Caslow & Red Comet",Stories - EP,Stories - EP,GhostDragon,50,50,0,0,1,1,4,4,198621,2020-03-14 12:00:00,2021-10-21 10:51:14,2021-10-21 10:51:14,V.F,English,Pop,English Dance,,1502149480,GB2LD2010008,Music112/v4/3f/7f/60/3f7f6035-d1e5-13af-b92b-a133099981c8/5055199550435.png
1137,5844,6149,True,True,Ember,Ember,1289579705,SIHanatsuka,SIHanatsuka,SIHanatsuka,Cytus II: Robo_head (Original Soundtrack),Cytus II: Robo_head (Original Soundtrack),Various Artists,98,113,0,15,1,1,11,11,183335,2018-09-26 12:00:00,2021-10-23 08:57:23,2021-10-23 08:57:23,A,-,Dance,Soundtrack,"Dubstep.MelodicDubstep, Soundtrack.VideoGame.Cytus",1438768831,TCADW1836734,Music128/v4/84/cd/3e/84cd3e38-64f3-77f4-8b0f-d7cb6110b35a/859728705441_cover.jpg
1138,5846,6151,True,True,Midnight,Midnight,1438768431,提供,Teikyou,提供,Electro City - EP,Electro City - EP,提供,55,56,0,1,1,1,5,6,277916,2019-04-28 12:00:00,2021-10-23 09:01:26,2021-10-23 09:01:26,A,-,Dance,Soundtrack,"GlitchHop, Soundtrack.VideoGame.Cytus",1727289422,CAGOO2043576,Music126/v4/2e/02/06/2e0206ec-6fbd-fac7-668e-e9114bf4b6d2/4582649111348.jpg
1139,5848,6153,True,True,Luolimasi,Luolimasi,1289579705,SIHanatsuka,SIHanatsuka,SIHanatsuka,Cytus II: Robo_head (Original Soundtrack),Cytus II: Robo_head (Original Soundtrack),Various Artists,95,114,0,19,1,1,4,11,127446,2018-09-26 12:00:00,2021-10-23 09:13:48,2021-10-23 09:13:48,A,-,Dance,Soundtrack,"Dubstep.MelodicDubstep, Soundtrack.VideoGame.Cytus",1438768447,TCADW1836706,Music128/v4/84/cd/3e/84cd3e38-64f3-77f4-8b0f-d7cb6110b35a/859728705441_cover.jpg
1140,5850,6155,True,True,Alexandrite,Alexandrite,210602927,onoken,onoken,onoken,Testimony 2 Cytus / Deemo,Testimony 2 Cytus / Deemo,onoken,79,83,0,4,1,1,6,13,171400,2018-12-30 12:00:00,2021-10-23 09:26:04,2021-10-23 09:26:04,A,-,Dance,Soundtrack,"DrumNBass, Soundtrack.VideoGame.Cytus",1745869702,JPE561811144,Music211/v4/7f/12/e4/7f12e42b-80a8-dd18-ce35-df99d223d38f/4511820966804_cover.jpg
1141,5852,6157,False,True,A Better Man,A Better Man,,,Kings Road,Kings Road,Cities: Skylines Country Road Radio,Cities: Skylines Country Road Radio,Various Artists,18,18,0,0,1,1,1,16,189986,2019-04-12 12:00:00,2021-10-24 01:27:27,2021-10-24 01:27:27,,,,Soundtrack,,1463759789,SE6CZ1900601,
1142,5854,6159,False,True,After All This Time,After All This Time,,,Kings Road,Kings Road,Cities: Skylines Country Road Radio,Cities: Skylines Country Road Radio,Various Artists,16,16,0,0,1,1,2,16,203333,2019-04-12 12:00:00,2021-10-24 01:27:30,2021-10-24 01:27:30,,,,Soundtrack,,1463759793,SE6CZ1900602,
1143,5856,6161,False,True,Crazy,Crazy,,,The Red Carpet Crew,The Red Carpet Crew,Cities: Skylines Country Road Radio,Cities: Skylines Country Road Radio,Various Artists,16,16,0,0,1,1,3,16,213955,2019-04-12 12:00:00,2021-10-24 01:27:34,2021-10-24 01:27:34,,,,Soundtrack,,1463759794,SE6CZ1900603,
1144,5858,6163,False,True,Cross the River,Cross the River,,,Pitchfork Blue,Pitchfork Blue,Cities: Skylines Country Road Radio,Cities: Skylines Country Road Radio,Various Artists,20,20,0,0,1,1,4,16,192214,2019-04-12 12:00:00,2021-10-24 01:27:46,2021-10-24 01:27:46,,,,Soundtrack,,1463759795,SE6CZ1900604,
1145,5860,6165,False,True,Down by the Creek,Down by the Creek,,,Pitchfork Blue,Pitchfork Blue,Cities: Skylines Country Road Radio,Cities: Skylines Country Road Radio,Various Artists,13,13,0,0,1,1,5,16,232500,2019-04-12 12:00:00,2021-10-24 01:27:53,2021-10-24 01:27:53,,,,Soundtrack,,1463759796,SE6CZ1900605,
1146,5862,6167,False,True,Granmas Couch,Granmas Couch,,,The Red Carpet Crew,The Red Carpet Crew,Cities: Skylines Country Road Radio,Cities: Skylines Country Road Radio,Various Artists,12,12,0,0,1,1,8,16,182108,2019-04-12 12:00:00,2021-10-24 01:27:56,2021-10-24 01:27:56,,,,Soundtrack,,1463759801,SE6CZ1900608,
1147,5864,6169,False,True,Green Grass Song,Green Grass Song,,,The Magpies,The Magpies,Cities: Skylines Country Road Radio,Cities: Skylines Country Road Radio,Various Artists,12,12,0,0,1,1,9,16,192545,2019-04-12 12:00:00,2021-10-24 01:28:01,2021-10-24 01:28:01,,,,Soundtrack,,1463759802,SE6CZ1900609,
1148,5866,6171,False,True,Home,Home,,,Kings Road,Kings Road,Cities: Skylines Country Road Radio,Cities: Skylines Country Road Radio,Various Artists,13,13,0,0,1,1,10,16,204255,2019-04-12 12:00:00,2021-10-24 01:28:05,2021-10-24 01:28:05,,,,Soundtrack,,1463759804,SE6CZ1900610,
1149,5868,6173,False,True,I Want You Back,I Want You Back,,,The Magpies,The Magpies,Cities: Skylines Country Road Radio,Cities: Skylines Country Road Radio,Various Artists,9,9,0,0,1,1,11,16,207600,2019-04-12 12:00:00,2021-10-24 01:28:10,2021-10-24 01:28:10,,,,Soundtrack,,1463759805,SE6CZ1900611,
1150,5870,6175,False,True,Lost,Lost,,,The Red Carpet Crew,The Red Carpet Crew,Cities: Skylines Country Road Radio,Cities: Skylines Country Road Radio,Various Artists,11,11,0,0,1,1,12,16,229565,2019-04-12 12:00:00,2021-10-24 01:28:15,2021-10-24 01:28:15,,,,Soundtrack,,1463759806,SE6CZ1900612,
1151,5872,6177,False,True,Round and Round We Go,Round and Round We Go,,,The Magpies,The Magpies,Cities: Skylines Country Road Radio,Cities: Skylines Country Road Radio,Various Artists,8,8,0,0,1,1,13,16,176949,2019-04-12 12:00:00,2021-10-24 01:28:20,2021-10-24 01:28:20,,,,Soundtrack,,1463759807,SE6CZ1900613,
1152,5874,6179,False,True,Saved by the Bell,Saved by the Bell,,,Kings Road,Kings Road,Cities: Skylines Country Road Radio,Cities: Skylines Country Road Radio,Various Artists,8,8,0,0,1,1,14,16,202410,2019-04-12 12:00:00,2021-10-24 01:28:23,2021-10-24 01:28:23,,,,Soundtrack,,1463759808,SE6CZ1900614,
1153,5876,6181,False,True,Station Song,Station Song,,,Pitchfork Blue,Pitchfork Blue,Cities: Skylines Country Road Radio,Cities: Skylines Country Road Radio,Various Artists,9,9,0,0,1,1,15,16,186401,2019-04-12 12:00:00,2021-10-24 01:28:28,2021-10-24 01:28:28,,,,Soundtrack,,1463759809,SE6CZ1900615,
1154,5878,6183,False,True,Aukio (From Cities: Skylines Original Game Soundtrack),Aukio (From Cities: Skylines Original Game Soundtrack),,,Paradox Interactive,Paradox Interactive,Cities: Skylines (Original Game Soundtrack),Cities: Skylines (Original Game Soundtrack),Paradox Interactive,24,26,0,2,1,1,1,13,611944,2015-08-03 12:00:00,2021-10-24 01:57:53,2021-10-24 01:57:53,,,,Soundtrack,,1482096016,TCACH1550620,
1155,5880,6185,False,True,Burned Bean Coffee (From Cities: Skylines Original Game Soundtrack),Burned Bean Coffee (From Cities: Skylines Original Game Soundtrack),,,Paradox Interactive,Paradox Interactive,Cities: Skylines (Original Game Soundtrack),Cities: Skylines (Original Game Soundtrack),Paradox Interactive,15,17,0,2,1,1,2,13,606459,2015-08-03 12:00:00,2021-10-24 01:57:55,2021-10-24 01:57:55,,,,Soundtrack,,1482096018,TCACH1550833,
1156,5882,6187,False,True,Dino Oil (From Cities: Skylines Original Game Soundtrack),Dino Oil (From Cities: Skylines Original Game Soundtrack),,,Paradox Interactive,Paradox Interactive,Cities: Skylines (Original Game Soundtrack),Cities: Skylines (Original Game Soundtrack),Paradox Interactive,16,17,0,1,1,1,3,13,606459,2015-08-03 12:00:00,2021-10-24 01:57:56,2021-10-24 01:57:56,,,,Soundtrack,,1482096019,TCACH1550834,
1157,5884,6189,False,True,Main Theme (From Cities: Skylines Original Game Soundtrack),Main Theme (From Cities: Skylines Original Game Soundtrack),,,Paradox Interactive,Paradox Interactive,Cities: Skylines (Original Game Soundtrack),Cities: Skylines (Original Game Soundtrack),Paradox Interactive,12,13,0,1,1,1,8,13,145528,2015-08-03 12:00:00,2021-10-24 01:59:16,2021-10-24 01:59:16,,,,Soundtrack,,1482096024,TCACH1550843,
1158,5886,6191,False,True,Morello's Cookies (From Cities: Skylines Original Game Soundtrack),Morello's Cookies (From Cities: Skylines Original Game Soundtrack),,,Paradox Interactive,Paradox Interactive,Cities: Skylines (Original Game Soundtrack),Cities: Skylines (Original Game Soundtrack),Paradox Interactive,10,11,0,1,1,1,9,13,606459,2015-08-03 12:00:00,2021-10-24 01:59:35,2021-10-24 01:59:35,,,,Soundtrack,,1482096025,TCACH1550844,
1159,5902,6207,True,True,Summer Zephyr,Summer Zephyr,0,SUi,SUi,SUi,Summer Zephyr - Single,Summer Zephyr - Single,SUi,79,82,0,3,1,1,1,1,180114,2017-01-01 00:00:00,2021-10-24 05:36:28,2021-10-24 03:32:48,A,-,Dance,Soundtrack,"DrumNBass, Soundtrack.VideoGame.Cytus",,,
1160,5900,6205,True,True,Who Am I? (feat. Ruri Matsumura),Who Am I? (feat. Ruri Matsumura),"1514230567, 1320778538","Iris, Ruri Matsumura",Iris,Iris,Who Am I? - Single,Who Am I? - Single,Iris,79,83,0,4,1,1,1,1,169325,2019-01-01 00:00:00,2021-10-24 05:36:28,2021-10-24 03:36:06,V.F,English,Dance,Soundtrack,"Bass.FutureBass, Soundtrack.VideoGame.Cytus",,,
1161,5896,6201,True,True,気楽なCloudy,気楽なCloudy,475674290,technoplanet,technoplanet,technoplanet,気楽なCloudy - Single,Happy Distortion,technoplanet,70,71,0,1,1,1,2,7,199784,2020-01-01 00:00:00,2021-10-24 05:36:28,2021-10-24 03:38:18,V.F,Japanese,Pop,Soundtrack,Dance.Influenced,1890366929,,Music221/v4/90/a8/09/90a80973-d99e-4b86-0702-1aa658fcd833/PA00216166_0_243193_jacket.jpg
1162,5898,6203,False,True,Symphony,Symphony,,,Elijah MOTi,Elijah MOTi,Cities: Skylines Concerts,Cities: Skylines Concerts,,24,24,0,0,1,1,5,15,206106,2017-01-01 00:00:00,2021-10-24 05:36:28,2021-10-24 03:40:44,,,,Soundtrack,,,,
1163,5892,6197,True,True,Lilac for Anabel (feat. Mayumi Morinaga),Lilac for Anabel (feat. 森永真由美),"1504484710, 215984217","Apo11o program, 森永真由美",Apo11o program,Apo11o program,Lilac for Anabel - Single,Apo11o Program Rhythm Game Music Selection Vol.1,Apo11o program,102,104,0,2,1,1,3,10,141662,2019-01-01 00:00:00,2021-10-24 05:36:28,2021-10-24 03:46:46,V.F,Japanese,Rock,Soundtrack,Soundtrack.VideoGame.Cytus,1717223677,,Music116/v4/71/53/c3/7153c3ab-b90a-0a38-f94c-275183113bf9/3617222141960_cover.png
1164,5894,6199,False,True,Sea Of Lies,Sea Of Lies,,,Elijah MOTi,Elijah MOTi,Cities: Skylines Concerts,Cities: Skylines Concerts,,24,24,0,0,1,1,4,15,200620,2017-01-01 00:00:00,2021-10-24 05:36:28,2021-10-24 03:47:32,,,,Soundtrack,,,,
1165,5890,6195,False,True,Ice,Ice,,,Elijah MOTi,Elijah MOTi,Cities: Skylines Concerts,Cities: Skylines Concerts,,26,26,0,0,1,1,2,15,206106,2017-01-01 00:00:00,2021-10-24 05:36:28,2021-10-24 03:47:34,,,,Soundtrack,,,,
1166,5888,6193,False,True,Clouds,Clouds,,,Elijah MOTi,Elijah MOTi,Cities: Skylines Concerts,Cities: Skylines Concerts,,26,26,0,0,1,1,1,15,201978,2017-01-01 00:00:00,2021-10-24 05:36:28,2021-10-24 03:47:35,,,,Soundtrack,,,,
1167,5906,6211,True,True,Sussus Moogus,Sussus Moogus,1698297066,Adam McHummus,Adam McHummus,Adam McHummus,Sussus Moogus - Single,Vs Impostor: McHummus Mix,Adam McHummus,95,99,0,4,1,1,2,11,184293,2021-01-01 00:00:00,2021-10-24 05:48:05,2021-10-24 05:33:57,A,-,Dance,Soundtrack,"Trap, Soundtrack.VideoGame.FNF",1824603625,QZTBD2510459,Music211/v4/23/e6/6e/23e66e14-9abf-216f-0e4f-86c27fa8cdd7/artwork.jpg
1168,5904,6209,True,True,Hurricane (with Tyson Ritter),Hurricane (with Tyson Ritter),"957521979, 324853, 27533838","Cheat Codes, Grey, Tyson Ritter","Cheat Codes, Grey & Tyson Ritter","Cheat Codes, Grey & Tyson Ritter","HELLRAISERS, Part 2","HELLRAISERS, Part 2",Cheat Codes,85,85,0,0,1,1,3,13,144808,2021-10-01 12:00:00,2021-10-24 05:38:07,2021-10-24 05:38:07,V.M,English,Pop,English Dance,,1590919310,QM3DF2130560,Music125/v4/1b/5b/19/1b5b1906-ea5a-c9c5-35d4-57e092501f6d/1963620279463_cover.jpg
1169,5908,6213,True,True,Bodies,Bodies,"957521979, 1493979780","Cheat Codes, PRINCE$$ ROSIE",Cheat Codes & PRINCE$$ ROSIE,Cheat Codes & PRINCE$$ ROSIE,"HELLRAISERS, Part 2","HELLRAISERS, Part 2",Cheat Codes,50,51,0,1,1,1,4,13,154203,2021-10-15 12:00:00,2021-10-24 06:47:39,2021-10-24 06:47:39,V.M,English,Dance,English Dance,Trap,1590919311,QM3DF2148553,Music125/v4/1b/5b/19/1b5b1906-ea5a-c9c5-35d4-57e092501f6d/1963620279463_cover.jpg
1170,5910,6215,True,True,Ghost Story (with All Time Low),Ghost Story (with All Time Low),"957521979, 167375968","Cheat Codes, All Time Low",Cheat Codes & All Time Low,Cheat Codes & All Time Low,"HELLRAISERS, Part 2","HELLRAISERS, Part 2",Cheat Codes,49,48,1,1,1,1,5,13,167966,2021-09-10 12:00:00,2021-10-24 06:52:01,2021-10-24 06:52:01,V.M,English,Pop,English Dance,,1590919312,QM3DF2130373,Music125/v4/1b/5b/19/1b5b1906-ea5a-c9c5-35d4-57e092501f6d/1963620279463_cover.jpg
1171,5912,6217,False,True,Mikansei,Mikansei,,,家入莉奧,家入莉奧,Mikansei - Single,Mikansei - Single,Leo Ieiri,35,39,0,4,1,1,1,3,240547,2020-01-27 12:00:00,2021-10-31 04:40:17,2021-10-31 04:40:17,,,,J Pop,,1494833659,JPVI01904610,
1172,5914,6219,True,True,ベテルギウス,ベテルギウス,1489331027,優里,Yuuri,優里,ベテルギウス - Single,壱,優里,100,100,0,0,1,1,1,16,230394,2021-11-04 12:00:00,2021-11-04 04:59:43,2021-11-04 04:59:43,V.M,Japanese,Pop,J Rock,Soundtrack.Drama,"1589915077, 1599542711",JPU902104201,Music116/v4/d9/de/51/d9de5146-6d3a-2002-bc8f-77e2e47c1c3b/4547366544138.jpg
1173,5958,6263,False,True,Unfold,Unfold,,,Juhanni,Juhanni,Surviving Mars Official Mars Radio,Surviving Mars Official Mars Radio,,16,17,0,1,1,1,7,16,240796,2019-01-01 00:00:00,2021-11-07 03:06:49,2021-11-07 01:09:49,,,,Soundtrack,,,,
1174,5954,6259,False,True,The Time,The Time,,,Juhanni,Juhanni,Surviving Mars Official Mars Radio,Surviving Mars Official Mars Radio,,19,20,0,1,1,1,6,16,240431,2019-01-01 00:00:00,2021-11-07 03:06:49,2021-11-07 01:09:52,,,,Soundtrack,,,,
1175,5952,6257,False,True,Candy Castle,Candy Castle,,,Juhanni,Juhanni,Surviving Mars Official Mars Radio,Surviving Mars Official Mars Radio,,19,20,0,1,1,1,5,16,240770,2019-01-01 00:00:00,2021-11-07 03:06:49,2021-11-07 01:09:55,,,,Soundtrack,,,,
1176,5962,6267,False,True,White Trees,White Trees,,,Juhanni,Juhanni,Surviving Mars Official Mars Radio,Surviving Mars Official Mars Radio,,17,18,0,1,1,1,8,16,247248,2019-01-01 00:00:00,2021-11-07 03:06:49,2021-11-07 01:10:00,,,,Soundtrack,,,,
1177,5970,6275,False,True,Among the Stars,Among the Stars,,,Pinky,Pinky,Surviving Mars Official Mars Radio,Surviving Mars Official Mars Radio,,26,27,0,1,1,1,9,16,252525,2019-01-01 00:00:00,2021-11-07 03:06:49,2021-11-07 01:10:03,,,,Soundtrack,,,,
1178,5972,6277,False,True,It's Going To Be Okay With Me,It's Going To Be Okay With Me,,,Pinky,Pinky,Surviving Mars Official Mars Radio,Surviving Mars Official Mars Radio,,17,18,0,1,1,1,10,16,252186,2019-01-01 00:00:00,2021-11-07 03:06:49,2021-11-07 01:10:05,,,,Soundtrack,,,,
1179,5974,6279,False,True,Little Town,Little Town,,,Pinky,Pinky,Surviving Mars Official Mars Radio,Surviving Mars Official Mars Radio,,16,17,0,1,1,1,11,16,242207,2019-01-01 00:00:00,2021-11-07 03:06:49,2021-11-07 01:10:08,,,,Soundtrack,,,,
1180,5976,6281,False,True,Spread,Spread,,,Pinky,Pinky,Surviving Mars Official Mars Radio,Surviving Mars Official Mars Radio,,14,15,0,1,1,1,12,16,245237,2019-01-01 00:00:00,2021-11-07 03:06:49,2021-11-07 01:10:10,,,,Soundtrack,,,,
1181,5978,6283,False,True,Corners,Corners,,,Profet Sorb Z,Profet Sorb Z,Surviving Mars Official Mars Radio,Surviving Mars Official Mars Radio,,18,19,0,1,1,1,13,16,248685,2019-01-01 00:00:00,2021-11-07 03:06:49,2021-11-07 01:10:12,,,,Soundtrack,,,,
1182,5980,6285,False,True,Gray Hole,Gray Hole,,,Profet Sorb Z,Profet Sorb Z,Surviving Mars Official Mars Radio,Surviving Mars Official Mars Radio,,20,21,0,1,1,1,14,16,247431,2019-01-01 00:00:00,2021-11-07 03:06:49,2021-11-07 01:10:14,,,,Soundtrack,,,,
1183,5982,6287,False,True,Let's Care,Let's Care,,,Profet Sorb Z,Profet Sorb Z,Surviving Mars Official Mars Radio,Surviving Mars Official Mars Radio,,16,17,0,1,1,1,15,16,248267,2019-01-01 00:00:00,2021-11-07 03:06:49,2021-11-07 01:10:16,,,,Soundtrack,,,,
1184,5984,6289,False,True,Temporary,Temporary,,,Profet Sorb Z,Profet Sorb Z,Surviving Mars Official Mars Radio,Surviving Mars Official Mars Radio,,16,17,0,1,1,1,16,16,279457,2019-01-01 00:00:00,2021-11-07 03:06:49,2021-11-07 01:10:19,,,,Soundtrack,,,,
1185,5990,6295,False,True,My Journey,My Journey,,,Sugar Orchestra,Sugar Orchestra,Surviving Mars Official Mars Radio,Surviving Mars Official Mars Radio,,25,26,0,1,1,1,1,16,244192,2019-01-01 00:00:00,2021-11-07 03:06:49,2021-11-07 01:10:22,,,,Soundtrack,,,,
1186,5992,6297,False,True,Shores of Mars,Shores of Mars,,,Sugar Orchestra,Sugar Orchestra,Surviving Mars Official Mars Radio,Surviving Mars Official Mars Radio,,18,19,0,1,1,1,2,16,250305,2019-01-01 00:00:00,2021-11-07 03:06:49,2021-11-07 01:10:25,,,,Soundtrack,,,,
1187,5994,6299,False,True,Sunrise,Sunrise,,,Sugar Orchestra,Sugar Orchestra,Surviving Mars Official Mars Radio,Surviving Mars Official Mars Radio,,16,17,0,1,1,1,3,16,240535,2019-01-01 00:00:00,2021-11-07 03:06:49,2021-11-07 01:10:27,,,,Soundtrack,,,,
1188,5996,6301,False,True,Your Best,Your Best,,,Sugar Orchestra,Sugar Orchestra,Surviving Mars Official Mars Radio,Surviving Mars Official Mars Radio,,19,20,0,1,1,1,4,16,248920,2019-01-01 00:00:00,2021-11-07 03:06:49,2021-11-07 01:10:29,,,,Soundtrack,,,,
1189,5956,6261,True,True,syūten (feat. 大瀬良あい),syūten (feat. 大瀬良あい),"1504484710, 1088508048","Apo11o program, 大瀬良あい",Apo11o program,Apo11o program,Cytus II Original Soundtracks - Vanessa,Cytus II-Vanessa (Original Soundtracks),Various Artists,74,75,0,1,1,1,2,17,145449,2020-01-01 00:00:00,2021-11-07 03:06:49,2021-11-07 01:17:04,V.F,English,Pop,Soundtrack,Soundtrack.VideoGame.Cytus,1839032717,TCAJZ2536123,Music221/v4/91/c6/18/91c61869-d703-eea3-c94a-4b46657707f7/859715449259_cover.jpg
1190,5950,6255,True,True,Anchor (feat. Victor Kong & Ruri Matsumura),Anchor (feat. Victor Kong & Ruri Matsumura),"1514230567, 1540690550, 1320778538","Iris, Victor Kong, Ruri Matsumura",Iris,Iris,Cytus II Original Soundtracks - Vanessa,Cytus II-Vanessa (Original Soundtracks),Various Artists,47,48,0,1,1,1,1,17,164597,2020-01-01 00:00:00,2021-11-07 03:06:49,2021-11-07 01:17:12,V.F,English,Pop,Soundtrack,Soundtrack.VideoGame.Cytus,1839032707,TCAJZ2536123,Music221/v4/91/c6/18/91c61869-d703-eea3-c94a-4b46657707f7/859715449259_cover.jpg
1191,5964,6269,True,True,The Whole Rest,The Whole Rest,1108534791,KIVΛ,KIVΛ,KIVΛ,Cytus II Original Soundtracks - Vanessa,Cytus II-Vanessa (Original Soundtracks),Various Artists,74,75,0,1,1,1,14,17,119040,2018-01-01 00:00:00,2021-11-07 03:06:49,2021-11-07 01:17:17,V.F,English,Rock,Soundtrack,"Dance.Influenced, Soundtrack.VideoGame.Cytus","1608067447, 1839033055",TCAFZ2123133,Music221/v4/91/c6/18/91c61869-d703-eea3-c94a-4b46657707f7/859715449259_cover.jpg
1192,5986,6291,True,True,Rosa Rubus,Rosa Rubus,1289579705,SIHanatsuka,SIHanatsuka,SIHanatsuka,Cytus II Original Soundtracks - Vanessa,Cytus II-Vanessa (Original Soundtracks),Various Artists,62,64,0,2,1,1,3,17,161854,2020-01-01 00:00:00,2021-11-07 03:06:49,2021-11-07 01:17:25,A,-,Instrumental,Soundtrack,"Rock.Influenced, Soundtrack.VideoGame.Cytus",1839032723,TCAJZ2536202,Music221/v4/91/c6/18/91c61869-d703-eea3-c94a-4b46657707f7/859715449259_cover.jpg
1193,5998,6303,True,True,illMenate (feat. moimoi),illMenate (feat. moimoi),"1069863534, 949368057","タケノコ少年, moimoi",Takenoko boy,タケノコ少年,illMenate - Single,illMenate - Single,タケノコ少年,71,72,0,1,1,1,1,1,157204,2020-01-01 00:00:00,2021-11-07 03:06:49,2021-11-07 01:20:06,V.F,Japanese,Rock,Soundtrack,Soundtrack.VideoGame.Cytus,,,
1194,5968,6273,True,True,Recall,Recall,1180901597,守夜人,守夜人,守夜人,Recall - Single,Recall - Single,守夜人,48,49,0,1,1,1,1,1,139650,2020-01-01 00:00:00,2021-11-07 03:06:49,2021-11-07 01:24:08,V.F,English,Rock,Soundtrack,Pop.Influenced,,,
1195,6000,6305,True,True,Incyde,Incyde,1329271215,YbeLL,YbeLL,YbeLL,Incyde - Single,Incyde - Single,YbeLL,49,50,0,1,1,1,1,1,205165,2020-01-01 00:00:00,2021-11-07 03:06:49,2021-11-07 01:35:59,V.F,English,Pop,Soundtrack,"Dance.Influenced, Soundtrack.VideoGame.Cytus",,,
1196,5966,6271,True,True,Collide,Collide,1180901597,守夜人,守夜人,守夜人,Collide - Single,Collide - Single,守夜人,49,50,0,1,1,1,1,1,155376,2019-01-01 00:00:00,2021-11-07 03:06:49,2021-11-07 01:36:07,V.F,English,Rock,Soundtrack,Soundtrack.VideoGame.Cytus,,,
1197,5988,6293,True,True,Sleeping Beast,Sleeping Beast,1091488099,SNoW,SNoW,SNoW,Sleeping Beast - Single,The Logbook II,Various Artists,62,65,0,3,1,1,1,11,187872,2020-01-01 00:00:00,2021-11-07 03:06:49,2021-11-07 01:38:21,V.F,English,Dance,Soundtrack,"Trap, Soundtrack.VideoGame.Cytus",1639996274,TCJPS2275554,Music112/v4/00/79/d1/0079d18b-98aa-8a5b-4424-5a9189463341/859758583736_cover.jpg
1198,5960,6265,True,True,Snow Blossom,Snow Blossom,1834616057,yuritoworks.,yuritoworks.,yuritoworks.,Snow Blossom - Single,Snow Blossom - Single,yuritoworks.,69,73,0,4,1,1,1,1,142367,2020-01-01 00:00:00,2021-11-07 03:06:49,2021-11-07 01:38:27,A,-,Dance,Soundtrack,"Hard.JCore, Soundtrack.VideoGame.Cytus, Soundtrack.VideoGame.Voez",,,
1199,5920,6225,True,True,The Amusement Park,The Amusement Park,1756811359,CheetahMobileGames,Dancing Line,Dancing Line,Dancing Line Original Soundtrack,Dancing Line (Original Game Soundtrack),Various Artists,19,20,0,1,1,1,1,17,95137,2019-01-01 00:00:00,2021-11-07 03:06:49,2021-11-07 02:52:02,A,-,Dance,Soundtrack,"House.ProgressiveHouse, Soundtrack.VideoGame.DancingLine",,,Music221/v4/52/c1/12/52c11258-bca7-fe42-03b1-1e7cb1c89b08/artwork.jpg
1200,5918,6223,True,True,The Alley (Bluestone Alley),青石巷,1137851469,魏琮霏,Congfei Wei,魏琮霏,Dancing Line Original Soundtrack,魏 - Single,魏琮霏,37,42,0,5,1,1,1,1,108146,2019-01-01 00:00:00,2021-11-07 03:06:49,2021-11-07 02:52:03,A,-,Instrumental,Soundtrack,Soundtrack.VideoGame.DancingLine,1590843777,,Music115/v4/cd/88/e7/cd88e746-76c3-377b-55fa-47074b9f326b/859750925787_cover.jpg
1201,5922,6227,True,True,The Autumn,The Autumn,1756811359,CheetahMobileGames,Dancing Line,Dancing Line,Dancing Line Original Soundtrack,Dancing Line Vol.1,Various Artists,55,63,0,8,1,1,9,25,97933,2017-01-01 00:00:00,2021-11-07 03:06:49,2021-11-07 02:52:03,A,-,Instrumental,Soundtrack,Soundtrack.VideoGame.DancingLine,1769975851,QZWFG2492750,Music221/v4/52/c1/12/52c11258-bca7-fe42-03b1-1e7cb1c89b08/artwork.jpg
1202,5924,6229,True,True,The Beach (Dance Remix),The Beach (Dance Remix),1756811359,CheetahMobileGames,Dancing Line,Dancing Line,Dancing Line Original Soundtrack,Dancing Line (Original Game Soundtrack),Various Artists,31,33,0,2,1,1,4,17,91559,2017-01-01 00:00:00,2021-11-07 03:06:49,2021-11-07 02:52:03,A,-,Dance,Soundtrack,"House.TropicalHouse, Soundtrack.VideoGame.DancingLine",,,Music221/v4/52/c1/12/52c11258-bca7-fe42-03b1-1e7cb1c89b08/artwork.jpg
1203,5926,6231,True,True,The Crystal,The Crystal,1027762154,Łukasz Michalski,Łukasz Michalski,Łukasz Michalski,Dancing Line Original Soundtrack,Dancing Line Vol.1,Various Artists,21,23,0,2,1,1,4,25,114050,2019-01-01 00:00:00,2021-11-07 03:06:49,2021-11-07 02:52:03,A,-,Instrumental,Soundtrack,Soundtrack.VideoGame.DancingLine,1769975846,,Music221/v4/52/c1/12/52c11258-bca7-fe42-03b1-1e7cb1c89b08/artwork.jpg
1204,5916,6221,True,True,Dream of Sky,Dream of Sky,1027762154,Łukasz Michalski,Łukasz Michalski,Łukasz Michalski,Dancing Line Original Soundtrack,Dancing Line Vol.1,Various Artists,22,25,0,3,1,1,21,25,131082,2018-01-01 00:00:00,2021-11-07 03:06:49,2021-11-07 02:52:04,A,-,Instrumental,Soundtrack,Soundtrack.VideoGame.DancingLine,1769975863,,Music221/v4/52/c1/12/52c11258-bca7-fe42-03b1-1e7cb1c89b08/artwork.jpg
1205,5928,6233,True,True,The Desert (High Flyer),The Desert (High Flyer),"1497553766, 13662818","Dave James, Keith Beauvais",Dave James,Dave James,Dancing Line Original Soundtrack,Dancing Line Vol.1,Various Artists,75,77,0,2,1,1,8,25,119040,2016-01-01 00:00:00,2021-11-07 03:06:49,2021-11-07 02:52:04,A,-,Instrumental,Soundtrack,"Soundtrack.VideoGame.DancingLine, Dance.Influenced",1769975850,QZWFG2492749,Music221/v4/52/c1/12/52c11258-bca7-fe42-03b1-1e7cb1c89b08/artwork.jpg
1206,5930,6235,True,True,The Earth,The Earth,1027762154,Łukasz Michalski,Łukasz Michalski,Łukasz Michalski,Dancing Line Original Soundtrack,Dancing Line Vol.1,Various Artists,16,18,0,2,1,1,2,25,115539,2019-01-01 00:00:00,2021-11-07 03:06:49,2021-11-07 02:52:04,A,-,Instrumental,Soundtrack,Soundtrack.VideoGame.DancingLine,1769975844,,Music221/v4/52/c1/12/52c11258-bca7-fe42-03b1-1e7cb1c89b08/artwork.jpg
1207,5932,6237,True,True,The End (Null),The End (Null),1407295384,theo5970,theo5970,theo5970,Dancing Line Original Soundtrack,Dancing Line Vol.1,Various Artists,30,34,0,4,1,1,20,25,117106,2019-01-01 00:00:00,2021-11-07 03:06:49,2021-11-07 02:52:04,A,-,Instrumental,Soundtrack,Soundtrack.VideoGame.DancingLine,1769975862,,Music221/v4/52/c1/12/52c11258-bca7-fe42-03b1-1e7cb1c89b08/artwork.jpg
1208,5936,6241,True,True,The Ocean,The Ocean,1756811359,CheetahMobileGames,Dancing Line,Dancing Line,Dancing Line Original Soundtrack,Dancing Line Vol.1,Various Artists,19,52,0,33,1,1,3,25,100153,2019-01-01 00:00:00,2021-11-07 03:06:49,2021-11-07 02:52:05,A,-,Instrumental,Soundtrack,Soundtrack.VideoGame.DancingLine,1769975845,QZWFG2492744,Music221/v4/52/c1/12/52c11258-bca7-fe42-03b1-1e7cb1c89b08/artwork.jpg
1209,5938,6243,True,True,The Piano,The Piano,1027762154,Łukasz Michalski,Thomas Jacob Bergersen,Łukasz Michalski,Dancing Line Original Soundtrack,Dancing Line Original Soundtrack,Various Artists,24,28,0,4,1,1,12,17,82834,2017-01-01 00:00:00,2021-11-07 03:06:49,2021-11-07 02:52:05,A,-,Instrumental,Soundtrack,Soundtrack.VideoGame.DancingLine,1659552524,,Music221/v4/52/c1/12/52c11258-bca7-fe42-03b1-1e7cb1c89b08/artwork.jpg
1210,5942,6247,True,True,The Spring (The Lullaby),The Spring (The Lullaby),1027762154,Łukasz Michalski,Łukasz Michalski,Łukasz Michalski,Dancing Line Original Soundtrack,Dancing Line Vol.1,Various Artists,26,29,0,3,1,1,11,25,83095,2018-01-01 00:00:00,2021-11-07 03:06:49,2021-11-07 02:52:05,A,-,Instrumental,Soundtrack,Soundtrack.VideoGame.DancingLine,"1659552680, 1769975853",,Music221/v4/52/c1/12/52c11258-bca7-fe42-03b1-1e7cb1c89b08/artwork.jpg
1211,5946,6251,True,True,The Winter (House Remix),The Winter (House Remix),1756811359,CheetahMobileGames,Dancing Line,Dancing Line,Dancing Line Original Soundtrack,Dancing Line (Original Game Soundtrack),Various Artists,32,32,0,0,1,1,16,17,79595,2019-01-01 00:00:00,2021-11-07 03:06:49,2021-11-07 02:52:06,A,-,Dance,Soundtrack,"House.ElectroHouse, Soundtrack.VideoGame.DancingLine",,,Music221/v4/52/c1/12/52c11258-bca7-fe42-03b1-1e7cb1c89b08/artwork.jpg
1212,5948,6253,True,True,The Winter (La Serenissima),The Winter (La Serenissima),"541805613, 541805601, 545566253","Igor Dvorkin, Duncan Pittock, Ellie Kidd",Igor Dvorkin,Igor Dvorkin,Dancing Line Original Soundtrack,Dancing Line Vol.1,Various Artists,19,19,0,0,1,1,10,25,108956,2010-01-01 00:00:00,2021-11-07 03:06:49,2021-11-07 02:52:07,A,-,Instrumental,Soundtrack,Soundtrack.VideoGame.DancingLine,1769975852,,Music221/v4/52/c1/12/52c11258-bca7-fe42-03b1-1e7cb1c89b08/artwork.jpg
1213,5934,6239,True,True,The Mountains,The Mountains,1756811359,CheetahMobileGames,Dancing Line,Dancing Line,Dancing Line Original Soundtrack,Dancing Line Vol.1,Various Artists,18,19,0,1,1,1,5,25,115200,2017-01-01 00:00:00,2021-11-07 03:06:49,2021-11-07 02:55:31,A,-,Instrumental,Soundtrack,Soundtrack.VideoGame.DancingLine,1769975847,,Music221/v4/52/c1/12/52c11258-bca7-fe42-03b1-1e7cb1c89b08/artwork.jpg
1214,5940,6245,True,True,The Plains,The Plains,1756811359,CheetahMobileGames,Dancing Line,Dancing Line,Dancing Line Original Soundtrack,Dancing Line (Original Game Soundtrack),Various Artists,17,17,0,0,1,1,13,17,119693,2017-01-01 00:00:00,2021-11-07 03:06:49,2021-11-07 02:57:07,A,-,Instrumental,Soundtrack,Soundtrack.VideoGame.DancingLine,,,Music221/v4/52/c1/12/52c11258-bca7-fe42-03b1-1e7cb1c89b08/artwork.jpg
1215,5944,6249,True,True,The Storm (Storm Evolution),The Storm (Storm Evolution),173122107,Paul Mottram,Paul Mottram,Paul Mottram,Dancing Line Original Soundtrack,Dancing Line Vol.1,Various Artists,21,22,0,1,1,1,7,25,99500,2014-01-01 00:00:00,2021-11-07 03:06:49,2021-11-07 02:59:21,A,-,Instrumental,Soundtrack,Soundtrack.VideoGame.DancingLine,1769975849,,Music221/v4/52/c1/12/52c11258-bca7-fe42-03b1-1e7cb1c89b08/artwork.jpg
1216,6002,6307,True,True,Only One I Need,Only One I Need,"1297084102, 958215438, 1163803282","William Black, HALIENE, Thomas Laurent","William Black, HALIENE & Thomas Laurent","William Black, HALIENE & Thomas Laurent",Pieces,Pieces,William Black,61,67,0,6,1,1,4,13,206197,2021-11-05 12:00:00,2021-11-12 02:46:40,2021-11-12 02:46:40,V.F,English,Dance,English Dance,Dubstep.MelodicDubstep,1638003861,GBKPL2153069,Music112/v4/bf/7f/11/bf7f115c-7366-e1ed-f0a1-1e02d9088520/cover.jpg
1217,6004,6309,True,True,Inconsistent (feat. Daye),Inconsistent (feat. Daye),"350247425, 1608726435","Caslow, Daye",Caslow,Caslow,Inconsistent (feat. Daye) - Single,Inconsistent (feat. Daye) - Single,Caslow,87,94,0,7,1,1,1,1,165600,2021-11-05 12:00:00,2021-11-12 02:51:21,2021-11-12 02:51:21,V.F,English,Dance,English Dance,"Bass.FutureBass, Pop.Influenced",1590443962,CA5KR0012721,Music126/v4/48/d9/2c/48d92c7f-f452-88ed-6ac0-dee9a15251cf/cover.jpg
1218,6006,6311,True,True,MAKAFUKA,Makafuka,91160335,RADWIMPS,RADWIMPS,RADWIMPS,FOREVER DAZE,FOREVER DAZE,RADWIMPS,80,80,0,0,1,1,7,14,331621,2021-11-05 07:00:00,2021-11-12 03:19:56,2021-11-12 03:19:56,V.M,Japanese,Pop,J Rock,,"1590786720, 1592481030",JPV972100010,Music116/v4/5a/92/0d/5a920d2a-edec-4d54-6075-60840ae91eaf/0602445015078_cover.jpg
1219,6008,6313,True,True,Haven (feat. Dia Frampton),Haven (feat. Dia Frampton),"1297084102, 432647731","William Black, Dia Frampton",William Black,William Black,Pieces,Pieces,William Black,77,84,0,7,1,1,1,13,251200,2021-11-05 12:00:00,2021-11-12 04:35:36,2021-11-12 04:35:36,V.F,English,Dance,English Dance,Dubstep.MelodicDubstep,1638003580,GBKPL2166111,Music112/v4/bf/7f/11/bf7f115c-7366-e1ed-f0a1-1e02d9088520/cover.jpg
1220,6010,6315,True,True,Broken,Broken,"1297084102, 332465235","William Black, Fairlane",William Black & Fairlane,William Black & Fairlane,Pieces,Pieces,William Black,87,94,0,7,1,1,2,13,228706,2021-11-05 12:00:00,2021-11-12 04:37:28,2021-11-12 04:37:28,V.F,English,Dance,English Dance,"Bass.FutureBass, Pop.Influenced",1638003584,GBKPL2162741,Music112/v4/bf/7f/11/bf7f115c-7366-e1ed-f0a1-1e02d9088520/cover.jpg
1221,6012,6317,False,True,Sunburst,Sunburst,,,Tobu & Itro,Tobu & Itro,Sunburst - Single,Sunburst - Single,Tobu & Itro,27,27,0,0,1,1,1,1,189390,2014-04-27 12:00:00,2021-11-13 12:55:09,2021-11-13 12:55:09,,,,House,,1534207781,GBSMU1664476,
1222,6014,6319,False,True,In the Name of Love,In the Name of Love,,,Martin Garrix & Bebe Rexha,Martin Garrix & Bebe Rexha,In The Name Of Love - Single,In The Name Of Love - Single,Martin Garrix & Bebe Rexha,36,37,0,1,1,1,1,1,198815,2016-07-29 07:00:00,2021-11-13 13:18:05,2021-11-13 13:18:05,,,,English Dance,,1137641426,NLM5S1600003,
1223,6016,6321,True,True,Something Good (feat. Emmi),Something Good (feat. Emmi),"1467876439, 1436639744","Velveteen, Emmi",Velveteen,Velveteen,Something Good - Single,Something Good - Single,Velveteen,60,64,0,4,1,1,1,2,207326,2020-02-21 12:00:00,2021-11-15 09:46:32,2021-11-15 09:46:32,V.F,English,Dance,English Dance,House.TropicalHouse,1494885675,SE5Q51903340,Music113/v4/d6/ea/d4/d6ead48c-08af-0c19-6b58-e897a18e5aa9/7330178042209.png
1224,6018,6323,True,True,Shivers,Shivers,183313439,Ed Sheeran,Ed Sheeran,Ed Sheeran,=,=,Ed Sheeran,42,42,0,0,1,1,2,14,207853,2021-09-09 07:00:00,2021-11-21 08:38:42,2021-11-21 08:38:42,V.M,English,Pop,English Rock,,1581087034,GBAHS2100671,Music125/v4/c5/d8/c6/c5d8c675-63e3-6632-33db-2401eabe574d/190296491412.jpg
1225,6020,6325,False,True,我很好騙,我很好騙,,,動力火車,Power Station,我很好騙 - Single,我很好騙 - Single,Power Station,19,19,0,0,1,1,1,1,313282,2021-04-09 12:00:00,2021-11-21 09:23:03,2021-11-21 09:23:03,,,,Mando Pop,,1561723724,TWD952001103,
1226,6022,6327,True,True,Waiting for You (feat. Anthony Meyer),Waiting for You (feat. Anthony Meyer),"1424691140, 1373297327, 334692483","Courts, Divite, Anthony Meyer",Courts & Divite,Courts & Divite,Waiting for You (feat. Anthony Meyer) - Single,Waiting for You (feat. Anthony Meyer) - Single,"Courts, Divite",96,108,0,12,1,1,1,1,217536,2019-07-10 12:00:00,2021-11-22 11:36:27,2021-11-22 11:36:27,V.M,English,Dance,English Dance,House.ProgressiveHouse,1469078936,GBSMU6528850,Music113/v4/aa/33/96/aa33966e-a16a-4d42-6b28-81bbafa83fdc/5059137672623_cover.jpg
1227,6024,6329,True,True,"東京ウインターセッション (feat. 瀬戸口優, 榎本夏樹, 望月蒼太, 早坂あかり, 芹沢春輝 & 合田美桜)","東京ウインターセッション (feat. 瀬戸口優, 榎本夏樹, 望月蒼太, 早坂あかり, 芹沢春輝 & 合田美桜)","415606364, 319919147, 282346333, 837804606, 266647097, 256498063, 570008698","HoneyWorks, 瀬戸口優, 榎本夏樹, 望月蒼太, 早坂あかり, 芹沢春輝, 合田美桜",HoneyWorks,HoneyWorks,好きすぎてやばい。〜告白実行委員会キャラクターソング集〜,好きすぎてやばい。〜告白実行委員会キャラクターソング集〜,HoneyWorks,108,110,0,2,1,1,12,24,255107,2020-01-15 12:00:00,2021-11-23 16:28:06,2021-11-23 16:28:06,V.X,Japanese,Pop,Anime,Soundtrack.AnimeLike,1537339777,JPX401700102,Music125/v4/b5/81/0c/b5810ce8-de3d-e8c0-12ae-c00549afb26b/jacket_SMXX00494B00Z_550.jpg
1228,6026,6331,True,True,"東京オータムセッション (feat. 瀬戸口優, 榎本夏樹, 望月蒼太, 早坂あかり, 芹沢春輝 & 合田美桜)","東京オータムセッション (feat. 瀬戸口優, 榎本夏樹, 望月蒼太, 早坂あかり, 芹沢春輝 & 合田美桜)","415606364, 319919147, 282346333, 837804606, 266647097, 256498063, 570008698","HoneyWorks, 瀬戸口優, 榎本夏樹, 望月蒼太, 早坂あかり, 芹沢春輝, 合田美桜",HoneyWorks,HoneyWorks,好きすぎてやばい。〜告白実行委員会キャラクターソング集〜,好きすぎてやばい。〜告白実行委員会キャラクターソング集〜,HoneyWorks,147,148,0,1,1,1,24,24,282907,2020-01-15 12:00:00,2021-11-23 16:28:26,2021-11-23 16:28:26,V.X,Japanese,Pop,Anime,Soundtrack.AnimeLike,1537339790,JPX401900093,Music125/v4/b5/81/0c/b5810ce8-de3d-e8c0-12ae-c00549afb26b/jacket_SMXX00494B00Z_550.jpg
1229,6028,6333,True,True,可愛くなりたい (feat. Hanon & Kotoha),可愛くなりたい (feat. Hanon & Kotoha),"415606364, 1423103338, 1467609331","HoneyWorks, Hanon, Kotoha",HoneyWorks,HoneyWorks,恋色同盟,恋色同盟,HoneyWorks,63,63,0,0,1,1,3,9,252970,2020-01-14 08:00:00,2021-11-24 05:05:24,2021-11-24 05:05:24,V.F,Japanese,Pop,Anime,,1494664744,TCJPK1924214,Music124/v4/82/fd/69/82fd697f-0940-1ede-6443-deefe24e74db/4562251594708_cover.jpg
1230,6030,6335,True,True,Call Me Sick,Call Me Sick,1540998005,鷲尾伶菜,Reina Washio,鷲尾伶菜,Call Me Sick / Konna Sekaini Shitanowa Dareda - Single,Just Wanna Sing,鷲尾伶菜,74,74,0,0,1,1,2,12,249128,2020-10-02 12:00:00,2021-11-25 15:57:25,2021-11-25 15:57:25,V.F,Japanese,Rock,J Pop,"Pop.Influenced, Soundtrack.Anime","1531754540, 1616854852",JPU902001159,Music112/v4/0b/ac/21/0bac212d-0daa-d27f-38b3-2e7bac11468b/4547366559545.jpg
1231,6032,6337,True,True,The Reason,The Reason,398935148,Chelsea Cutler,Chelsea Cutler,Chelsea Cutler,Sleeping with Roses,Sleeping with Roses,Chelsea Cutler,85,85,0,0,1,1,4,8,184667,2018-05-18 12:00:00,2021-11-25 17:27:25,2021-11-25 17:27:25,V.F,English,Pop,English Pop,Dance.Influenced,1771691701,TCADP1890907,Music221/v4/97/50/36/97503632-f722-a355-e05b-319c2815d7f6/0859727002121_Cover.jpg
1232,6034,6339,True,True,Legends Never Die (feat. Against the Current & Mako) [Alan Walker Remix],Legends Never Die (Alan Walker Remix),"545086911, 76061125, 1062085272","Against The Current, Mako, Alan Walker",League of Legends,Against The Current & Mako,Legends Never Die (feat. Against the Current & Mako) [Alan Walker Remix] - Single,Legends Never Die (Alan Walker Remix) - Single,"Against The Current, Mako, Alan Walker",54,55,0,1,1,1,1,1,167173,2017-11-02 12:00:00,2021-11-29 13:14:28,2021-11-29 13:14:28,V.F,English,Pop,English Dance,Dance.Influenced,1833079350,QMAF31500063,Music221/v4/69/5c/88/695c881c-ec9d-815e-e0ce-83a53e4d6a1b/00198704669897_Cover.jpg
1233,6046,6351,False,True,もう少しだけ,もう少しだけ,,,YOASOBI,YOASOBI,THE BOOK 2,THE BOOK 2,YOASOBI,38,39,0,1,1,1,4,8,218853,2021-05-10 07:00:00,2021-11-30 22:23:39,2021-11-30 22:23:39,,,,J Pop,,1593438802,JPP302100553,
1234,6036,6341,False,True,もしも命が描けたら,もしも命が描けたら,,,YOASOBI,YOASOBI,THE BOOK 2,THE BOOK 2,YOASOBI,39,39,0,0,1,1,7,8,201627,2021-12-01 12:00:00,2021-11-30 22:23:39,2021-11-30 22:23:39,,,,J Pop,,1593438809,JPP302101714,
1235,6042,6347,False,True,ツバメ (feat. ミドリーズ),ツバメ (feat. ミドリーズ),,,YOASOBI,YOASOBI,THE BOOK 2,THE BOOK 2,YOASOBI,38,39,0,1,1,1,1,8,216280,2021-10-25 07:00:00,2021-11-30 22:23:39,2021-11-30 22:23:39,,,,J Pop,,1593438481,JPP302101713,
1236,6040,6345,False,True,ラブレター,ラブレター,,,YOASOBI,YOASOBI,THE BOOK 2,THE BOOK 2,YOASOBI,32,32,0,0,1,1,8,8,210507,2021-08-09 07:00:00,2021-11-30 22:23:39,2021-11-30 22:23:39,,,,J Pop,,1593438815,JPP302100882,
1237,6048,6353,False,True,三原色,三原色,,,YOASOBI,YOASOBI,THE BOOK 2,THE BOOK 2,YOASOBI,39,39,0,0,1,1,2,8,220253,2021-07-02 07:00:00,2021-11-30 22:23:39,2021-11-30 22:23:39,,,,J Pop,,1593438789,JPP302100738,
1238,6044,6349,False,True,優しい彗星,優しい彗星,,,YOASOBI,YOASOBI,THE BOOK 2,THE BOOK 2,YOASOBI,38,40,0,2,1,1,5,8,213240,2021-01-20 08:00:00,2021-11-30 22:23:39,2021-11-30 22:23:39,,,,J Pop,,1593438803,JPP302000761,
1239,6038,6343,False,True,大正浪漫,大正浪漫,,,YOASOBI,YOASOBI,THE BOOK 2,THE BOOK 2,YOASOBI,38,39,0,1,1,1,3,8,166427,2021-09-15 07:00:00,2021-11-30 22:23:39,2021-11-30 22:23:39,,,,J Pop,,1593438799,JPP302100985,
1240,6050,6355,False,True,怪物,怪物,,,YOASOBI,YOASOBI,THE BOOK 2,THE BOOK 2,YOASOBI,45,45,0,0,1,1,6,8,205480,2021-01-06 08:00:00,2021-11-30 22:23:39,2021-11-30 22:23:39,,,,J Pop,,1593438807,JPP302000760,
1241,6052,6357,False,True,RGB (English Version),RGB (English Version),,,YOASOBI,YOASOBI,E-SIDE,E-SIDE,YOASOBI,38,38,0,0,1,1,5,8,219874,2021-07-16 12:00:00,2021-11-30 22:24:45,2021-11-30 22:24:45,,,,J Pop,,1590853457,JPP302100744,
1242,6054,6359,True,True,酔生夢死,酔生夢死,1444816933,culenasm,culenasm,culenasm,Touch the figure - EP,Touch the figure - EP,culenasm,135,135,0,0,1,1,5,6,186221,2021-03-24 12:00:00,2021-12-06 12:41:25,2021-12-06 12:41:25,V.F,Japanese,Rock,J Rock,,1587345576,JPP302100212,Music115/v4/62/57/2b/62572b4f-4958-9f75-73c9-72b8a7ec865b/196292500295.jpg
1243,6056,6361,True,True,Clear,Clear,"120287569, 1237729767","Miles Away, Exede",Miles Away & Exede,Miles Away & Exede,Miles Away - EP,Miles Away - EP,Miles Away,59,60,0,1,1,1,5,5,194877,2019-07-17 12:00:00,2021-12-12 02:45:05,2021-12-12 02:45:05,V.M,English,Dance,English Dance,Bass.FutureBass,1637947302,GBKPL1955156,Music122/v4/9c/53/9f/9c539f0b-352e-733d-b74e-a05afcda6aed/cover.jpg
1244,6058,6363,True,True,Ordinary days,Ordinary days,880638079,milet,milet,milet,visions,visions,milet,57,63,0,6,1,1,14,15,270787,2021-07-14 12:00:00,2021-12-12 03:06:04,2021-12-12 03:06:04,V.F,Japanese,Pop,J Pop,,1596199265,JPU902101637,Music116/v4/2a/ff/4f/2aff4f6b-a2ad-2d15-95a3-6be6c06d5131/4547366541953.jpg
1245,6060,6365,True,True,Runnin (feat. LUX),Runnin (feat. LUX),"1362542899, 1201326767, 1365938131","Kosling, CHRNS, LUX",Kosling & CHRNS,Kosling & CHRNS,Runnin (feat. LUX) - Single,Runnin (feat. LUX) - Single,"Kosling, CHRNS",50,50,0,0,1,1,1,1,219375,2018-12-13 12:00:00,2021-12-12 03:41:09,2021-12-12 03:41:09,V.F,English,Dance,English Dance,House.ProgressiveHouse,1663848708,USA2P1897120,Music123/v4/6c/5d/65/6c5d6508-4660-6af4-9c94-64adba377506/192641230400_.jpg
1246,6062,6367,True,True,Tell Me It's Okay,Tell Me It's Okay,1464955650,Fells,Fells,Fells,Tell Me It's Okay - Single,Tell Me It's Okay - Single,Fells,179,179,0,0,1,1,1,1,226957,2020-08-06 12:00:00,2021-12-12 05:02:15,2021-12-12 05:02:15,V.F,English,Pop,English Dance,Dance.Influenced,1525067755,GB2LD2010146,Music112/v4/30/ff/e3/30ffe3d5-2827-4042-e2ef-57a4327b7bbc/5055199551616.png
1247,6064,6369,True,True,Aitai,Aitai,1489581870,幾田莉拉,Lilas Ikuta,幾田莉拉,Aitai - Single,INSPIRE -加藤ミリヤTRIBUTE-,Various Artists,95,96,0,1,1,1,2,12,318160,2020-10-21 12:00:00,2021-12-12 05:10:00,2021-12-12 05:10:00,V.F,Japanese,Pop,J Pop,,"1535022612, 1535667017",JPU902002606,Music114/v4/9f/7c/36/9f7c36f8-cb44-1ee9-2431-8447c2c92c53/4547366479324.jpg
1248,6066,6371,True,True,Feelings,Feelings,"1038129919, 1569964930","Diviners, Azertion",Diviners & Azertion,Diviners & Azertion,Feelings - Single,Feelings - Single,"Diviners, Azertion",51,50,1,1,1,1,1,1,174419,2021-06-25 12:00:00,2021-12-13 22:29:12,2021-12-13 22:29:12,V.F,English,Dance,English Dance,House.ProgressiveHouse,"1569964931, 1869070165",GB2LD2110162,Music125/v4/1b/34/9d/1b349d91-9d08-817a-f2d0-a59ab2f7d0c8/cover.jpg
1249,6068,6373,True,True,Down (feat. The Ready Set),Down (feat. The Ready Set),"1151413609, 276040362","Streex, The Ready Set",Streex,Streex,Down (feat. The Ready Set) - Single,Down (feat. The Ready Set) - Single,Streex,54,54,0,0,1,1,1,1,218000,2017-12-08 12:00:00,2021-12-13 23:40:30,2021-12-13 23:40:30,V.M,English,Dance,English Dance,Bass.FutureBass,1316922788,NLZ541701332,Music124/v4/d4/60/9b/d4609ba1-301b-1447-5715-b9d98d0a40c6/190295701185.jpg
1250,6070,6375,True,True,Snowflake,Snowflake,1841816051,Nebulite,Scandinavianz,Nebulite,Snowflake - Single,Snowflake - Single,Nebulite,95,100,0,5,1,1,1,1,166667,2021-12-17 12:00:00,2021-12-17 14:25:36,2021-12-17 14:25:36,A,-,Dance,Downtempo,Trap,1766223799,SE6XY2190344,Music221/v4/43/a2/72/43a272d9-8bad-4bb8-ba4f-15d441e1ac60/eeb700b7-0b16-4b0f-bf10-e8c7b0aef570.jpg
1251,6072,6377,False,True,Sunrise In Your Eyes,Sunrise In Your Eyes,,,Scandinavianz,Scandinavianz,Sunrise In Your Eyes - Single,Sunrise In Your Eyes - Single,Scandinavianz,30,30,0,0,1,1,1,1,158446,2021-11-05 12:00:00,2021-12-18 01:02:46,2021-12-18 01:02:46,,,,Instrumental,,1591285355,QZNWU2175346,
1252,6074,6379,False,True,Won’t Let You Go,Won’t Let You Go,,,"Martin Garrix, Matisse & Sadko & JOHN MARTIN","Martin Garrix, Matisse & Sadko & John Martin",Won’t Let You Go - Single,Won’t Let You Go - Single,"Martin Garrix, Matisse & Sadko & John Martin",26,26,0,0,1,1,1,1,217262,2021-12-10 12:00:00,2021-12-18 01:22:55,2021-12-18 01:22:55,,,,English Dance,,1596283391,NLM5S2101507,
1253,6076,6381,True,True,Mikrokosmos,Mikrokosmos,883131348,BTS,BTS,防彈少年團,MAP OF THE SOUL : PERSONA,MAP OF THE SOUL : PERSONA - EP,BTS,23,23,0,0,1,1,3,7,224225,2019-04-12 12:00:00,2021-12-18 01:27:24,2021-12-18 01:27:24,V.M,Korean,Pop,K Pop,Rock.Influenced,1599172213,QM6MZ1917909,Music116/v4/40/d4/93/40d493e3-ac9e-1746-8d4c-f380f27c97cb/193483706238_Cover.jpg
1254,6078,6383,False,True,飛行少年 (feat. 謝和弦),飛行少年 (feat. 謝和弦),,,阿達,A Da,最中二代目,最中二代目,A Da,14,14,0,0,1,1,8,10,181062,2017-06-15 12:00:00,2021-12-18 02:49:54,2021-12-18 02:49:54,,,,Mando Hip-Hop/Rap,,1443075051,TWUM71700015,
1255,6080,6385,False,True,I Got You Baby (feat. 呂薔Amuyi & 秦宇子),I Got You Baby (feat. 呂薔Amuyi & 秦宇子),,,NIO,NIO,地平線,地平線,NIO,10,10,0,0,1,1,9,11,187566,2021-10-19 12:00:00,2021-12-18 03:28:18,2021-12-18 03:28:18,,,,Mando Pop,,1814210361,TWS172100027,
1256,6082,6387,True,True,息させて,息させて,953052200,Awesome City Club,Awesome City Club,Awesome City Club,息させて - Single,Get Set,Awesome City Club,39,40,0,1,1,1,7,10,175433,2021-12-15 12:00:00,2021-12-18 04:53:23,2021-12-18 04:53:23,V.X,Japanese,Pop,J Rock,,"1597690004, 1610971241",JPB602104306,Music116/v4/98/5b/46/985b4660-7dc1-8eb2-486e-c060b981d709/ANTCD-A0000006450.jpg
1257,6084,6389,False,True,Rendezvous,Rendezvous,,,吳卓源 & Taichi Mukai,向井太一 & 吳卓源,Rendezvous - Single,Rendezvous - Single,Julia Wu & Taichi Mukai,16,16,0,0,1,1,1,1,204637,2018-10-02 12:00:00,2021-12-18 04:59:25,2021-12-18 04:59:25,,,,Mando R&B/Soul,,1812703750,TWCC31802392,
1258,6086,6391,True,True,Butter,Butter,883131348,BTS,BTS,防彈少年團,Butter / Permission to Dance - EP,Butter / Permission to Dance - EP,BTS,30,30,0,0,1,1,1,4,164442,2021-05-21 07:00:00,2021-12-18 05:06:21,2021-12-18 05:06:21,V.M,English,Pop,K Pop,Dance.Influenced,1598666350,QM6MZ2156864,Music126/v4/66/28/6c/66286c9f-6bea-4f99-ec15-507b0c95dc04/196006991739_Cover.jpg
1259,6088,6393,False,True,High Without Your Love,High Without Your Love,,,Loote,Loote,single.,single.,Loote,40,40,0,0,1,1,6,7,191227,2017-06-09 12:00:00,2021-12-18 05:15:32,2021-12-18 05:15:32,,,,English Pop,,1396104933,USUM71703644,
1260,6090,6395,False,True,Borrow Your Time,Borrow Your Time,,,Fly By Midnight,Fly By Midnight,Silver Crane,Silver Crane,Fly By Midnight,37,39,0,2,1,1,1,12,209670,2021-09-03 12:00:00,2021-12-18 05:33:08,2021-12-18 05:33:08,,,,English Indie,,1593497760,QZK6F2159640,
1261,6092,6397,True,True,No Choice,No Choice,1046396707,Fly By Midnight,Fly By Midnight,Fly By Midnight,Silver Crane,Silver Crane,Fly By Midnight,91,103,0,12,1,1,3,12,231762,2021-04-16 12:00:00,2021-12-18 05:33:10,2021-12-18 05:33:10,V.M,English,Pop,English Indie,Rock.Influenced,1593497762,QZES62136017,Music126/v4/5b/13/c2/5b13c29a-8ad4-02bf-7067-5cfa82bf63e3/artwork.jpg
1262,6094,6399,False,True,Be Right There,Be Right There,,,Fly By Midnight,Fly By Midnight,Silver Crane,Silver Crane,Fly By Midnight,31,34,0,3,1,1,5,12,193529,2021-05-14 12:00:00,2021-12-18 05:33:13,2021-12-18 05:33:13,,,,English Indie,,1593497764,QZHN42143337,
1263,6096,6401,False,True,Tomorrow,Tomorrow,,,Fly By Midnight,Fly By Midnight,Silver Crane,Silver Crane,Fly By Midnight,35,37,0,2,1,1,6,12,185475,2021-06-11 12:00:00,2021-12-18 05:33:15,2021-12-18 05:33:15,,,,English Indie,,1593497765,QZHN82197435,
1264,6098,6403,False,True,When She's Dancing,When She's Dancing,,,Fly By Midnight,Fly By Midnight,Silver Crane,Silver Crane,Fly By Midnight,27,29,0,2,1,1,9,12,187636,2021-03-26 12:00:00,2021-12-18 05:33:50,2021-12-18 05:33:50,,,,English Indie,,1593498278,QZDA72154792,
1265,6100,6405,False,True,North,North,,,Fly By Midnight,Fly By Midnight,Silver Crane,Silver Crane,Fly By Midnight,36,37,0,1,1,1,12,12,214857,2021-11-19 12:00:00,2021-12-18 05:34:32,2021-12-18 05:34:32,,,,English Indie,,1593498281,QZNWX2119057,
1266,6102,6407,False,True,19,19,,,Lazy Weekends,Lazy Weekends,19 - Single,19 - Single,Lazy Weekends,34,34,0,0,1,1,1,1,181920,2019-06-21 12:00:00,2021-12-18 07:45:01,2021-12-18 07:45:01,,,,English Dance,,1467923479,DKADG1900294,
1267,6104,6409,True,True,カタオモイ,カタオモイ,569972619,Aimer,Aimer,Aimer,daydream,daydream,Aimer,42,46,0,4,1,1,7,13,207360,2016-09-21 12:00:00,2021-12-18 10:33:15,2021-12-18 10:33:15,V.F,Japanese,Pop,J Rock,,1538259004,JPU901602293,Music116/v4/46/4a/84/464a843d-14cc-e5e2-a9d6-763eb558e104/4547366270358.jpg
1268,6106,6411,False,True,我說寶貝 (feat. Lulu黃路梓茵),我說寶貝 (feat. Lulu黃路梓茵),,,阿達,A Da,最中二代目,最中二代目,A Da,12,12,0,0,1,1,3,10,209693,2017-06-09 12:00:00,2021-12-18 13:26:32,2021-12-18 13:26:32,,,,Mando Hip-Hop/Rap,,1443075042,TWUM71700010,
1269,6108,6413,True,True,You,You,1239878867,Miruku,Miruku,Miruku,You - Single,You - Single,Miruku,107,121,0,14,1,1,1,1,246400,2019-06-17 12:00:00,2021-12-20 11:52:22,2021-12-20 11:52:22,A,-,Dance,Dubstep,"Bass.FutureBass, Bass.KawaiiBass",1468857754,QZFYY1947146,Music124/v4/20/c1/c7/20c1c76a-12a0-bf39-a111-375020e1e34a/artwork.jpg
1270,6110,6415,True,True,Sneaker - スニーカー,Sneaker - スニーカー,1334924854,HoneyComeBear,HoneyComeBear,HoneyComeBear,Sneaker - スニーカー - Single,Sneaker - スニーカー - Single,HoneyComeBear,162,180,0,18,1,1,1,1,206822,2018-01-12 12:00:00,2021-12-21 06:37:04,2021-12-21 06:37:04,V.F,Japanese,Dance,J Dance,"Bass.FutureBass, Bass.KawaiiBass",1334924858,QM42K1835927,Music123/v4/16/9d/68/169d686c-06b3-17d3-358f-bf72cd2e646a/053000800552_cover.jpg
1271,6112,6417,True,True,Gensokyo,Gensokyo,1366383804,Aika,Aika,Aika,"Free Spirits, Vol. 5","Free Spirits, Vol. 5",Various Artists,70,79,0,9,1,1,8,9,213008,2017-07-07 12:00:00,2021-12-21 06:41:54,2021-12-21 06:41:54,A,-,Dance,Future Bass,Bass.MelodicBass,1323301821,FR59R1742331,Music118/v4/56/18/01/561801d7-6ccf-7d43-4375-39430cd9ca60/SPIR0013.jpg
1272,6114,6419,False,True,Indulgent,Indulgent,,,Sweet Dove,Sweet Dove,Dionysian Imitatio: Kawaii,Dionysian Imitatio: Kawaii,Sweet Dove,38,38,0,0,1,1,5,19,205000,2019-05-25 12:00:00,2021-12-21 06:51:12,2021-12-21 06:51:12,,,,Future Bass,,1465401933,QZFYW1943198,
1273,6116,6421,True,True,Starscream,Starscream,"1366383804, 1033204051","Aika, Kotori",Aika & Kotori,Aika & Kotori,Starscream - Single,Starscream - Single,"Aika, Kotori",121,155,0,34,1,1,1,1,247200,2018-05-12 12:00:00,2021-12-21 06:57:43,2021-12-21 06:57:43,A,-,Dance,Dubstep,"Dubstep.Brostep, Bass.FutureBass",1473878675,QM24S1811556,Music123/v4/57/e3/bb/57e3bb3b-ee16-4db7-b359-a71e61ea5177/fc685a34-e3f7-402c-8bf7-bc90ce50492d.jpg
1274,6118,6423,False,True,Flutter,Flutter,,,Synthion,Synthion,Flutter - Single,Flutter - Single,Synthion,35,35,0,0,1,1,1,1,248417,2018-04-05 12:00:00,2021-12-21 07:02:54,2021-12-21 07:02:54,,,,Future Bass,,1422221883,QM4DW1859988,
1275,6120,6425,True,True,Atomsphere,Atomsphere,1191391882,iMeiden,iMeiden,iMeiden,"iMeiden, Vol. 1","iMeiden, Vol. 1",iMeiden,73,77,0,4,1,1,5,9,247500,2018-04-13 12:00:00,2021-12-21 07:16:52,2021-12-21 07:16:52,A,-,Dance,Future Bass,House.ProgressiveHouse,1371460944,TCJPG1887477,Music128/v4/92/f2/26/92f22608-2d23-f9d5-27f1-64daf358594c/859754031781_cover.png
1276,6122,6427,False,True,My Heart Aches,My Heart Aches,,,Sweet Dove,Sweet Dove,Ode to a Nightingale,Ode to a Nightingale,Sweet Dove,40,40,0,0,1,1,1,8,317001,2020-06-04 12:00:00,2021-12-21 10:35:33,2021-12-21 10:35:33,,,,Instrumental,,1516214094,QZHN52030468,
1277,6124,6429,True,True,Dear,Dear,1334924854,HoneyComeBear,HoneyComeBear,HoneyComeBear,Dear - Single,Dear - Single,HoneyComeBear,226,245,0,19,1,1,1,1,251757,2018-01-19 12:00:00,2021-12-21 22:49:25,2021-12-21 22:49:25,V.F,Japanese,Dance,J Dance,"Bass.FutureBass, Bass.KawaiiBass",1337344785,QM42K1848929,Music123/v4/78/3a/55/783a55c3-073b-bf44-37c8-d5a5915dec1b/053000168935_cover.jpg
1278,6126,6431,True,True,Calling,Calling,1334924854,HoneyComeBear,HoneyComeBear,HoneyComeBear,Holic - Single,Holic - Single,HoneyComeBear,201,219,0,18,1,1,2,3,231000,2019-05-01 12:00:00,2021-12-21 23:30:50,2021-12-21 23:30:50,V.F,Japanese,Dance,J Dance,"Bass.FutureBass, Bass.KawaiiBass",1459682454,QM42K1980603,Music114/v4/d4/91/3d/d4913d23-0ad9-f5a9-2468-79cc7836df6e/053000249740_cover.jpg
1279,6128,6433,False,True,Holiday,Holiday,,,Roa,Roa,Holiday - Single,Holiday - Single,Roa,26,26,0,0,1,1,1,1,213826,2021-11-17 12:00:00,2021-12-24 13:23:59,2021-12-24 13:23:59,,,,House,,1596988393,GX5MX2185634,
1280,6130,6435,False,True,Shine,Shine,,,LiQWYD,LiQWYD,Shine - Single,Shine - Single,LiQWYD,26,28,0,2,1,1,1,1,148364,2021-11-12 12:00:00,2021-12-24 13:27:00,2021-12-24 13:27:00,,,,House,,1591564597,QZNWV2105050,
1281,6132,6437,True,True,Cosmos,Cosmos,1450218337,PIKASONIC,PIKASONIC,PIKASONIC,Memory,Memory,PIKASONIC,133,148,0,15,1,1,7,19,253412,2019-02-20 12:00:00,2021-12-24 22:59:23,2021-12-24 22:59:23,A,-,Dance,Future Bass,"Bass.FutureBass, Bass.KawaiiBass",1792212848,QM8DG1835918,Music221/v4/fc/a2/16/fca21686-71c6-5e90-8f3d-b48a9fe3fc1b/5063654404018_cover.jpg
1282,6134,6439,True,True,Take a Step Forward,Take a Step Forward,1407376509,Couple N,Couple N,Couple N,Take a Step Forward - Single,Take a Step Forward - Single,Couple N,139,157,0,18,1,1,1,1,237818,2018-07-04 12:00:00,2021-12-24 23:07:26,2021-12-24 23:07:26,A,-,Dance,Future Bass,"Bass.FutureBass, Bass.KawaiiBass",1408315404,QZDA61807041,Music115/v4/55/54/c1/5554c105-bd36-061b-ae8b-84fba1d9dba1/artwork.jpg
1283,6136,6441,True,True,New Start!,New Start!,1450218337,PIKASONIC,PIKASONIC,PIKASONIC,Memory,Memory,PIKASONIC,136,152,0,16,1,1,10,19,252000,2019-02-20 12:00:00,2021-12-24 23:16:16,2021-12-24 23:16:16,A,-,Dance,Future Bass,"Bass.FutureBass, Bass.KawaiiBass",1792213087,QM8DG1835920,Music221/v4/fc/a2/16/fca21686-71c6-5e90-8f3d-b48a9fe3fc1b/5063654404018_cover.jpg
1284,6138,6443,True,True,Chrono (feat. Yirokos),Chrono (feat. Yirokos),"1462844482, 1392939586","Kirara Magic, Yirokos",Kirara Magic,Kirara Magic,Chrono (feat. Yirokos) - Single,Chrono (feat. Yirokos) - Single,Kirara Magic,73,76,0,3,1,1,1,1,243910,2019-01-31 12:00:00,2021-12-24 23:28:46,2021-12-24 23:28:46,A,-,Dance,Future Bass,Bass.MelodicBass,1452028134,QZDA51970799,Music115/v4/67/67/7c/67677c3a-2d0a-38db-5e29-6a45d0c3f9fa/artwork.jpg
1285,6140,6445,True,True,Contrail,Contrail,1191391882,iMeiden,iMeiden,iMeiden,"iMeiden, Vol. 1","iMeiden, Vol. 1",iMeiden,63,64,0,1,1,1,6,9,266323,2018-04-13 12:00:00,2021-12-24 23:37:10,2021-12-24 23:37:10,A,-,Dance,Future Bass,"Bass.FutureBass, Bass.KawaiiBass",1371460945,TCJPG1887480,Music128/v4/92/f2/26/92f22608-2d23-f9d5-27f1-64daf358594c/859754031781_cover.png
1286,6142,6447,True,True,Lightship,Lightship,875711236,colate,colate,colate,Lightship - Single,Lightship - Single,colate,93,103,0,10,1,1,1,1,330000,2015-01-01 12:00:00,2021-12-24 23:52:55,2021-12-24 23:52:55,A,-,Dance,Future Bass,House.Complextro,1543485602,TCACC1473700,Music114/v4/7f/b7/6c/7fb76c7d-26ab-a123-b35d-0414a102f624/00859713911543_Cover.jpg
1287,6144,6449,True,True,Lunarscape,Lunarscape,1437352230,tokiwa,tokiwa,tokiwa,epoqc2025,epoqc2025,Various Artists,77,79,0,2,1,1,5,14,236154,2019-10-27 12:00:00,2021-12-25 00:00:16,2021-12-25 00:00:16,V.F,English,Dance,English Dance,DrumNBass,1487767064,TCJPJ1989953,Music113/v4/7c/42/aa/7c42aa80-16f7-6c07-0854-0d26fc85c469/859755237045_cover.jpg
1288,6146,6451,True,True,Destination,Destination,1191391882,iMeiden,iMeiden,iMeiden,iMeiden Volume 2,iMeiden Volume 2,iMeiden,91,101,0,10,1,1,2,9,279529,2018-04-12 12:00:00,2021-12-25 01:46:59,2021-12-25 01:46:59,A,-,Dance,Future Bass,"Bass.FutureBass, Bass.KawaiiBass",1371365215,TCJPG1886669,Music125/v4/99/77/63/9977630e-6dd7-1a3b-6b0a-96b1f7600b08/859754029818_cover.png
1289,6148,6453,True,True,Friend,Friend,1334924854,HoneyComeBear,HoneyComeBear,HoneyComeBear,Friend - Single,Friend - Single,HoneyComeBear,137,138,0,1,1,1,1,1,282000,2018-12-29 12:00:00,2021-12-25 11:31:29,2021-12-25 11:31:29,V.F,Japanese,Pop,J Dance,Dance.Influenced,1447891226,QM42K1837063,Music113/v4/cf/f6/84/cff68405-1bad-44c6-823d-039540403e91/053000096719_cover.jpg
1290,6150,6455,True,True,十夏の花,十夏の花,1334924854,HoneyComeBear,HoneyComeBear,HoneyComeBear,HappyEND,HappyEND,HoneyComeBear,243,259,0,16,1,1,10,10,264487,2021-08-11 12:00:00,2021-12-25 11:41:17,2021-12-25 11:41:17,V.F,Japanese,Dance,J Dance,"Bass.FutureBass, Pop.Influenced",1578632950,TCJPP2131284,Music125/v4/38/58/a6/3858a6be-19c1-bbde-174b-3ffb4f47cbc0/859757140091_cover.jpg
1291,6152,6457,False,True,Tell Me,Tell Me,,,N3X,N3X,D R E A M S - EP,D R E A M S - EP,N3X,11,11,0,0,1,1,1,6,177667,2021-03-05 12:00:00,2021-12-26 05:40:37,2021-12-26 05:40:37,,,,English Dance,,1766061184,SE5752176582,
1292,6154,6459,False,True,Dna,Dna,,,TEN TIMES,TEN TIMES,Dna - Single,Dna - Single,TEN TIMES,26,27,0,1,1,1,1,1,123968,2019-10-25 12:00:00,2021-12-28 04:39:30,2021-12-28 04:39:30,,,,English Dance,,1482648714,SE3AA1900015,
1293,6156,6461,True,True,Departure,Departure,"1407376509, 1462844482","Couple N, Kirara Magic",Couple N & Kirara Magic,Couple N & Kirara Magic,Departure - Single,Departure - Single,"Couple N, Kirara Magic",124,143,0,19,1,1,1,1,240952,2020-01-03 12:00:00,2021-12-29 22:36:28,2021-12-29 22:36:28,A,-,Dance,House,House.ProgressiveHouse,1599283416,QM42K1947814,Music126/v4/91/22/94/912294a4-84ce-b2cb-f31e-eadadafb62f5/artwork.jpg
1294,6158,6463,True,True,Starry Night,Starry Night,1407376509,Couple N,Couple N,Couple N,Starry Night - Single,Starry Night - Single,Couple N,162,180,0,18,1,1,1,2,168774,2018-12-23 12:00:00,2021-12-29 22:42:52,2021-12-29 22:42:52,A,-,Dance,Future Bass,"Bass.FutureBass, Bass.KawaiiBass",1447541274,QM8DG1874581,Music115/v4/a5/66/00/a56600a1-c586-52b1-4cae-2fdb0c46beed/artwork.jpg
1295,6160,6465,False,True,3:00 A.M. (feat. Kamata Junko),3:00 A.M. (feat. Kamata Junko),,,Aioi,Aioi,Nemurenu Yoruwa Jasmine Tea Wo - Single,Nemurenu Yoruwa Jasmine Tea Wo - Single,Aioi,37,38,0,1,1,1,2,2,177779,2021-05-15 12:00:00,2021-12-31 01:59:44,2021-12-31 01:59:44,,,,Soundtrack,,1570767716,USHM22159939,
1296,6162,6467,False,True,99 Glooms,99 Glooms,,,Sta,Sta,Worlds,Worlds,Sta,43,44,0,1,1,1,8,14,161938,2019-05-06 12:00:00,2021-12-31 02:30:59,2021-12-31 02:30:59,,,,Soundtrack,,1492553540,TCJPK1919044,
1297,6164,6469,True,True,"Make U Mine (From ""Cytus II"") (feat. Jenny)","Make U Mine (From ""Cytus II"") (feat. Jenny)","677816776, 1018515367","James Landino, Jenny",James Landino,James Landino,"Make U Mine (From ""Cytus II"") (feat. Jenny) - Single","Make U Mine (From ""Cytus II"") (feat. Jenny) - Single",James Landino,93,94,0,1,1,1,1,1,153866,2018-10-03 12:00:00,2021-12-31 05:35:00,2021-12-31 05:35:00,V.F,English,Pop,Soundtrack,"Dance.Influenced, Soundtrack.VideoGame.Cytus",1596360023,QZ22B2006759,Music116/v4/22/85/5a/22855afb-ab89-487a-41d4-0ff45ee33043/1827849876981_cover.jpg
1298,6186,6491,False,True,We Are (feat. Sex Whales),We Are (feat. Sex Whales),,,Jo Cohen,Jo Cohen,NCS: The Best of 2016,NCS: The Best of 2016,,36,36,0,0,1,1,13,16,236982,2016-01-01 00:00:00,2021-12-31 08:13:44,2021-12-31 06:21:09,,,,English Dance,,,,
1299,6178,6483,True,True,Hyperbola,Hyperbola,1289579705,SIHanatsuka,SIHanatsuka,SIHanatsuka,Hyperbola - Single,Hyperbola - Single,SIHanatsuka,195,221,0,26,1,1,1,1,240143,2020-01-01 00:00:00,2021-12-31 08:13:25,2021-12-31 06:31:11,A,-,Dance,Soundtrack,"Dubstep.MelodicDubstep, Soundtrack.VideoGame.Cytus",,,
1300,6172,6477,True,True,Chaos and Abyss -3rd Movement-,Chaos and Abyss -3rd Movement-,898162387,Ayatsugu_Revolved,Ayatsugu_Revolved,Ayatsugu_Revolved,Cytus II Original Soundtracks - Vanessa,Cytus II-Vanessa (Original Soundtracks),Various Artists,32,33,0,1,1,1,6,17,152163,2020-01-01 00:00:00,2021-12-31 08:13:25,2021-12-31 06:39:24,A,-,Instrumental,Soundtrack,Soundtrack.VideoGame.Cytus,1839032828,,Music221/v4/91/c6/18/91c61869-d703-eea3-c94a-4b46657707f7/859715449259_cover.jpg
1301,6168,6473,True,True,Used to be,Used to be,1108534791,KIVΛ,Cytus,Cytus,Cytus II Original Soundtracks - Vanessa,Cytus II-Vanessa (Original Soundtracks),Various Artists,76,85,0,9,1,1,13,17,192261,2022-02-13 00:00:00,2021-12-31 08:13:25,2021-12-31 06:44:36,V.F,English,Dance,Soundtrack,"Dubstep.MelodicDubstep, Soundtrack.VideoGame.Cytus","1608067466, 1839033052",TCAFZ2123142,Music221/v4/91/c6/18/91c61869-d703-eea3-c94a-4b46657707f7/859715449259_cover.jpg
1302,6180,6485,True,True,Sunday Night Blues,Sunday Night Blues,1693568915,TERU FOX,Teru Fox,TERU FOX,Sunday Night Blues - Single,Sunday Night Blues - Single,TERU FOX,71,72,0,1,1,1,1,1,151614,2018-01-01 00:00:00,2021-12-31 08:13:25,2021-12-31 07:25:24,A,-,Dance,Soundtrack,"Dubstep.Chillstep, Soundtrack.VideoGame.Cytus",,,
1303,6174,6479,False,True,Deus Ex Machina,Deus Ex Machina,,,Powerless,Powerless,Deus Ex Machina - Single,Deus Ex Machina - Single,,33,34,0,1,1,1,1,1,138161,2018-01-01 00:00:00,2021-12-31 08:13:25,2021-12-31 07:26:24,,,,Soundtrack,,,,
1304,6166,6471,True,True,THE BEGINNING,THE BEGINNING,1608067465,Cytus,Cytus,Cytus,THE BEGINNING - Single,THE BEGINNING - Single,Cytus,124,143,0,19,1,1,1,1,138187,2021-01-01 00:00:00,2021-12-31 08:13:25,2021-12-31 07:28:38,A,-,Dance,Soundtrack,Dubstep.MelodicDubstep,,,
1305,6170,6475,True,True,No One Can't Stop Me (feat. MK),No One Can't Stop Me (feat. MK),"525935895, 466184359","淺場佳苗, MK",Kanae Asaba,淺場佳苗,No One Can't Stop Me - Single,No One Can't Stop Me - Single,"淺場佳苗, MK",75,80,0,5,1,1,1,1,159425,2018-01-01 00:00:00,2021-12-31 08:13:25,2021-12-31 07:29:05,V.F,Japanese,Dance,Soundtrack,"House.ProgressiveHouse, Soundtrack.VideoGame.Cytus",,,
1306,6184,6489,True,True,Installation,Installation,1560728373,VILA,VILA,VILA,Installation - Single,Installation - Single,VILA,45,46,0,1,1,1,1,1,161280,2021-01-01 00:00:00,2021-12-31 08:13:25,2021-12-31 07:49:26,A,-,Instrumental,Soundtrack,Soundtrack.VideoGame.Cytus,,,
1307,6176,6481,True,True,Tokiwatari,Tokiwatari,518414558,Yamajet,Yamajet,Yamajet,Tokiwatari - Single,Cytus II-Ivy (Original Soundtracks),Various Artists,50,51,0,1,1,1,4,11,166478,2018-01-01 00:00:00,2021-12-31 08:13:25,2021-12-31 07:53:35,A,-,Dance,Soundtrack,"DrumNBass, Soundtrack.VideoGame.Cytus",1840421110,,Music221/v4/7d/29/c9/7d29c92b-17fa-65f8-06d0-4747f8495a5e/859717719220_cover.jpg
1308,6182,6487,True,True,Red Storm Sentiment (feat. kalon),Red Storm Sentiment (feat. kalon),"458554191, 1398476510","Tsukasa, kalon",Tsukasa,Tsukasa,Red Storm Sentiment - Single,Red Storm Sentiment - Single,Tsukasa,138,140,0,2,1,1,1,1,200751,2018-01-01 00:00:00,2021-12-31 08:13:25,2021-12-31 08:07:53,V.F,Japanese,Pop,Soundtrack,"Soundtrack.VideoGame.Deemo, Soundtrack.VideoGame.Cytus",,,
1309,6188,6493,False,True,R.I.P.,R.I.P.,,,韋禮安,韋禮安,I'M MORE SOBER WHEN I'M DRUNK,I'M MORE SOBER WHEN I'M DRUNK,WeiBird,39,39,0,0,1,1,6,9,184070,2021-12-24 12:00:00,2022-01-03 10:24:46,2022-01-03 10:24:46,,,,Mando Pop,,1597938355,TWFG72101106,
1310,6190,6495,False,True,The Very First Night (Taylor's Version) (From The Vault),The Very First Night (Taylor's Version) (From The Vault),,,Taylor Swift,Taylor Swift,Red (Taylor's Version) [Video Deluxe],Red (Taylor's Version) [Video Deluxe],Taylor Swift,34,34,0,0,1,1,29,30,200281,2021-11-12 12:00:00,2022-01-03 11:20:49,2022-01-03 11:20:49,,,,English Pop,,1595423409,USUG12103689,
1311,6192,6497,True,True,Ash,Ash,1462844482,Kirara Magic,Kirara Magic,Kirara Magic,Ash - Single,Ash - Single,Kirara Magic,91,102,0,11,1,1,1,1,196018,2022-01-01 12:00:00,2022-01-03 11:27:44,2022-01-03 11:27:44,A,-,Dance,Future Bass,Bass.FutureBass,1602431400,QZTAU2133223,Music126/v4/9d/9e/e8/9d9ee8c3-a1d3-0181-de00-b9220d1e4d54/artwork.jpg
1312,6194,6499,True,True,Clockwise,Clockwise,1334924854,HoneyComeBear,HoneyComeBear,HoneyComeBear,Clockwise - Single,Clockwise - Single,HoneyComeBear,136,149,0,13,1,1,1,1,247800,2018-04-28 12:00:00,2022-01-04 04:10:55,2022-01-04 04:10:55,V.F,Japanese,Dance,J Dance,House.ProgressiveHouse,1457728335,QM42K1821797,Music113/v4/d5/b3/b4/d5b3b4df-e21f-be82-f744-5aa84f460d0e/053000970279_cover.jpg
1313,6196,6501,True,True,Defy,Defy,1334924854,HoneyComeBear,HoneyComeBear,HoneyComeBear,Defy - Single,Defy - Single,HoneyComeBear,162,180,0,18,1,1,1,1,213000,2018-04-28 12:00:00,2022-01-04 04:39:20,2022-01-04 04:39:20,V.F,Japanese,Dance,J Dance,"Bass.FutureBass, Bass.KawaiiBass",1456679010,QM42K1853214,Music123/v4/6f/1d/93/6f1d9302-3957-9134-92f5-423c2a4cede2/053000737124_cover.jpg
1314,6198,6503,True,True,Euphoria (feat. Tsugumi Nagahara),Euphoria (feat. 長原つぐみ),"1450218337, 1562475140, 1529217834","PIKASONIC, Tatsunoshin, 長原つぐみ",PIKASONIC & Tatsunoshin,PIKASONIC & Tatsunoshin,Euphoria (feat. Tsugumi Nagahara) - Single,Euphoria (feat. 長原つぐみ) - Single,"PIKASONIC, Tatsunoshin",169,198,0,29,1,1,1,1,208457,2021-12-31 12:00:00,2022-01-05 06:10:05,2022-01-05 06:10:05,V.F,Japanese,Dance,J Dance,"Bass.FutureBass, Bass.KawaiiBass, Hard.Hardcore",1597879226,TCJPQ2146506,Music116/v4/b9/fe/9d/b9fe9d7d-bacf-83d5-ee6f-ce276f3e283c/859757609024_cover.jpg
1315,6200,6505,True,True,Lockdown (feat. NEONA),Lockdown (feat. Neona),"1450218337, 1562475140, 1567357849","PIKASONIC, Tatsunoshin, Neona",PIKASONIC & Tatsunoshin,PIKASONIC & Tatsunoshin,Lockdown (feat. NEONA) - Single,Lockdown (feat. NEONA) - Single,"PIKASONIC, Tatsunoshin",167,198,0,31,1,1,1,1,209859,2021-05-25 12:00:00,2022-01-05 06:39:28,2022-01-05 06:39:28,V.F,Japanese,Dance,J Dance,"Bass.FutureBass, Bass.KawaiiBass, Hard.Hardcore",1567383515,TCJPO2171773,Music125/v4/64/88/50/64885058-ec7e-4804-a9b8-4afdc20a225d/859756914846_cover.jpg
1316,6202,6507,True,True,Eternity,Eternity,1450218337,PIKASONIC,PIKASONIC,PIKASONIC,Memory,Memory,PIKASONIC,135,152,0,17,1,1,18,19,268250,2019-02-20 12:00:00,2022-01-05 06:57:26,2022-01-05 06:57:26,A,-,Dance,Future Bass,"Bass.FutureBass, Bass.KawaiiBass",1792213378,QM8DG1835926,Music221/v4/fc/a2/16/fca21686-71c6-5e90-8f3d-b48a9fe3fc1b/5063654404018_cover.jpg
1317,6204,6509,True,True,Starlight (feat. RaKey),Starlight (feat. RaKey),"1450218337, 1464090081","PIKASONIC, RaKey",PIKASONIC,PIKASONIC,Starlight (feat. RaKey) - Single,Starlight (feat. RaKey) - Single,PIKASONIC,173,176,0,3,1,1,1,1,238125,2019-05-19 12:00:00,2022-01-05 07:03:21,2022-01-05 07:03:21,V.F,English,Dance,English Dance,House.ProgressiveHouse,1464131364,TCJPJ1905164,Music123/v4/66/6b/02/666b023e-3a3d-7a4d-990a-b9451f30e4ef/859754889528_cover.png
1318,6206,6511,True,True,金曜日のおはよう -another story- (feat. 成海聖奈 (CV:雨宮天)),金曜日のおはよう -another story- (feat. 成海聖奈 (CV:雨宮天)),"415606364, 893520465","HoneyWorks, 成海聖奈",HoneyWorks,HoneyWorks,僕じゃダメですか? 〜「告白実行委員会」キャラクターソング集 〜,僕じゃダメですか? 〜「告白実行委員会」キャラクターソング集 〜,HoneyWorks,86,86,0,0,1,1,17,18,239733,2014-11-26 12:00:00,2022-01-05 07:32:43,2022-01-05 07:32:43,V.F,Japanese,Rock,Anime,Soundtrack.AnimeLike,1538273142,JPX401400121,Music122/v4/98/eb/0a/98eb0a45-f8c8-2afa-ba43-1ed6a3dd8ebf/4580163593749.jpg
1319,6208,6513,True,True,Light,Light,630923298,San Holo,San Holo,San Holo,Light - Single,Light - Single,San Holo,48,48,0,0,1,1,1,1,239853,2016-11-22 12:00:00,2022-01-06 14:09:14,2022-01-06 14:09:14,V.F,English,Dance,English Dance,Bass.FutureBass,1202254004,NLRD51630379,Music125/v4/da/42/3a/da423a5e-c482-c88b-d27b-0d2d41e3afc2/886446359960.jpg
1320,6210,6515,False,True,Mr. Brightside,Mr. Brightside,,,The Killers,The Killers,Hot Fuss,Hot Fuss,The Killers,44,45,0,1,1,1,2,12,222973,2003-09-29 07:00:00,2022-01-06 14:12:31,2022-01-06 14:12:31,,,,English Rock,,1526194192,USIR20400274,
1321,6212,6517,False,True,Congratulations,Congratulations,,,DAY6,DAY6,The Day - EP,The Day - EP,DAY6,42,42,0,0,1,1,3,6,229293,2015-09-07 12:00:00,2022-01-06 14:26:22,2022-01-06 14:26:22,,,,K Pop,,1689197737,US5TA1500073,
1322,6214,6519,False,True,Fraction,Fraction,,,Alius & Rasmus Hagen,Alius & Rasmus Hagen,Love & Hurt (Deluxe Edition),Love & Hurt (Deluxe Edition),Rasmus Hagen,29,29,0,0,1,1,4,18,195227,2017-12-29 12:00:00,2022-01-08 07:35:07,2022-01-08 07:35:07,,,,English Pop,,1782835465,SE5SK1701801,
1323,6216,6521,True,True,Wasted Years,Wasted Years,"1488142376, 266429010","Brainheart, Brett Miller",Brainheart & Brett Miller,Brainheart & Brett Miller,Wasted Years - Single,Wasted Years - Single,"Brainheart, Brett Miller",58,59,0,1,1,1,1,2,216857,2021-06-25 12:00:00,2022-01-08 07:55:27,2022-01-08 07:55:27,V.M,English,Dance,English Dance,Bass.FutureBass,1667177472,QZHNB2102061,Music113/v4/7d/8a/46/7d8a4669-c158-2cc9-76d8-804f520a56cd/artwork.jpg
1324,6218,6523,True,True,Walking Dead,Walking Dead,1151413609,Streex,Streex,Streex,Walking Dead - Single,Walking Dead - Single,Streex,79,81,0,2,1,1,1,1,185882,2017-11-20 12:00:00,2022-01-08 09:25:46,2022-01-08 09:25:46,V.M,English,Dance,English Dance,Trap,1308626249,TCADI1771315,Music118/v4/7a/1e/8c/7a1e8c2b-80d5-7e00-4a5e-28c79cf23b6d/859723914077_cover.jpg
1325,6220,6525,False,True,Outro (Encore une soirée...),Outro (Encore une soirée...),,,Soprano,Soprano,Phoenix,Phoenix,Soprano,33,33,0,0,1,1,16,17,210280,2018-09-06 12:00:00,2022-01-19 05:43:38,2022-01-19 05:43:38,,,,French Hip-Hop/Rap,,1482833288,FRZ041800873,
1326,6222,6527,False,True,"如果可以 (電影""月老""主題曲)","如果可以 (電影""月老""主題曲)",,,韋禮安,韋禮安,"如果可以 (電影""月老""主題曲) - Single","如果可以 (電影""月老""主題曲) - Single",WeiBird,31,31,0,0,1,1,1,1,274400,2021-11-05 12:00:00,2022-01-20 00:32:35,2022-01-20 00:32:35,,,,Mando Pop,,1592498330,TWA472116001,
1327,6224,6529,True,True,Bubble Tea (feat. Juu & Cinders),Bubble Tea (feat. Juu & Cinders),"987965276, 1472924599, 1406479507","dark cat, Juu, Cinders",dark cat,dark cat,Bubble Tea (feat. Juu & Cinders) - Single,Bubble Tea (feat. Juu & Cinders) - Single,dark cat,84,87,0,3,1,1,1,1,243377,2016-10-18 12:00:00,2022-01-29 01:09:19,2022-01-29 01:09:19,V.F,English,Dance,English Dance,"Bass.FutureBass, Bass.KawaiiBass, Soundtrack.VideoGame.Deemo","1648300629, 1846247301",UST8K1675758,Music112/v4/22/41/4d/22414dc1-ea4d-bfc1-1e7b-69e22b8de4a5/40573.jpg
1328,6226,6531,False,True,新年快樂,新年快樂,,,任然,Renran,新年快樂 - Single,新年快樂 - Single,Renran,42,42,0,0,1,1,1,1,225904,2017-01-17 12:00:00,2022-01-30 08:19:10,2022-01-30 08:19:10,,,,Mando Pop,,1763002615,FR2X41705074,
1329,6228,6533,True,True,Don’t Wake Me Up,Don’t Wake Me Up,"405728790, 1161814111","Jonas Blue, Why Don't We",Jonas Blue & Why Don't We,Jonas Blue & Why Don't We,Don’t Wake Me Up - Single,Don’t Wake Me Up - Single,"Jonas Blue, Why Don't We",69,73,0,4,1,1,1,1,188894,2022-01-07 12:00:00,2022-01-31 07:53:58,2022-01-31 07:53:58,V.M,English,Dance,English Dance,House.ProgressiveHouse,1599526533,GBUM72107793,Music126/v4/5f/ff/8f/5fff8f70-9789-41a2-e5e2-db391b0cfa11/21UM1IM44646.rgb.jpg
1330,6230,6535,False,True,"Beautiful, Pt. 3 (From ""B-Side"")","Beautiful, Pt. 3 (From ""B-Side"")",,,Wanna One,Wanna One,"Beautiful, Pt. 3 (From ""B-Side"") - Single","Beautiful, Pt. 3 (From ""B-Side"") - Single",Wanna One,38,38,0,0,1,1,1,1,234533,2022-01-27 12:00:00,2022-01-31 08:40:17,2022-01-31 08:40:17,,,,K Pop,,1607047968,KRA492200058,
1331,6232,6537,True,True,Infinity,Infinity,1450218337,PIKASONIC,PIKASONIC,PIKASONIC,Infinity - Single,Infinity - Single,PIKASONIC,268,290,0,22,1,1,1,1,182400,2022-01-21 12:00:00,2022-01-31 08:53:21,2022-01-31 08:53:21,A,-,Dance,Future Bass,Hard.HappyCore,1605561389,TCJPQ2289862,Music116/v4/be/d3/a8/bed3a8ac-b8b4-ee80-9702-a474c35bb021/859757815418_cover.jpg
1332,6234,6539,True,True,Someone to You,Someone to You,711037505,Great Good Fine Ok,Great Good Fine Ok,Great Good Fine Ok,Someone to You - Single,Someone to You - Single,Great Good Fine Ok,52,52,0,0,1,1,1,1,200111,2022-01-21 12:00:00,2022-01-31 09:02:19,2022-01-31 09:02:19,V.M,English,Rock,English Rock,,1603198242,QMEZE1946339,Music126/v4/c7/49/e7/c749e7fe-d07a-bfe4-b753-4e9474ff7497/5059033589650.png
1333,6236,6541,True,True,Start Up,Start Up,"1539263886, 1230692924, 1620493563","Jonathan & Friends, Loote, emma løv","Jonathan & Friends, Loote & emma løv","Jonathan & Friends, Loote & emma løv",Start Up - Single,Start Up - Single,"Jonathan & Friends, Loote, emma løv",64,65,0,1,1,1,1,1,178859,2022-01-13 12:00:00,2022-01-31 09:17:03,2022-01-31 09:17:03,V.F,English,Pop,English Indie,Dance.Influenced,1601696336,QZTAT2150927,Music116/v4/9c/8d/ad/9c8dad4f-1626-925d-9e32-9a20c48a43bb/artwork.jpg
1334,6238,6543,True,True,Therapy,Therapy,"1416516847, 1192369008","Boy In Space, NOTD",Boy In Space & NOTD,Boy In Space & NOTD,Therapy - Single,Therapy - Single,"Boy In Space, NOTD",92,91,1,1,1,1,1,1,168048,2020-10-08 12:00:00,2022-02-01 13:32:45,2022-02-01 13:32:45,V.F,English,Pop,English Dance,Dance.Influenced,1531161135,SE4RG2091901,Music114/v4/18/63/f4/1863f4b3-1052-fec3-1489-81b351ec852c/5056167127635_1.jpg
1335,6240,6545,True,True,The Flare,The Flare,1191391882,iMeiden,iMeiden,iMeiden,iMeiden Volume 2,iMeiden Volume 2,iMeiden,107,120,0,13,1,1,6,9,246000,2018-04-12 12:00:00,2022-02-01 14:43:09,2022-02-01 14:43:09,A,-,Dance,Future Bass,"Bass.FutureBass, Bass.KawaiiBass",1371365224,TCJPG1886676,Music125/v4/99/77/63/9977630e-6dd7-1a3b-6b0a-96b1f7600b08/859754029818_cover.png
1336,6242,6547,True,True,Another Day,Another Day,"489858182, 1526389255, 1126052736","Dabin, Outwild, Nevve","Dabin, Outwild & Nevve","Dabin, Outwild & Nevve",Wild Youth,Wild Youth,Dabin,106,116,0,10,1,1,1,10,182062,2019-03-08 12:00:00,2022-02-02 06:25:41,2022-02-02 06:25:41,V.F,English,Dance,English Dance,"Bass.FutureBass, Pop.Influenced",1701095246,USA2P1914476,Music221/v4/5c/d4/34/5cd4347c-7d76-52f6-d3cd-513d92628326/192641272851.png
1337,6244,6549,True,True,DINOSAUR,DINOSAUR,747306596,AKMU,AKMU,AKMU,SUMMER EPISODE - EP,SUMMER EPISODE - EP,AKMU,48,48,0,0,1,1,1,4,240572,2017-07-20 12:00:00,2022-02-02 06:53:55,2022-02-02 06:53:55,V.X,Korean,Dance,K Pop,House.TropicalHouse,1261291986,KRA401700205,Music125/v4/30/90/16/3090163e-ab9e-d944-8dca-c8038b36fd1b/akmu_cover_4000.jpg
1338,6246,6551,True,True,Waiting for You (feat. Runn),Waiting For You (feat. RUNN),"855763579, 775937718, 1196418866","Trivecta, Last Heroes, RUNN",Trivecta & Last Heroes,Trivecta & Last Heroes,Waiting for You (feat. Runn) - Single,Waiting for You (feat. Runn) - Single,"Trivecta, Last Heroes",183,222,0,39,1,1,1,1,257838,2020-11-13 12:00:00,2022-02-02 06:55:12,2022-02-02 06:55:12,V.F,English,Dance,English Dance,Dubstep.MelodicDubstep,1806517013,GBEWA1909800,Music211/v4/cd/0a/56/cd0a566e-52b2-1a34-6276-63ae395b4a12/5039060580592.jpg
1339,6248,6553,True,True,Moments (feat. Adara),Moments (feat. Adara),"476609914, 356427803","MitiS, Adara",MitiS,MitiS,'til the End,'til the End,MitiS,63,77,0,14,1,1,3,11,278400,2017-12-11 12:00:00,2022-02-02 07:09:54,2022-02-02 07:09:54,V.F,English,Dance,English Dance,Dubstep.MelodicDubstep,1701059501,USA2P1700471,Music116/v4/a5/9b/ef/a59bef2d-d781-7396-95c1-7d781b88d685/192641023088.png
1340,6250,6555,True,True,Twilight,Twilight,1334924854,HoneyComeBear,HoneyComeBear,HoneyComeBear,Twilight - Single,Twilight - Single,HoneyComeBear,154,171,0,17,1,1,1,1,221187,2020-06-06 12:00:00,2022-02-02 07:27:44,2022-02-02 07:27:44,V.F,Japanese,Dance,J Dance,"Bass.FutureBass, Bass.KawaiiBass",1516725224,QZKDK2081348,Music124/v4/37/1a/ea/371aead3-c302-fa9d-9f6d-0b9d53f847cd/859755889633_cover.jpg
1341,6252,6557,True,True,スタートレイル (feat. RANASOL),スタートレイル (feat. RANASOL),"1238151061, 1448982033","KOTONOHOUSE, RANASOL",KOTONOHOUSE,KOTONOHOUSE,Synchronicity,Synchronicity,KOTONOHOUSE,267,287,0,20,1,1,12,13,212158,2019-03-01 12:00:00,2022-02-02 08:19:48,2022-02-02 08:19:48,V.F,Japanese,Dance,J Dance,"Bass.FutureBass, Bass.KawaiiBass",1535807927,TCJPI1967218,Music124/v4/bb/5e/1a/bb5e1ae4-4bdd-d7ba-43a4-7667b9c18949/859756242734_cover.jpg
1342,6254,6559,True,True,惡魔之子,悪魔の子,328815944,樋口愛,Ai Higuchi,樋口愛,Akuma no Ko - Single,最悪最愛,樋口愛,64,65,0,1,1,1,2,11,227673,2022-01-10 12:00:00,2022-02-04 12:17:57,2022-02-04 12:17:57,V.F,Japanese,Pop,Anime,Soundtrack.Anime,"1601391184, 1609932617",JPPC02210021,Music126/v4/81/63/59/8163595a-1750-3ef6-a574-fd6b4a7ee122/PCCA_06117_A.jpg
1343,6256,6561,True,True,Memories,Memories,"1309448933, 1145082010","Natiive, FINLAY",Natiive & FINLAY,Natiive & FINLAY,Reset - EP,Reset - EP,"Natiive, FINLAY",69,70,0,1,1,1,4,4,243531,2018-06-29 12:00:00,2022-02-05 01:16:27,2022-02-05 01:16:27,V.F,English,Dance,English Dance,Bass.FutureBass,1554958509,QZDA51826755,Music114/v4/7b/9d/38/7b9d387f-87ed-616c-70b6-b5b303ec928a/4062994992088_cover.jpg
1344,6258,6563,True,True,Away from the Rain,Away from the Rain,1384763154,Chamber Chu,Chamber Chu,Chamber Chu,Rayark 10th Anniversary Concert Collection (Original Soundtrack),Rayark 10th Anniversary Concert Collection (Original Soundtrack),Various Artists,149,155,0,6,1,1,23,23,215786,2022-01-13 12:00:00,2022-02-08 03:01:41,2022-02-08 03:01:41,A,-,Instrumental,Soundtrack,Soundtrack.VideoGame.Deemo,1608067725,TCAFZ2123152,Music126/v4/2f/00/88/2f008815-60ca-ca19-28a3-9f1c0d627564/859752670036_cover.jpg
1345,6268,6573,False,True,One Last Time [Marshmello remix],One Last Time [Marshmello remix],,,Ariana Grande,Ariana Grande,One Last Time [Marshmello remix] - Single,One Last Time [Marshmello remix] - Single,,44,44,0,0,1,1,1,1,269844,2016-01-01 00:00:00,2022-02-08 06:46:53,2022-02-08 04:39:26,,,,English Dance,,,,
1346,6264,6569,True,True,Forest of Clock,Forest of Clock,1289422561,ARForest,ARForest,ARForest,Forest of Clock - Single,Deemo II (Original Soundtrack),Various Artists,487,492,0,5,1,1,25,31,149603,2020-01-01 00:00:00,2022-02-08 06:47:30,2022-02-08 04:43:24,A,-,Instrumental,Soundtrack,Soundtrack.VideoGame.Deemo,1846247318,TCAIY2489252,Music211/v4/41/eb/1a/41eb1a90-ac4b-b595-04f4-5c2b31ffdb93/859720206359_cover.jpg
1347,6266,6571,True,True,Haru Tomei,Haru Tomei,495060249,立花綾香,Ayaka Tachibana,立花綾香,Haru Tomei - Single,Deemo II (Original Soundtrack),Various Artists,104,108,0,4,1,1,5,31,142654,2022-01-01 00:00:00,2022-02-08 06:47:30,2022-02-08 04:57:08,V.F,Japanese,Pop,Soundtrack,Soundtrack.VideoGame.Deemo,1846247014,TCAIW2486747,Music211/v4/41/eb/1a/41eb1a90-ac4b-b595-04f4-5c2b31ffdb93/859720206359_cover.jpg
1348,6276,6581,True,True,Through Mist and Fog,Through Mist and Fog,1511852072,iolli,iolli,iolli,Through Mist and Fog - Single,Through Mist and Fog - Single,iolli,304,307,0,3,1,1,1,1,172773,2022-01-01 00:00:00,2022-02-08 06:47:30,2022-02-08 05:00:04,V.F,English,Dance,Soundtrack,Soundtrack.VideoGame.Deemo,,,
1349,6278,6583,True,True,Keep You Safe (piano ver.),Keep You Safe (piano ver.),1514230567,Iris,Iris,Iris,Keep You Safe (piano ver.) - Single,Deemo II (Original Soundtrack),Various Artists,79,84,0,5,1,1,2,31,156368,2022-01-01 00:00:00,2022-02-08 06:47:30,2022-02-08 06:23:46,A,-,Instrumental,Soundtrack,Soundtrack.VideoGame.Deemo,1846247005,TCAIW2486623,Music211/v4/41/eb/1a/41eb1a90-ac4b-b595-04f4-5c2b31ffdb93/859720206359_cover.jpg
1350,6262,6567,True,True,Echo over you...,Echo over you...,1504484710,Apo11o program,Apo11o program,Apo11o program,Echo over you... - Single,Rayark 10th Anniversary Concert Collection (Original Soundtrack),Various Artists,156,159,0,3,1,1,19,23,157257,2022-01-01 00:00:00,2022-02-08 06:47:30,2022-02-08 06:24:30,A,-,Instrumental,Soundtrack,"Soundtrack.VideoGame.Deemo, Soundtrack.VideoGame.Cytus",1608067617,JPI802100122,Music126/v4/2f/00/88/2f008815-60ca-ca19-28a3-9f1c0d627564/859752670036_cover.jpg
1351,6282,6587,True,True,Fairy's Crown,Fairy's Crown,399181659,Powerless,Powerless,Powerless,Fairy's Crown - Single,Deemo II (Original Soundtrack),Various Artists,47,48,0,1,1,1,6,31,188133,2022-01-01 00:00:00,2022-02-08 06:47:30,2022-02-08 06:25:32,A,-,Instrumental,Soundtrack,"Soundtrack.VideoGame.Deemo, Dance.Influenced",1846247106,TCAIW2486812,Music211/v4/41/eb/1a/41eb1a90-ac4b-b595-04f4-5c2b31ffdb93/859720206359_cover.jpg
1352,6280,6585,True,True,felzione,felzione,210602927,onoken,onoken,onoken,felzione - Single,雨に祈りを,onoken,45,47,0,2,1,1,2,8,139598,2022-01-01 00:00:00,2022-02-08 06:47:30,2022-02-08 06:26:10,A,-,Instrumental,Soundtrack,Soundtrack.VideoGame.Deemo,"1723798983, 1846247012",TCAIW2486715,Music116/v4/27/5b/42/275b421e-9671-fc4a-0ec9-559b1716e7d7/3617222384039_cover.jpg
1353,6270,6575,True,True,Rain Lily,Rain Lily,1060172245,H△G,H△G,H△G,Rain Lily - Single,汽車を待つ君と白い花,H△G,65,67,0,2,1,1,4,8,148349,2022-01-01 00:00:00,2022-02-08 06:47:30,2022-02-08 06:27:05,V.F,Japanese,Pop,Soundtrack,Soundtrack.VideoGame.Deemo,"1605702687, 1613928220",TCJPQ2289935,Music126/v4/d0/06/f5/d006f524-459a-abcb-425d-3845d5f94bd0/4571350362200_cover.jpg
1354,6274,6579,True,True,Dream together,Dream together,0,Hydra Tsai,Hydra Tsai (INSPION),Hydra Tsai (INSPION),Dream together - Single,Dream together - Single,Hydra Tsai,159,161,0,2,1,1,1,1,161776,2022-01-01 00:00:00,2022-02-08 06:47:30,2022-02-08 06:29:30,A,-,Instrumental,Soundtrack,Soundtrack.VideoGame.Deemo,,,
1355,6260,6565,True,True,DRG (piano ver.),DRG (piano ver.),1442324017,SLSMusic,SLSMusic,SLSMusic,DRG (piano ver.) - Single,DRG (piano ver.) - Single,SLSMusic,60,64,0,4,1,1,2,2,146494,2022-01-01 00:00:00,2022-02-08 06:47:30,2022-02-08 06:30:11,A,-,Instrumental,Soundtrack,Soundtrack.VideoGame.Deemo,1610786865,QZPJ32143549,Music116/v4/09/84/55/098455d4-49f3-c9c8-0915-08ddcb0af04f/198001652578.png
1356,6272,6577,True,True,ghost in my place (feat. setsat),ghost in my place (feat. setsat),"475674290, 644097168","technoplanet, setsat",technoplanet,technoplanet,ghost in my place - Single,Sketch book,technoplanet,57,57,0,0,1,1,8,12,161724,2022-01-01 00:00:00,2022-02-08 06:47:30,2022-02-08 06:32:05,A,-,Instrumental,Soundtrack,Soundtrack.VideoGame.Deemo,1679495261,JPR502301191,Music126/v4/6f/08/3f/6f083f04-565d-fd59-64bb-2cf04d59139f/PA00115345_0_163734_jacket.jpg
1357,6284,6589,True,True,Magic Shop,Magic Shop,883131348,BTS,BTS,防彈少年團,Love Yourself 結 'Answer',Love Yourself 結 'Answer',BTS,33,33,0,0,2,2,1,10,275696,2018-05-18 12:00:00,2022-02-15 08:55:11,2022-02-15 08:55:11,V.M,Korean,Pop,K Pop,Dance.Influenced,1598730988,QM6MZ1886146,Music126/v4/ff/00/2c/ff002c29-6da9-1a26-16b3-282a73180366/192562871591_Cover.jpg
1358,6286,6591,False,True,スパークル,スパークル,,,幾田りら,幾田莉拉,スパークル - Single,スパークル - Single,Lilas,36,36,0,0,1,1,1,1,213600,2022-01-17 12:00:00,2022-02-16 12:51:00,2022-02-16 12:51:00,,,,J Pop,,1602544173,JPP302102013,
1359,6288,6593,True,True,Amoria,Amoria,209087057,Henry Jackman,亨利·傑克曼,Henry Jackman,Transfiguration,Transfiguration,Henry Jackman,62,63,0,1,1,1,6,18,261733,2005-07-01 12:00:00,2022-02-16 23:51:14,2022-02-16 23:51:14,V.F,English,Pop,Soundtrack,Dance.Influenced,1228756573,GBBGL0501617,Music111/v4/9e/4a/69/9e4a698f-9cbd-cbe6-20b7-737553775d7e/191018168438.jpg
1360,6290,6595,True,True,Boring Day?,Boring Day?,967898801,Tomggg,Tomggg,TOMGGG,Wetlands of Grey and Blue - EP,Wetlands of Grey and Blue - EP,Tomggg,112,112,0,0,1,1,4,5,162000,2022-02-14 12:00:00,2022-02-18 12:21:26,2022-02-18 12:21:26,A,-,Instrumental,Soundtrack,Soundtrack.VideoGame.Deemo,1607077423,TCJPQ2295995,Music126/v4/3c/0e/83/3c0e8331-7cbc-b8b2-7e07-e8e17decdc2a/859757843992_cover.jpg
1361,6292,6597,False,True,明顯是個狠角色,明顯是個狠角色,,,洋蔥,洋蔥,明顯是個狠角色 - Single,明顯是個狠角色 - Single,洋蔥,17,17,0,0,1,1,1,1,207958,2022-02-18 12:00:00,2022-02-19 01:25:17,2022-02-19 01:25:17,,,,Mando Pop,,1607806910,TWA472212001,
1362,6294,6599,True,True,Space Funk,Space Funk,1742044121,Veronyx,Veronyx,Veronyx,"Friday Night Funkin' Inverted Dimension, Vol. 2 (Original Game Soundtrack)","Friday Night Funkin' Inverted Dimension, Vol. 2 (Original Game Soundtrack)",Veronyx,69,71,0,2,1,1,6,20,73195,2021-11-12 12:00:00,2022-02-19 13:24:58,2022-02-19 13:24:58,V.M,English,Dance,Soundtrack,"Funk, Soundtrack.VideoGame.FNF",1603271695,QZNWY2148067,Music116/v4/fc/66/0a/fc660afe-a243-f3b4-1a15-d6056bdb3dfb/artwork.jpg
1363,6296,6601,True,True,Sussy,Sussy,"1742044121, 1508987520","Veronyx, OMNIROZA",Veronyx & OMNIROZA,Veronyx & OMNIROZA,"Friday Night Funkin' Inverted Dimension, Vol. 2 (Original Game Soundtrack)","Friday Night Funkin' Inverted Dimension, Vol. 2 (Original Game Soundtrack)",Veronyx,155,155,0,0,1,1,11,20,136361,2021-11-12 12:00:00,2022-02-19 13:25:00,2022-02-19 13:25:00,A,-,Dance,Soundtrack,"DrumNBass, Soundtrack.VideoGame.FNF",1603271700,QZNWY2148072,Music116/v4/fc/66/0a/fc660afe-a243-f3b4-1a15-d6056bdb3dfb/artwork.jpg
1364,6298,6603,False,True,Candy,Candy,,,宇野実彩子(AAA),宇野實彩子,Candy - Single,Candy - Single,宇野実彩子(AAA),30,32,0,2,1,1,1,1,220200,2022-02-14 12:00:00,2022-02-20 03:44:05,2022-02-20 03:44:05,,,,J Pop,,1606850644,JPB602200663,
1365,6300,6605,True,True,Post-Script (English version),Post-Script (English version),1457852358,the hoshizora project,the hoshizora project,the hoshizora project,post-script (English version) - Single,post-script (English version) - Single,the hoshizora project,77,79,0,2,1,1,1,1,125091,2020-03-24 12:00:00,2022-02-22 09:56:53,2022-02-22 09:56:53,V.M,English,Rock,Soundtrack,"Pop.Influenced, Soundtrack.VideoGame.Deemo",1502035528,SE5752042764,Music114/v4/e0/ce/22/e0ce2225-8f81-960c-f4c9-5c1970b3ff79/d4f03670-5563-40b8-ae7b-aec88ef630cd.png
1366,6302,6607,True,True,World,World,"1450218337, 1568041704","PIKASONIC, DanK",PIKASONIC,PIKASONIC & Dankidz,World - Single,World - Single,PIKASONIC,185,201,0,16,1,1,1,1,224808,2020-04-19 12:00:00,2022-02-23 00:02:58,2022-02-23 00:02:58,A,-,Dance,Electronica,House.ProgressiveHouse,1792219217,QM42K2028052,Music211/v4/6f/6a/7f/6f6a7ffe-1f57-ca4c-fbfc-d1faeb46a51b/5063654406210_cover.jpg
1367,6304,6609,True,True,至上の空論,至上の空論,1197102254,Drama Store,Drama Store,Drama Store,白紙台本 - EP,白紙台本 - EP,Drama Store,70,70,0,0,1,1,1,6,192447,2017-04-19 12:00:00,2022-02-26 00:29:41,2022-02-26 00:29:41,V.M,Japanese,Rock,J Rock,,1838716071,JPE871702211,Music221/v4/94/63/49/9463491c-47f9-5c89-b524-0cfd15f2d241/cover.jpg
1368,6306,6611,False,True,希望你回來,希望你回來,,,TRASH,TRASH,Never Die - EP,Never Die - EP,TRASH,15,15,0,0,1,1,3,4,430910,2019-11-15 12:00:00,2022-02-26 00:38:40,2022-02-26 00:38:40,,,,Mando Rock,,1485884640,TWA531963403,
1369,6308,6613,False,True,大火,大火,,,李佳薇,Jess Lee,感謝愛人,感謝愛人,Jess Lee,10,10,0,0,1,1,6,10,324467,2011-09-16 12:00:00,2022-02-26 12:09:55,2022-02-26 12:09:55,,,,Mando Pop,,540280671,TWA531150006,
1370,6310,6615,True,True,I Could Be Yours,I Could Be Yours,820820884,黃玠瑋,黃玠瑋,黃玠瑋,I Could Be Yours - Single,I Could Be Yours - Single,黃玠瑋,85,85,0,0,1,1,1,1,231125,2021-01-29 12:00:00,2022-02-26 12:25:42,2022-02-26 12:25:42,V.F,English,Pop,Mando Pop,Rock.Influenced,1548907901,FR10S2136015,Music114/v4/6f/a0/0c/6fa00c63-3c8e-f78b-0144-7e6988520225/cover.jpg
1371,6312,6617,False,True,不過失去了一點點,不過失去了一點點,,,曾沛慈,Pets Tseng,我是曾沛慈,我是曾沛慈,Pets Tseng,7,8,0,1,1,1,3,14,303867,2014-11-20 08:00:00,2022-02-26 12:47:32,2022-02-26 12:47:32,,,,Mando Pop,,948585178,TWA211429503,
1372,6314,6619,True,True,Ref:rain,Ref:rain,569972619,Aimer,Aimer,Aimer,Penny Rain,Penny Rain,Aimer,126,129,0,3,1,1,7,10,289987,2019-04-10 07:00:00,2022-02-26 14:27:11,2022-02-26 14:27:11,V.F,Japanese,Rock,J Rock,"Pop.Influenced, Soundtrack.Anime",1538261262,JPU901704133,Music116/v4/77/cc/b3/77ccb311-f62e-76d6-18df-7ac92b5b888f/4547366402346.jpg
1373,6316,6621,True,True,Epiphany,Epiphany,883131348,BTS,BTS,防彈少年團,Love Yourself 結 'Answer',Love Yourself 結 'Answer',BTS,26,26,0,0,1,2,13,16,240362,2018-08-24 12:00:00,2022-02-27 02:55:24,2022-02-27 02:55:24,V.M,Korean,Pop,K Pop,,1598730973,QM6MZ1886142,Music126/v4/ff/00/2c/ff002c29-6da9-1a26-16b3-282a73180366/192562871591_Cover.jpg
1374,6318,6623,False,True,IN YOUR EYES,IN YOUR EYES,,,李大輝,LEE DAE HWI,COMPLETE WITH YOU - EP,COMPLETE WITH YOU - EP,AB6IX,19,19,0,0,1,1,5,5,244040,2022-01-17 12:00:00,2022-02-27 03:00:15,2022-02-27 03:00:15,,,,K Pop,,1604378218,KRA252200052,
1375,6320,6625,True,True,17,17,1264559094,Hakubi,Hakubi,Hakubi,追憶 - Single,追憶 - Single,Hakubi,67,71,0,4,1,1,3,3,412344,2019-11-18 12:00:00,2022-02-28 01:18:04,2022-02-28 01:18:04,V.F,Japanese,Rock,J Rock,,1626948223,JPZ921909891,Music112/v4/ca/6a/75/ca6a7530-dc1e-52a7-db64-46c91fcc54d1/PCSP_04267.jpg
1376,6322,6627,True,True,メアりみ,メアりみ,1378636370,Unknöwn Kun,Unknöwn Kun,Unknöwn Kun,メアりみ - Single,メアりみ - Single,Unknöwn Kun,91,91,0,0,1,1,1,1,225493,2021-12-08 12:00:00,2022-02-28 01:48:55,2022-02-28 01:48:55,V.M,Japanese,Pop,J Dance,Dance.Influenced,1597223288,JPS602107582,Music126/v4/90/40/11/904011f4-a43c-ca87-d466-3c68f6046f7c/PA00093372_0_144015_jacket.jpg
1377,6324,6629,True,True,Wishing,Wishing,410542403,西野加奈,西野加奈,西野加奈,"Thank you, Love","Thank you, Love",西野加奈,73,74,0,1,1,1,13,14,282240,2011-06-22 12:00:00,2022-03-04 10:08:37,2022-03-04 10:08:37,V.F,Japanese,Pop,J Pop,,1537241961,JPU901100587,Music114/v4/a7/ea/a5/a7eaa5ad-3c59-93fb-b7e7-15a691c97169/jacket_SECL00982B00Z_550.jpg
1378,6326,6631,True,True,karma (feat. Daye),Karma (feat. Daye),"1019528519, 1608726435","GhostDragon, Daye",GhostDragon & Daye,GhostDragon & Daye,karma - Single,Could've Been Us,GhostDragon,47,48,0,1,1,1,2,9,178286,2022-03-04 12:00:00,2022-03-05 23:31:33,2022-03-05 23:31:33,V.F,English,Dance,English Dance,Bass.FutureBass,"1611584425, 1618955095",GB2LD2210051,Music122/v4/40/9a/79/409a796d-f34a-8bad-14e2-d4c9548b2224/5055199558264.png
1379,6328,6633,True,True,Uncover You (feat. Ilsey),Uncover You (feat. Ilsey),"332465235, 979965147","Fairlane, Ilsey",Fairlane,Fairlane,Uncover You (feat. Ilsey) - Single,Uncover You (feat. Ilsey) - Single,Fairlane,60,61,0,1,1,1,1,1,233924,2018-07-05 12:00:00,2022-03-06 00:32:32,2022-03-06 00:32:32,V.F,English,Dance,English Dance,Bass.FutureBass,1635874195,GBKPL1810628,Music122/v4/2b/9b/2e/2b9b2e90-6ee8-2e1b-9278-e32ebe3096f1/cover.jpg
1380,6330,6635,False,True,Crumble,Crumble,,,Fairlane & TRØVES,Fairlane & TRØVES,Crumble - Single,Crumble - Single,Fairlane & TRØVES,40,40,0,0,1,1,1,1,189600,2019-03-15 12:00:00,2022-03-06 00:36:32,2022-03-06 00:36:32,,,,English Dance,,1630248220,GBKPL1937044,
1381,6332,6637,True,True,Not Over You,Not Over You,"490974321, 1608726435","Hoang, Daye",Hoang & Daye,Hoang & Daye,Not Over You - Single,Not Over You - Single,"Hoang, Daye",46,48,0,2,1,1,1,1,197370,2021-08-13 12:00:00,2022-03-06 01:32:11,2022-03-06 01:32:11,V.F,English,Dance,English Dance,Bass.FutureBass,1579125024,QZK6J2127917,Music125/v4/c4/54/2d/c4542d4e-ec11-ec93-3a85-193cb62cf10a/artwork.jpg
1382,6334,6639,False,True,Don't Say (feat. Nevve) [The Acoustic] [Acoustic],Don't Say (feat. Nevve) [The Acoustic] [Acoustic],,,Hoang,Hoang,Don't Say (feat. Nevve) [The Acoustic] [Acoustic] - Single,Don't Say (feat. Nevve) [The Acoustic] [Acoustic] - Single,Hoang,39,39,0,0,1,1,1,1,151771,2018-09-01 12:00:00,2022-03-06 01:51:59,2022-03-06 01:51:59,,,,English Dance,,,,
1383,6336,6641,False,True,Bring Me Back (feat. Claire Ridgely),Bring Me Back (feat. Claire Ridgely),,,Miles Away,Miles Away,Bring Me Back (feat. Claire Ridgely) - Single,Bring Me Back (feat. Claire Ridgely) - Single,Miles Away,42,43,0,1,1,1,1,1,219000,2020-11-19 08:00:00,2022-03-06 02:21:15,2022-03-06 02:21:15,,,,English Dance,,1536339940,USLZJ2052157,
1384,6338,6643,True,True,Firefly (feat. Amanda Yang),Firefly (feat. Amanda Yang),"120287569, 1015215020","Miles Away, Amanda Yang",Miles Away,Miles Away,Firefly (feat. Amanda Yang) - Single,Firefly (feat. Amanda Yang) - Single,Miles Away,48,49,0,1,1,1,1,1,189844,2018-06-05 12:00:00,2022-03-06 02:27:48,2022-03-06 02:27:48,V.F,English,Dance,English Dance,Bass.FutureBass,1356847501,QMWZB1810786,Music128/v4/ca/d6/b5/cad6b5f1-68f4-3964-4368-1906da45c37f/888915578124_cover.jpg
1385,6340,6645,True,True,18 (feat. RYYZN),18 (feat. RYYZN),"120287569, 937250644, 1370606286","Miles Away, Axys, RYYZN",Miles Away & Axys,Miles Away & Axys,18 (feat. RYYZN) - Single,18 (feat. RYYZN) - Single,"Miles Away, Axys",51,52,0,1,1,1,1,1,196034,2019-05-10 12:00:00,2022-03-06 02:57:47,2022-03-06 02:57:47,V.M,English,Dance,English Dance,Bass.FutureBass,1460413218,QZ5FN1989113,Music123/v4/ba/af/94/baaf9436-bb7b-4dfd-6202-0bdc9c2cc37f/193872293028_cover.jpg
1386,6342,6647,True,True,Falling In,Falling In,120287569,Miles Away,Miles Away,Miles Away,Falling In - Single,Falling In - Single,Miles Away,52,54,0,2,1,1,1,1,274429,2017-10-05 12:00:00,2022-03-06 03:32:16,2022-03-06 03:32:16,V.M,English,Dance,English Dance,Bass.FutureBass,1752902710,QMWZB1710298,Music221/v4/10/0c/77/100c7705-026e-03a3-bfee-d59c59c7234e/191515818768.png
1387,6344,6649,True,True,Nothing,Nothing,1450218337,PIKASONIC,PIKASONIC,PIKASONIC,Nothing - Single,Nothing - Single,PIKASONIC,368,389,0,21,1,1,1,1,217200,2022-03-01 12:00:00,2022-03-09 12:02:43,2022-03-09 12:02:43,A,-,Dance,Future Bass,"Bass.FutureBass, Bass.KawaiiBass",1612209081,AUBEC2172934,Music126/v4/17/23/09/1723090d-5be5-19a0-01e4-2dfd33e6cdc7/5059950612066_cover.jpg
1388,6346,6651,True,True,Deserve This,Deserve This,398935148,Chelsea Cutler,Chelsea Cutler,Chelsea Cutler,Sleeping with Roses,Sleeping with Roses,Chelsea Cutler,49,49,0,0,1,1,1,8,224867,2018-06-08 12:00:00,2022-03-12 04:07:41,2022-03-12 04:07:41,V.F,English,Dance,English Pop,Bass.FutureBass,1771691698,TCADQ1895877,Music221/v4/97/50/36/97503632-f722-a355-e05b-319c2815d7f6/0859727002121_Cover.jpg
1389,6348,6653,True,True,Devoted,Devoted,0,Ivory Film,Ivory Film,Ivory Film,Ocean Sounds,Ocean Sounds,Ivory Film,69,69,0,0,1,1,11,11,193525,2018-02-22 12:00:00,2022-03-16 14:09:10,2022-03-16 14:08:24,A,-,Instrumental,Soundtrack,,,USA2P1805250,
1390,6350,6655,True,True,レオ,レオ,1489331027,優里,Yuuri,優里,壱,壱,優里,52,53,0,1,1,1,7,16,238973,2022-01-12 12:00:00,2022-03-19 11:07:42,2022-03-19 11:07:42,V.M,Japanese,Pop,J Rock,,1599543187,JPU902105200,Music116/v4/d9/de/51/d9de5146-6d3a-2002-bc8f-77e2e47c1c3b/4547366544138.jpg
1391,6352,6657,True,True,iPad,iPad,580391756,The Chainsmokers,The Chainsmokers,The Chainsmokers,So Far So Good,So Far So Good,The Chainsmokers,79,81,0,2,1,1,3,16,202406,2022-03-11 08:00:00,2022-03-19 13:57:50,2022-03-19 13:57:50,V.M,English,Dance,English Dance,House.ProgressiveHouse,1637996472,USQX92105837,Music112/v4/1a/c4/d1/1ac4d105-c0b5-0108-7e53-e657a7186aaf/196589370242.jpg
1392,6354,6659,False,True,jam (with iri),jam (with iri),,,milet,milet,visions,visions,milet,24,25,0,1,1,1,10,15,205333,2022-02-02 12:00:00,2022-03-20 23:47:11,2022-03-20 23:47:11,,,,J Pop,,1596199255,JPU902105123,
1393,6356,6661,True,True,you,you,953052200,Awesome City Club,Awesome City Club,Awesome City Club,Get Set,Get Set,Awesome City Club,45,47,0,2,1,1,4,10,285667,2022-03-09 12:00:00,2022-03-20 23:47:15,2022-03-20 23:47:15,V.X,Japanese,Pop,J Rock,,1610971238,JPB602103666,Music116/v4/98/5b/46/985b4660-7dc1-8eb2-486e-c060b981d709/ANTCD-A0000006450.jpg
1394,6358,6663,True,True,トリル -starless night ver.-,トリル -starless night ver.-,569972619,Aimer,Aimer,Aimer,星の消えた夜に,星の消えた夜に,Aimer,57,58,0,1,1,1,17,23,330990,2022-01-24 08:00:00,2022-03-21 00:29:16,2022-03-21 00:29:16,V.F,Japanese,Rock,J Rock,Pop.Influenced,1597688062,JPU902105110,Music126/v4/c1/3e/2b/c13e2b74-a875-b20f-d37f-5603eb0d2031/4547366543063.jpg
1395,6360,6665,True,True,Yonaga Uta,夜永唄,1054498455,神不擲骰子,KAMI WA SAIKORO WO FURANAI,神不擲骰子,Lambda Ni Taisuru Kenkai - EP,ラムダに対する見解 - EP,神不擲骰子,89,89,0,0,1,1,4,5,270754,2019-05-22 12:00:00,2022-03-22 05:13:35,2022-03-22 05:13:35,V.M,Japanese,Rock,J Rock,,1461440783,JPC101900026,Music125/v4/13/b3/50/13b3502f-da3c-0fe4-931f-fd73b0eebcd9/4943566171721.jpg
1396,6362,6667,True,True,Shine,Shine,"1407376509, 1450218337","Couple N, PIKASONIC",Couple N & PIKASONIC,Couple N & PIKASONIC,Shine - Single,Shine - Single,"Couple N, PIKASONIC",190,207,0,17,1,1,1,1,236452,2020-05-22 12:00:00,2022-03-24 22:57:17,2022-03-24 22:57:17,A,-,Dance,Future Bass,"Bass.FutureBass, Bass.KawaiiBass",1512319118,QM42K2023235,Music113/v4/57/ad/36/57ad3600-30ec-51a0-6586-ca3f76f9fff5/053000716365_cover.jpg
1397,6364,6669,True,True,Boston,Boston,"1077063122, 332465235","Dylan Matthew, Fairlane",Dylan Matthew & Fairlane,Dylan Matthew & Fairlane,Boston - Single,Boston - Single,"Dylan Matthew, Fairlane",63,63,0,0,1,1,1,1,181629,2022-02-21 12:00:00,2022-03-26 03:54:49,2022-03-26 03:54:49,V.M,English,Pop,English Dance,,1700469248,USA2P2203366,Music126/v4/05/a9/36/05a9361c-95c1-ae32-1080-9faafe84222d/192641936036.png
1398,6366,6671,True,True,Lonely Days (feat. Robbie Rosen),Lonely Days (feat. Robbie Rosen),"1362542899, 896362014","Kosling, Robbie Rosen",Kosling,Kosling,Lonely Days (feat. Robbie Rosen) - Single,Lonely Days (feat. Robbie Rosen) - Single,Kosling,105,120,0,15,1,1,1,2,184688,2022-03-18 12:00:00,2022-03-26 06:41:46,2022-03-26 06:41:46,V.M,English,Dance,English Dance,House.ProgressiveHouse,1612986491,NLUW22201550,Music116/v4/1c/d3/78/1cd378dd-7a82-8f93-ad11-c43f6ea72eea/8720766113319.png
1399,6368,6673,True,True,Space Boy (Instrumental),Space Boy (Instrumental),1366383804,Aika,Aika,Aika,vs. K.O.U.,vs. K.O.U.,Aika,149,165,0,16,1,1,7,12,126797,2022-03-18 12:00:00,2022-03-27 05:59:13,2022-03-27 05:59:13,A,-,Dance,Soundtrack,"Bass.FutureBass, Bass.KawaiiBass, Soundtrack.VideoGame.FNF",1614897966,QZES62267673,Music126/v4/53/e1/f9/53e1f9af-f03e-4369-ec1a-645da34ea0ea/artwork.jpg
1400,6370,6675,True,True,Cosmic (Instrumental),Cosmic (Instrumental),1366383804,Aika,Aika,Aika,vs. K.O.U.,vs. K.O.U.,Aika,134,149,0,15,1,1,8,12,125600,2022-03-18 12:00:00,2022-03-27 13:12:43,2022-03-27 13:12:43,A,-,Dance,Soundtrack,"Bass.FutureBass, Bass.KawaiiBass, Soundtrack.VideoGame.FNF",1614897967,QZES62267674,Music126/v4/53/e1/f9/53e1f9af-f03e-4369-ec1a-645da34ea0ea/artwork.jpg
1401,6372,6677,True,True,Space Girl (feat. TOFIE),Space Girl (feat. TOFIE),"1366383804, 1183949560","Aika, TOFIE",Aika,Aika,Space Girl (feat. TOFIE) - Single,Space Girl (feat. TOFIE) - Single,Aika,101,113,0,12,1,1,1,1,218614,2020-01-10 12:00:00,2022-03-28 03:08:17,2022-03-28 03:08:17,V.F,English,Dance,English Dance,"Bass.FutureBass, Bass.KawaiiBass",1493863623,QZFYW2064979,Music113/v4/9c/7f/dd/9c7fddef-857c-7db6-296b-7957891229a3/artwork.jpg
1402,6374,6679,False,True,Love Is Gone (feat. Dylan Matthew),Love Is Gone (feat. Dylan Matthew),,,SLANDER,SLANDER,Love Is Gone (feat. Dylan Matthew) - Single,Love Is Gone (feat. Dylan Matthew) - Single,SLANDER,28,28,0,0,1,1,1,1,256043,2019-05-10 12:00:00,2022-03-29 22:57:09,2022-03-29 22:57:09,,,,English Dance,,1462848859,CA5KR1928205,
1403,6376,6681,True,True,Turn This Ship Around (feat. Andy Delos Santos),Turn This Ship Around (feat. Andy Delos Santos),"852983190, 1228050681, 540028380","Hallman, Tape Machines, Andy Delos Santos",Hallman & Tape Machines,Hallman & Tape Machines,Turn This Ship Around - Single,Turn This Ship Around - Single,"Hallman, Tape Machines",46,46,0,0,1,1,1,2,223047,2020-07-03 12:00:00,2022-03-30 13:44:09,2022-03-30 13:44:09,V.M,English,Dance,English Dance,House.ProgressiveHouse,1512374841,SE5Q52000552,Music113/v4/0c/dc/9b/0cdc9b62-f143-c91c-e92e-7b9106e28385/7330178046603.png
1404,6378,6683,True,True,The Rain Drop (feat. EunoH),The Rain Drop (feat. EunoH),"882417950, 1011155545","M2U, EunoH",M2U,M2U,Diversity.,Diversity.,M2U,70,71,0,1,1,1,11,30,224053,2017-07-12 12:00:00,2022-03-30 14:18:21,2022-03-30 14:18:21,V.M,English,Dance,Soundtrack,"Bass.FutureBass, Pop.Influenced",1440891359,JPPO01703586,Music118/v4/a5/30/77/a530773e-79ea-f6db-ed77-242ddbf3df08/00602557586855.rgb.jpg
1405,6380,6685,False,True,STAY,STAY,,,milet,milet,eyes,eyes,milet,29,29,0,0,1,1,9,18,204280,2020-06-03 12:00:00,2022-03-30 14:31:02,2022-03-30 14:31:02,,,,J Pop,,1538265332,JPU902001006,
1406,6382,6687,True,True,Kimishidai Ressha,キミシダイ列車,252239625,ONE OK ROCK,ONE OK ROCK,ONE OK ROCK,Zankyō Reference,残響リファレンス,ONE OK ROCK,45,46,0,1,1,1,11,11,254747,2011-10-05 12:00:00,2022-03-30 22:54:14,2022-03-30 22:54:14,V.M,Japanese,Rock,J Rock,,1838918171,JPJ221100280,Music211/v4/70/de/4b/70de4b67-1049-388f-3c3d-079515e5eb45/25UMGIM89649.rgb.jpg
1407,6384,6689,False,True,King & Queen,King & Queen,,,HIRAIDAI,HIRAIDAI,King & Queen - Single,King & Queen - Single,HIRAIDAI,39,39,0,0,1,1,1,1,195015,2021-10-24 12:00:00,2022-03-30 23:01:40,2022-03-30 23:01:40,,,,J Pop,,1590273295,JPB602103433,
1408,6386,6691,True,True,Shooting Star (feat. Rachie),Shooting Star (feat. Rachie),"1191391882, 781734803","iMeiden, Rachie",iMeiden,iMeiden,iMeiden Volume 3,iMeiden Volume 3,iMeiden,167,184,0,17,1,1,1,8,191250,2019-02-09 12:00:00,2022-03-30 23:54:22,2022-03-30 23:54:22,V.F,English,Dance,English Dance,House.ProgressiveHouse,1451972337,QM42K1872521,Music124/v4/66/0f/ae/660fae2b-e2ff-d0c1-f748-60f090472fbc/859754714493_cover.png
1409,6388,6693,True,True,Love Again,Love Again,"1191391882, 1437352230","iMeiden, tokiwa",iMeiden & tokiwa,iMeiden & tokiwa,iMeiden Volume 3,iMeiden Volume 3,iMeiden,67,70,0,3,1,1,4,8,223397,2019-01-03 12:00:00,2022-04-01 04:18:12,2022-04-01 04:18:12,V.F,English,Dance,English Dance,Bass.FutureBass,1451972342,QM42K1847882,Music124/v4/66/0f/ae/660fae2b-e2ff-d0c1-f748-60f090472fbc/859754714493_cover.png
1410,6390,6695,True,True,Superstar (feat. Linn),Superstar (feat. Linn),"867638609, 489858182, 168312328","Said The Sky, Dabin, Linn",Said The Sky & Dabin,Said The Sky & Dabin,Wide - Eyed,Wide - Eyed,Said The Sky,81,84,0,3,1,1,14,15,206222,2018-07-07 12:00:00,2022-04-02 03:44:36,2022-04-02 03:44:36,V.F,English,Dance,English Dance,Bass.FutureBass,1701059443,USA2P1836881,Music221/v4/f6/50/06/f650064e-c112-e063-2f60-aab47d88c116/192641109102.png
1411,6392,6697,False,True,First Time (feat. Dylan Matthew),First Time (feat. Dylan Matthew),,,"Seven Lions, SLANDER, Dabin & Dylan Matthew","Seven Lions, SLANDER, Dabin & Dylan Matthew",First Time (feat. Dylan Matthew) - Single,First Time (feat. Dylan Matthew) - Single,Seven Lions,43,44,0,1,1,1,2,20,297782,2018-10-12 12:00:00,2022-04-02 03:49:18,2022-04-02 03:49:18,,,,English Dance,,1806757497,GBEWA1802950,
1412,6394,6699,True,True,Stuck Like Glue (feat. Olivia Ray),Stuck Like Glue (feat. Olivia Ray),"1464955650, 1373932223","Fells, Olivia Ray",Fells,Fells,Stuck Like Glue (feat. Olivia Ray) - Single,Stuck Like Glue (feat. Olivia Ray) - Single,Fells,115,115,0,0,1,1,1,1,226753,2021-09-22 12:00:00,2022-04-03 05:42:45,2022-04-03 05:42:45,V.F,English,Pop,English Dance,Dance.Influenced,1636968697,GBKPL2163262,Music122/v4/de/99/29/de992951-0c71-5498-3a7a-385f6ef45f89/cover.jpg
1413,6396,6701,True,True,アイのシナリオ,アイのシナリオ,"1573364317, 415606364","CHiCO, HoneyWorks",CHiCO with HoneyWorks,CHiCO with HoneyWorks,世界はiに満ちている,世界はiに満ちている,CHiCO with HoneyWorks,68,68,0,0,1,1,2,14,259733,2015-02-04 12:00:00,2022-04-04 00:02:49,2022-04-04 00:02:49,V.F,Japanese,Rock,Anime,Soundtrack.Anime,1538273685,JPX401400136,Music124/v4/fe/dd/ac/feddac3f-5bb1-8645-f642-8d251bc4f5ce/jacket_SMXX00104B00Z_550.jpg
1414,6398,6703,True,True,Brand New Day,Brand New Day,656607894,安田麗,Rei Yasuda,安田麗,Will,Will,安田麗,96,96,0,0,1,1,3,14,278373,2014-01-29 12:00:00,2022-04-08 14:51:50,2022-04-08 14:51:50,V.F,Japanese,Pop,J Pop,,1538258096,JPU901301345,Music114/v4/ef/c0/c6/efc0c67f-f58a-5174-4c3f-fb0813db0410/jacket_SECL01599B00Z_550.jpg
1415,6400,6705,True,True,Sunshine Duration,Sunshine Duration,1414690563,Sing Sing Rabbit,Sing Sing Rabbit,Sing Sing Rabbit,Sunshine Duration - Single,Sunshine Duration - Single,Sing Sing Rabbit,46,47,0,1,1,1,1,1,213771,2019-08-21 12:00:00,2022-04-13 11:42:34,2022-04-13 11:42:34,V.F,English,Rock,Soundtrack,Soundtrack.VideoGame.Cytus,1475234766,HKB561908168,Music123/v4/ee/c4/62/eec46291-c4f4-ae94-42a4-3387eec5c215/4571487582304.jpg
1416,6402,6707,False,True,Space Oddity (2015 Remaster),Space Oddity (2015 Remaster),,,Bowie,David Bowie,David Bowie (aka Space Oddity) [2015 Remaster],David Bowie (aka Space Oddity) [2015 Remaster],David Bowie,7,7,0,0,1,1,1,9,316825,1969-11-14 08:00:00,2022-04-15 06:00:17,2022-04-15 06:00:17,,,,English Classic,,1039800298,USJT11500041,
1417,6410,6715,False,True,Ao,Ao,,,Ayaka Tachibana,立花綾香,Ao - Single,Ao - Single,,30,33,0,3,1,1,1,1,135209,2022-01-01 00:00:00,2022-04-17 03:10:22,2022-04-17 01:18:42,,,,Soundtrack,,,,
1418,6406,6711,False,True,DO YOU MISS ME ?,DO YOU MISS ME ?,,,dark cat,dark cat,DO YOU MISS ME ? - Single,DO YOU MISS ME ? - Single,,31,35,0,4,1,1,1,1,138161,2022-01-01 00:00:00,2022-04-17 03:10:22,2022-04-17 01:18:49,,,,Soundtrack,,,,
1419,6412,6717,True,True,I will never forget you,I will never forget you,1083544578,Feryquitous,Feryquitous,Feryquitous,I will never forget you - Single,I will never forget you - Single,Feryquitous,42,47,0,5,1,1,1,1,176613,2022-01-01 00:00:00,2022-04-17 03:10:22,2022-04-17 01:18:56,A,-,Instrumental,Soundtrack,Soundtrack.VideoGame.Deemo,,,
1420,6414,6719,False,True,Moonlight Fragrance,Moonlight Fragrance,,,H△G,H△G,Moonlight Fragrance - Single,Moonlight Fragrance - Single,,28,30,0,2,1,1,1,1,138605,2022-01-26 12:00:00,2022-04-17 03:10:22,2022-04-17 01:19:00,,,,Soundtrack,,1605702912,TCJPQ2289980,
1421,6416,6721,True,True,Post-Script (piano ver.),Post-Script (piano ver.),"1457852358, 1522648583","the hoshizora project, Keikaku Tsuukou",Keikaku Tsuukou,計畫通行,Post-Script (piano ver.) - Single,Deemo II (Original Soundtrack),Various Artists,64,69,0,5,1,1,13,31,124525,2022-01-01 00:00:00,2022-04-17 03:10:22,2022-04-17 01:19:05,A,-,Instrumental,Soundtrack,Soundtrack.VideoGame.Deemo,1846247121,TCAIY2479962,Music211/v4/41/eb/1a/41eb1a90-ac4b-b595-04f4-5c2b31ffdb93/859720206359_cover.jpg
1422,6404,6709,False,True,New Sunshine,New Sunshine,,,MEMODEMO,MEMODEMO,New Sunshine - Single,New Sunshine - Single,MEMODEMO,37,38,0,1,1,1,1,1,213856,2020-07-17 12:00:00,2022-04-17 01:36:07,2022-04-17 01:36:07,,,,Future Bass,,1523794349,QZHNB2070830,
1423,6408,6713,True,True,Bloody Purity,Bloody Purity,518414583,Eyemedia,Eyemedia,Eyemedia,Cytus-Foresight,Cytus-Foresight,Various Artists,136,154,0,18,1,1,4,26,145789,2015-01-01 00:00:00,2022-04-17 03:10:22,2022-04-17 02:22:05,A,-,Dance,Soundtrack,"Hard.Artcore, Soundtrack.VideoGame.Cytus",1498604028,TCABS1338308,Music114/v4/5c/a6/43/5ca64381-7692-21b0-cfd7-ee795a59d8fb/859711707254_cover.jpg
1424,6418,6723,False,True,花雨,花雨,,,菅原紗由理,菅原紗由理,花雨 - Single,花雨 - Single,THE SxPLAY,43,43,0,0,1,1,1,1,226966,2022-03-30 12:00:00,2022-04-17 08:44:01,2022-04-17 08:44:01,,,,Soundtrack,,1613536806,JPZ922202053,
1425,6420,6725,True,True,センチメートル,センチメートル,1081292904,the peggies,the peggies,the peggies,The GARDEN,The GARDEN,the peggies,56,58,0,2,1,1,1,10,227013,2020-07-18 07:00:00,2022-04-17 13:18:57,2022-04-17 13:18:57,V.F,Japanese,Rock,Anime,Soundtrack.Anime,1585803311,JPU902001452,Music125/v4/2d/80/6f/2d806f0b-8759-3d0f-6ab9-4c4fafe19736/4547366530193.jpg
1426,6422,6727,False,True,homura,homura,,,LiSA,LiSA,homura - EP,homura - EP,LiSA,28,29,0,1,1,1,1,5,274412,2020-10-12 07:00:00,2022-04-18 00:01:06,2022-04-18 00:01:06,,,,Anime,,1531847485,JPU902002290,
1427,6424,6729,True,True,Last Summer,Last Summer,"1134525290, 1465964568, 275263062","Tokyo Machine, Weird Genius, Lights","Tokyo Machine, Weird Genius & Lights","Tokyo Machine, Weird Genius & Lights",Last Summer - Single,Last Summer - Single,"Tokyo Machine, Weird Genius, Lights",89,96,0,7,1,1,1,1,172552,2021-02-05 12:00:00,2022-04-18 02:22:32,2022-04-18 02:22:32,V.F,English,Dance,English Dance,Bass.FutureBass,1551058338,CA6D22100129,Music124/v4/18/32/f2/1832f233-baf3-8411-85dc-ac65b34108cc/742779534705.png
1428,6426,6731,True,True,Wishful (feat. Eleanor Forte),Wishful (feat. Eleanor Forte),"1366383804, 1437047341","Aika, Eleanor Forte",Aika,Aika,Wishful (feat. Eleanor Forte) - Single,Rai'Hea,Aika,189,204,0,15,1,1,4,19,307500,2022-03-25 12:00:00,2022-04-19 00:15:32,2022-04-19 00:15:32,V.F,English,Dance,English Dance,"Bass.FutureBass, Hard.FutureCore","1611970907, 1655034492",QZDA72228454,Music112/v4/2d/7b/41/2d7b41ff-d8cd-9501-8c7a-dd8312f1f06a/artwork.jpg
1429,6428,6733,True,True,Stay Alive,Stay Alive,929889037,エミリア,エミリア(CV:高橋李依),エミリア(CV:高橋李依),TVアニメ「Re:ゼロから始める異世界生活」キャラクターソングアルバム,TVアニメ「Re:ゼロから始める異世界生活」キャラクターソングアルバム,Various Artists,176,176,0,0,1,1,1,8,265462,2016-08-24 12:00:00,2022-04-20 10:33:52,2022-04-20 10:33:52,V.F,Japanese,Rock,Anime,"Pop.Influenced, Soundtrack.Anime",1556788456,JPD731600777,Music114/v4/f8/7a/62/f87a62c6-2a36-8a67-f9de-1712670e659f/JK_ZMCZ-14721.jpg
1430,6430,6735,False,True,Main Theme,Main Theme,,,George Strezov,George Strezov,Surviving Mars (Original Game Soundtrack),Surviving Mars (Original Game Soundtrack),George Strezov,98,98,0,0,1,1,16,28,162090,2019-04-12 12:00:00,2022-04-21 00:17:20,2022-04-21 00:17:20,,,,Soundtrack,,1463570512,SE6CZ1902816,
1431,6432,6737,True,True,Waiting Part II (The Answer),Waiting Part II (The Answer),"350247425, 1565299947, 1569782807","Caslow, FOSTER, Brycian","Caslow, FOSTER & Brycian","Caslow, FOSTER & Brycian",Waiting Part II (The Answer) [feat. Foster & Brycian] - Single,Waiting Part II (The Answer) [feat. Foster & Brycian] - Single,Caslow,84,89,0,5,1,1,1,1,257684,2021-06-04 12:00:00,2022-04-23 05:49:15,2022-04-23 05:49:15,V.X,English,Dance,English Dance,Bass.FutureBass,1569782808,GB2LD2110159,Music115/v4/38/1c/0a/381c0a41-f6d6-be46-7701-f0ba23e92cde/cover.jpg
1432,6434,6739,True,True,Otherside (feat. Nila),Otherside (feat. Nila),"1366383804, 1035007500","Aika, Nila",Aika,Aika,Otherside (feat. Nila) - Single,Rai'Hea,Aika,159,179,0,20,1,1,5,19,366000,2022-04-22 12:00:00,2022-05-01 22:01:03,2022-05-01 22:01:03,V.F,English,Dance,English Dance,Bass.MelodicBass,"1618113485, 1655034493",QZHN32244922,Music112/v4/2d/7b/41/2d7b41ff-d8cd-9501-8c7a-dd8312f1f06a/artwork.jpg
1433,6440,6745,True,True,Hyouryu (piano ver.),Hyouryu (piano ver.),1442324017,SLSMusic,SLSMusic,SLSMusic,Hyouryu (piano ver.) - Single,Hyouryu (piano ver.) - Single,SLSMusic,300,304,0,4,1,1,1,1,183040,2022-01-01 00:00:00,2022-05-05 15:06:21,2022-05-05 14:18:47,A,-,Instrumental,Soundtrack,Soundtrack.VideoGame.Deemo,1694564697,QZPJ32177419,Music126/v4/41/21/5a/41215a43-bc71-4dd8-e03d-d1e77ac29a9e/198001803352.png
1434,6438,6743,True,True,Wilt (piano ver.),Wilt (piano ver.),1522648583,Keikaku Tsuukou,Keikaku Tsuukou,計畫通行,Wilt (piano ver.) - Single,Wilt (piano ver.) - Single,Keikaku Tsuukou,103,104,0,1,1,1,1,1,155533,2022-01-01 00:00:00,2022-05-05 15:06:21,2022-05-05 14:23:59,A,-,Instrumental,Soundtrack,Soundtrack.VideoGame.Deemo,,,
1435,6436,6741,True,True,Favorites,Favorites,748129420,DJ'TEKINA//SOMETHING,DJ'TEKINA//SOMETHING,DJ'TEKINA//SOMETHING,Favorites - Single,Favorites - Single,DJ'TEKINA//SOMETHING,56,59,0,3,1,1,1,1,160391,2016-01-01 00:00:00,2022-05-05 15:06:21,2022-05-05 14:37:13,V.F,English,Dance,Soundtrack,"Bass.FutureBass, Bass.KawaiiBass, Soundtrack.VideoGame.Cytus",,,
1436,6442,6747,True,True,Broken In All The Right Places (feat. MOD SUN),Broken In All The Right Places (feat. MOD SUN),"972752212, 373888452","Lost Kings, MOD SUN",Lost Kings,Lost Kings,"It's Not You, It's Me","It's Not You, It's Me",Lost Kings,97,106,0,9,1,1,1,8,165672,2021-12-10 12:00:00,2022-05-06 10:54:57,2022-05-06 10:54:57,V.M,English,Dance,English Dance,Bass.FutureBass,1597831394,USRC12103357,Music116/v4/52/78/8b/52788bf5-67d6-ab58-f2ad-7ca95457e2f4/886448784685.jpg
1437,6444,6749,True,True,箱庭デイブレイク (feat. nayuta),箱庭デイブレイク (feat. nayuta),"1547933939, 1524724232, 1110002531","しゅーりん, Sound-Box, nayuta",しゅーりん & Sound-Box,しゅーりん & Sound-Box,After Garden,After Garden,Various Artists,367,368,0,1,1,1,1,10,191100,2021-01-10 12:00:00,2022-05-12 05:24:50,2022-05-12 05:24:50,V.F,Japanese,Pop,Soundtrack,Soundtrack.VideoGame.Deemo,1547980403,TCJPN2160657,Music124/v4/ba/7d/52/ba7d529b-1ba0-1035-615b-6c4ddb89cda7/859756525325_cover.png
1438,6446,6751,True,True,Start It Over (feat. KC),Start It Over (feat. KC),"775937718, 1438900835, 1577650063","Last Heroes, Man Cub, KC",Last Heroes & Man Cub,Last Heroes & Man Cub,Start It Over,Start It Over,"Last Heroes, Man Cub",280,303,0,23,1,1,1,1,195600,2022-04-29 12:00:00,2022-05-15 03:07:02,2022-05-15 03:07:02,V.F,English,Dance,English Dance,"Dubstep.MelodicDubstep, Pop.Influenced",1806726066,GBEWA2202190,Music211/v4/c3/a0/fc/c3a0fca9-55a5-f078-bd23-5ac8ea820fb8/5039060755495.jpg
1439,6448,6753,True,True,Sakura Fubuki,Sakura Fubuki,1590353162,Street,深空之眼,Street,Sakura Fubuki - Single,Sakura Fubuki - Single,Street,99,110,0,11,1,1,1,1,120000,2019-02-20 12:00:00,2022-05-17 04:51:17,2022-05-17 04:51:17,A,-,Dance,Dubstep,"DrumNBass, Soundtrack.VideoGame.Arcaea, Soundtrack.VideoGame.Lanota",1453204310,QM42K1503822,Music124/v4/aa/d8/1b/aad81b15-154b-1f39-2cda-7ea3238b6835/053000084525_cover.jpg
1440,6450,6755,False,True,world.execute (me) ;,world.execute (me) ;,,,Mili,Mili,Miracle Milk,Miracle Milk,Mili,42,43,0,1,1,1,11,17,211913,2016-10-12 12:00:00,2022-05-17 04:53:29,2022-05-17 04:53:29,,,,Soundtrack,,1158609134,TCJPE1657482,
1441,6452,6757,False,True,Blueming,Blueming,,,IU,IU,Love Poem - EP,Love Poem - EP,IU,19,19,0,0,1,1,3,6,217053,2019-11-18 12:00:00,2022-05-18 00:42:27,2022-05-18 00:42:27,,,,K Pop,,1488300930,KRA381904704,
1442,6454,6759,True,True,かくれんぼ,かくれんぼ,1452760392,AliA,AliA,AliA,Me,Me,AliA,105,105,0,0,1,1,9,13,302000,2019-02-13 08:00:00,2022-05-18 02:02:05,2022-05-18 02:02:05,V.F,Japanese,Rock,J Rock,Alternative,1598231389,JPC841900206,Music126/v4/6d/2c/15/6d2c15c4-ea60-6588-c8ce-ef2e7d5ddbaa/PA00093568_0_144259_jacket.jpg
1443,6456,6761,True,True,言葉のいらない約束,言葉のいらない約束,"415606364, 774888719","HoneyWorks, 鎖那",sana,HoneyWorks,好きになるその瞬間を。,好きになるその瞬間を。,HoneyWorks,59,60,0,1,1,1,3,18,254787,2015-05-27 12:00:00,2022-05-18 02:23:01,2022-05-18 02:23:01,V.F,Japanese,Rock,Anime,Soundtrack.Anime,1537331913,JPX401500025,Music114/v4/9a/ef/ef/9aefef36-5211-e4ad-dd16-8f77d8e1d1d0/jacket_SMCL00392B00Z_550.jpg
1444,6458,6763,True,True,ONE,ONE,569972619,Aimer,Aimer,Aimer,Sun Dance,Sun Dance,Aimer,76,77,0,1,1,1,2,10,328493,2017-10-11 12:00:00,2022-05-18 03:33:14,2022-05-18 03:33:14,V.F,Japanese,Pop,J Rock,,1538261226,JPU901702651,Music116/v4/99/28/78/992878dc-3339-da1f-bfd2-3ccac5cc2cc7/4547366402339.jpg
1445,6460,6765,True,True,My Way,My Way,882739606,當山MIREI,MIREI,當山MIREI,My Way,My Way,當山MIREI,58,58,0,0,1,1,1,12,272080,2016-07-27 12:00:00,2022-05-18 04:03:35,2022-05-18 04:03:35,V.F,Japanese,R&B/Soul,J R&B/Soul,Pop.Influenced,1538275217,JPU901601610,Music124/v4/e1/b9/9a/e1b99af1-c9b8-33af-679e-9c61b6001ec6/jacket_SRCL09111B00Z_550.jpg
1446,6462,6767,True,True,M八七,M八七,530814268,米津玄師,米津玄師,米津玄師,M八七 - Single,LOST CORNER,米津玄師,93,94,0,1,1,1,13,20,263123,2022-05-13 07:00:00,2022-05-23 01:42:01,2022-05-23 01:42:01,V.M,Japanese,Pop,J Pop,Soundtrack.Anime,"1621463792, 1759899376",JPU902201227,Music221/v4/3e/b2/13/3eb21367-be26-2634-d90f-bc8182d3d0b2/4547366699760.jpg
1447,6464,6769,True,True,Love Again,Love Again,"997440674, 1462475034","Elephante, SABAI",Elephante & SABAI,Elephante & SABAI,Love Again (Remix EP) - EP,Love Again (Remix) - EP,Elephante,99,111,0,12,1,1,1,4,230345,2022-05-06 12:00:00,2022-05-23 02:52:13,2022-05-23 02:52:13,V.M,English,Dance,English Dance,Bass.FutureBass,1770721406,QM24S2201532,Music221/v4/79/85/8c/79858cf7-ca64-99b6-aa91-b00076679d5c/193436304092_cover.jpg
1448,6466,6771,True,True,In Too Deep,In Too Deep,"410018890, 1438900835, 1216623121","Awakend, Man Cub, TRØVES","Awakend, Man Cub & TRØVES","Awakend, Man Cub & TRØVES",In Too Deep - Single,In Too Deep - Single,"Awakend, Man Cub, TRØVES",121,143,0,22,1,1,1,1,264968,2022-04-13 12:00:00,2022-05-23 02:58:50,2022-05-23 02:58:50,V.M,English,Dance,English Dance,Dubstep.MelodicDubstep,1700471882,USA2P2209341,Music126/v4/ff/19/06/ff19069c-f319-60a2-3a7f-7450064afaec/192641976261.png
1449,6468,6773,True,True,Colorful,Colorful,1238151061,KOTONOHOUSE,KOTONOHOUSE,KOTONOHOUSE,Colorful - Single,Colorful - Single,KOTONOHOUSE,228,239,0,11,1,1,1,1,231799,2022-05-11 12:00:00,2022-05-23 03:18:04,2022-05-23 03:18:04,V.M,Japanese,Dance,J Dance,Bass.FutureBass,1619943572,JPB602201889,Music112/v4/85/5c/fc/855cfc4a-140e-cd12-5430-2799fcc50c39/ANTCD-A0000007054.jpg
1450,6470,6775,False,True,帰り道は遠回りしたくなる,帰り道は遠回りしたくなる,,,乃木坂46,乃木坂46,帰り道は遠回りしたくなる (Special Edition),帰り道は遠回りしたくなる (Special Edition),Nogizaka46,42,42,0,0,1,1,1,7,269707,2018-11-07 12:00:00,2022-05-24 05:20:38,2022-05-24 05:20:38,,,,J Pop,,1537767179,JPU901803415,
1451,6474,6777,True,True,If You're Serious,If You're Serious,580391756,The Chainsmokers,The Chainsmokers,The Chainsmokers,So Far So Good,So Far So Good,The Chainsmokers,234,233,1,1,1,1,8,16,224669,2022-05-13 07:00:00,2022-05-27 00:27:17,2022-05-27 00:27:17,V.M,English,Pop,English Dance,Dance.Influenced,1637996867,USQX92105842,Music112/v4/1a/c4/d1/1ac4d105-c0b5-0108-7e53-e657a7186aaf/196589370242.jpg
1452,6476,6779,True,True,First Place,First Place,"1362924107, 350247425, 1364579932","yetep, Caslow, Lexi Scatena","yetep, Caslow & Lexi Scatena","yetep, Caslow & Lexi Scatena",First Place - Single,First Place - Single,"yetep, Caslow, Lexi Scatena",54,55,0,1,1,1,1,1,193655,2022-04-22 12:00:00,2022-05-31 08:03:02,2022-05-31 08:03:02,V.F,English,Dance,English Dance,Bass.FutureBass,1616583138,CA6D22200186,Music112/v4/e0/b5/b3/e0b5b37d-7e3e-ba4c-3d67-de0e33399f99/742779542984.png
1453,6478,6781,True,True,現在你好嗎,現在你好嗎,798549963,原子邦妮,原子邦妮,原子邦妮,謝謝你曾經讓我悲傷,謝謝你曾經讓我悲傷,原子邦妮,48,49,0,1,1,1,6,12,234542,2017-12-15 12:00:00,2022-05-31 09:14:35,2022-05-31 09:14:35,V.F,Mandarin,Dance,Mando Dance,Trap,1321246595,TWA451707261,Music124/v4/6e/ba/9d/6eba9de1-f6e9-55f6-e1ab-45f2c2fafa32/4710149667243.jpg.jpg
1454,6480,6783,True,True,Rise (feat. Jack & Jack),Rise (feat. Jack & Jack),"405728790, 944171951","Jonas Blue, Jack & Jack",Jonas Blue,Jonas Blue,Rise (feat. Jack & Jack) - Single,Rise (feat. Jack & Jack) - Single,Jonas Blue,54,56,0,2,1,1,1,1,194408,2018-05-25 12:00:00,2022-06-01 02:17:03,2022-06-01 02:17:03,V.M,English,Dance,English Dance,House.TropicalHouse,1383852262,GBUM71802109,Music122/v4/7f/98/67/7f986712-ff6a-6644-e77e-bc9b0bc14ee0/18UMGIM28012.rgb.jpg
1455,6482,6785,True,True,Wave Laser,Wave Laser,1191391882,iMeiden,iMeiden,iMeiden,"iMeiden, Vol. 1","iMeiden, Vol. 1",iMeiden,66,71,0,5,1,1,7,9,233806,2018-04-13 12:00:00,2022-06-05 01:01:35,2022-06-05 01:01:35,A,-,Dance,Future Bass,"Bass.FutureBass, Bass.KawaiiBass",1371460946,TCJPG1887483,Music128/v4/92/f2/26/92f22608-2d23-f9d5-27f1-64daf358594c/859754031781_cover.png
1456,6484,6787,True,True,Break Time,Break Time,1191391882,iMeiden,iMeiden,iMeiden,iMeiden Volume 2,iMeiden Volume 2,iMeiden,72,76,0,4,1,1,3,9,255086,2018-04-12 12:00:00,2022-06-05 01:26:54,2022-06-05 01:26:54,A,-,Dance,Future Bass,Bass.FutureBass,1371365216,TCJPG1886671,Music125/v4/99/77/63/9977630e-6dd7-1a3b-6b0a-96b1f7600b08/859754029818_cover.png
1457,6486,6789,True,True,We Will Meet Again,We Will Meet Again,"630923298, 896670451","San Holo, Jai Wolf",San Holo & Jai Wolf,San Holo & Jai Wolf,We Will Meet Again - Single,We Will Meet Again - Single,"San Holo, Jai Wolf",59,60,0,1,1,1,1,1,201199,2022-06-01 12:00:00,2022-06-06 09:35:57,2022-06-06 09:35:57,V.F,English,Pop,English Dance,Dance.Influenced,1624116161,USQE92200050,Music122/v4/be/91/dd/be91dd78-bca9-b8f5-edd2-0524a35f861b/810090092058.png
1458,6488,6791,False,True,No.1,No.1,,,西野加奈,西野加奈,Secret Collection 〜GREEN〜,Secret Collection 〜GREEN〜,Kana Nishino,26,29,0,3,1,1,1,15,254373,2015-11-18 12:00:00,2022-06-14 01:12:19,2022-06-14 01:12:19,,,,J Pop,,1537254092,JPU901503155,
1459,6490,6793,False,True,僕はロボットごしの君に恋をする (Instrumental Version),I Fall in Love with You Through a Robot (Instrumental Version),,,菅原紗由理,菅原紗由理,僕はロボットごしの君に恋をする - Single,I Fall in Love with You Through a Robot - Single,THE SxPLAY,9,9,0,0,1,1,3,3,290280,2017-11-03 12:00:00,2022-06-14 03:33:01,2022-06-14 03:33:01,,,,Soundtrack,,,,
1460,6492,6795,False,True,"It Might Be You (From ""Tootsie"")","It Might Be You (From ""Tootsie"")",,,STEPHEN BISHOP,Stephen Bishop,More Themes & Tunes from Movies & Television,More Themes & Tunes from Movies & Television,Various Artists,83,83,0,0,1,1,3,15,259200,2005-01-01 12:00:00,2022-06-14 05:03:35,2022-06-14 05:03:35,,,,English Classic,,73514217,USDEI9902793,
1461,6494,6797,True,True,To Where You Are,To Where You Are,170344,Josh Groban,Josh Groban,Josh Groban,Josh Groban,Josh Groban,Josh Groban,77,77,0,0,1,1,5,13,232907,2001-11-20 08:00:00,2022-06-15 00:43:55,2022-06-15 00:43:55,V.M,English,Pop,English Pop,,984835043,USRE11300524,Music124/v4/31/be/64/31be64fb-b71c-9483-6bd9-96cebff8ce4c/093624940371.jpg
1462,6496,6799,False,True,"Up Where We Belong (From ""An Officer and a Gentleman"")","Up Where We Belong (From ""An Officer And A Gentleman"")",,,Joe Cocker & Jennifer Warnes,Joe Cocker & Jennifer Warnes,Old Music Alert,Nostalgic Romance,Various Artists,65,65,0,0,1,1,27,78,233120,1982-08-01 12:00:00,2022-06-15 00:49:23,2022-06-15 00:49:23,,,,English Classic,,1795084194,USIR28200024,
1463,6498,6801,False,True,Bridge Over Troubled Water,Bridge Over Troubled Water,,,Simon & Garfunkel,Simon & Garfunkel,Bridge Over Troubled Water,Bridge Over Troubled Water,Simon & Garfunkel,26,26,0,0,1,1,1,11,296462,1970-01-20 08:00:00,2022-06-15 01:44:33,2022-06-15 01:44:33,,,,English Classic,,324127934,USSM16900808,
1464,6500,6803,False,True,Goodbye,Goodbye,,,Air Supply,Air Supply,The Vanishing Race,The Vanishing Race,Air Supply,43,43,0,0,1,1,5,10,242853,1993-05-07 12:00:00,2022-06-15 01:49:39,2022-06-15 01:49:39,,,,English Classic,,357821816,USGI10000045,
1465,6502,6805,False,True,Without You,Without You,,,Harry Nilsson,Harry Nilsson,Nilsson Schmilsson,Nilsson Schmilsson,Harry Nilsson,23,23,0,0,1,1,6,10,201774,1971-11-01 08:00:00,2022-06-15 01:51:34,2022-06-15 01:51:34,,,,English Classic,,304815013,USRC17101019,
1466,6504,6807,False,True,Don't Know Much (with Aaron Neville),Don't Know Much (with Aaron Neville),,,Linda Ronstadt,Linda Ronstadt,"Cry Like a Rainstorm, Howl Like the Wind","Cry Like a Rainstorm, Howl Like the Wind",Linda Ronstadt,10,10,0,0,1,1,5,12,214493,1989-09-01 07:00:00,2022-06-15 01:54:08,2022-06-15 01:54:08,,,,English Classic,,872635072,USEE11400247,
1467,6506,6809,False,True,You Light Up My Life,You Light Up My Life,,,LeAnn Rimes,LeAnn Rimes,You Light Up My Life: Inspirational Songs,You Light Up My Life: Inspirational Songs,LeAnn Rimes,11,11,0,0,1,1,1,12,217533,1997-09-09 07:00:00,2022-06-15 01:56:39,2022-06-15 01:56:39,,,,English Classic,,74003208,USCRB9700016,
1468,6508,6811,True,True,Sparkling Rain,Sparkling Rain,1609545753,Kei Morimoto,Kei Morimoto,Kei Morimoto,Sparkling Rain - Single,STORIES vol.1,Kei Morimoto,85,89,0,4,1,1,1,19,236331,2022-05-21 12:00:00,2022-06-15 09:37:20,2022-06-15 09:37:05,A,-,Dance,Future Bass,"Bass.FutureBass, Bass.KawaiiBass","1622795505, 1789708958, 1872382486",CAHQJ2212396,Music221/v4/36/60/80/366080df-b284-9e63-356e-74e21bc4e9b5/4571640734618_cover.png
1469,6510,6813,True,True,Summer Leap,Summer Leap,1584603746,Thymsleap,Thymsleap,Thymsleap,Farewell Music (2022年、夏),Farewell Music (2022年、夏),Thymsleap,91,93,0,2,1,1,1,9,97125,2021-09-04 12:00:00,2022-06-16 10:40:25,2022-06-16 10:40:25,A,-,Instrumental,Instrumental,,1640275426,TCJPS2279057,Music112/v4/50/c0/38/50c0384c-4223-aa18-18b8-c6fc30a8ccc4/859758590123_cover.jpg
1470,6512,6815,True,True,新盆,新盆,1584603746,Thymsleap,Thymsleap,Thymsleap,Farewell Music,Farewell Music (2022年、夏),Thymsleap,89,89,0,0,1,1,7,9,106250,2021-09-04 12:00:00,2022-06-16 12:47:25,2022-06-16 12:47:25,A,-,Instrumental,Instrumental,,1640275799,TCJPS2279103,Music112/v4/50/c0/38/50c0384c-4223-aa18-18b8-c6fc30a8ccc4/859758590123_cover.jpg
1471,6514,6817,True,True,Half A World Away (feat. Sarah de Warren),Half A World Away (feat. Sarah de Warren),"855763579, 710249236","Trivecta, Sarah de Warren",Trivecta,Trivecta,The Way Back Up,The Way Back Up,Trivecta,82,93,0,11,1,1,12,13,267200,2022-05-13 12:00:00,2022-06-17 02:29:11,2022-06-17 02:29:11,V.F,English,Dance,English Dance,Dubstep.MelodicDubstep,1806727019,GBEWA2202488,Music211/v4/1f/fc/ad/1ffcad73-ccd7-fda5-77f6-b557d9e4fbed/5039060759998.jpg
1472,6516,6819,True,True,Gold (feat. Luma),Gold (feat. Luma),"855969919, 132347710","Crystal Skies, Luma",Crystal Skies,Crystal Skies,Not Since When,Not Since When,Crystal Skies,98,113,0,15,1,1,2,12,184000,2022-02-25 12:00:00,2022-06-17 08:00:49,2022-06-17 08:00:49,V.F,English,Dance,English Dance,"Bass.FutureBass, Rock.Influenced",1606447383,CA5KR2201650,Music126/v4/93/fd/64/93fd6439-b030-5dd3-962b-64cf9949840f/dj.gpscsmut.jpg
1473,6518,6821,True,True,After You (feat. Calle Lehmann),After You (feat. Calle Lehmann),"953311187, 129061595, 959707957","Gryffin, Jason Ross, Calle Lehmann",Gryffin & Jason Ross,Gryffin & Jason Ross,After You (feat. Calle Lehmann) - Single,Alive,Gryffin,133,145,0,12,1,1,13,17,224570,2021-10-27 12:00:00,2022-06-18 04:23:51,2022-06-18 04:23:51,V.M,English,Dance,English Dance,Bass.FutureBass,"1589154755, 1651500250",USUG12105327,Music122/v4/09/ee/16/09ee169b-1f5e-1c35-d05c-02945774794d/22UM1IM18761.rgb.jpg
1474,6520,6823,True,True,worldend,worldend,1582757647,Sound Design Works,Sound Design Works,Sound Design Works,travelers - EP,travelers - EP,Sound Design Works,82,82,0,0,1,1,6,6,233799,2021-10-01 12:00:00,2022-06-20 02:06:43,2022-06-20 02:06:43,A,-,Rock,Rock,Soft,1582757654,JPB602184013,Music115/v4/59/6e/38/596e3837-4505-5a27-15f7-d2defd402870/bigup13250526.jpg
1475,6522,6825,True,True,Portrait,Portrait,1582757647,Sound Design Works,Sound Design Works,Sound Design Works,travelers - EP,travelers - EP,Sound Design Works,102,102,0,0,1,1,4,6,286531,2021-10-01 12:00:00,2022-06-20 02:33:14,2022-06-20 02:33:14,A,-,Rock,Rock,Soft,1582757651,JPB602184011,Music115/v4/59/6e/38/596e3837-4505-5a27-15f7-d2defd402870/bigup13250526.jpg
1476,6524,6827,False,True,すこしずつだけでいいよ,すこしずつだけでいいよ,,,Thymsleap,Thymsleap,Farewell Music (2022年、夏),Farewell Music (2022年、夏),Thymsleap,26,27,0,1,1,1,4,9,222500,2021-09-04 12:00:00,2022-06-20 02:48:28,2022-06-20 02:48:28,,,,J Pop,,1640275440,TCJPS2279091,
1477,6526,6829,True,True,landscape,landscape,1582757647,Sound Design Works,Sound Design Works,Sound Design Works,travelers - EP,travelers - EP,Sound Design Works,140,140,0,0,1,1,3,6,293796,2021-10-01 12:00:00,2022-06-20 02:59:19,2022-06-20 02:59:19,A,-,Rock,Rock,Soft,1582757650,JPB602184010,Music115/v4/59/6e/38/596e3837-4505-5a27-15f7-d2defd402870/bigup13250526.jpg
1478,6528,6831,True,True,Face My Fears (English Version),Face My Fears (English Version),"18756224, 356545647","宇多田光, Skrillex",宇多田ヒカル & Skrillex,宇多田光 & Skrillex,Face My Fears - EP,Face My Fears - EP,宇多田光,69,70,0,1,1,1,1,3,222018,2019-01-18 12:00:00,2022-06-22 00:31:12,2022-06-22 00:31:12,V.F,English,Dance,English Dance,Bass.FutureBass,"1444855034, 1538152263",JPU901803907,Music114/v4/ea/19/67/ea196748-554c-42e5-df21-60f4c1c18d6d/886447445648.jpg
1479,6530,6833,False,True,Don't Think Twice,Don't Think Twice,,,宇多田ヒカル,宇多田光,Face My Fears - EP,Face My Fears - EP,Hikaru Utada,10,10,0,0,1,1,2,3,273789,2018-12-10 08:00:00,2022-06-22 01:02:39,2022-06-22 01:02:39,,,,English Pop,,1444855036,JPU901803908,
1480,6532,6835,False,True,Dad Battle,Dad Battle,,,Kawai Sprite,Kawai Sprite,"Friday Night Funkin', Vol. 1 (Original Game Soundtrack)","Friday Night Funkin', Vol. 1 (Original Game Soundtrack)",Kawai Sprite,36,36,0,0,1,1,5,32,86833,2020-12-25 08:00:00,2022-06-23 01:34:51,2022-06-23 01:34:51,,,,Soundtrack,,1547477414,QZFYW2165512,
1481,6534,6837,True,True,High,High,1358602718,Kawai Sprite,Kawai Sprite,Kawai Sprite,"Friday Night Funkin', Vol. 1 (Original Game Soundtrack)","Friday Night Funkin', Vol. 1 (Original Game Soundtrack)",Kawai Sprite,110,112,0,2,1,1,12,32,105780,2020-12-25 08:00:00,2022-06-23 01:37:22,2022-06-23 01:37:22,A,-,Rock,Soundtrack,Soundtrack.VideoGame.FNF,1547477421,QZFYW2165519,Music125/v4/89/1b/a8/891ba835-8776-e249-c1fe-f3b5e199f54f/artwork.jpg
1482,6536,6839,True,True,ヒロイン,ヒロイン,"1450218337, 1581072401","PIKASONIC, なこたんまる",PIKASONIC & nakotanmaru,PIKASONIC & なこたんまる,ヒロイン - Single,ヒロイン - Single,"PIKASONIC, なこたんまる",213,231,0,18,1,1,1,1,252273,2022-06-17 12:00:00,2022-06-23 13:36:14,2022-06-23 13:36:14,V.F,Japanese,Dance,J Dance,"Bass.FutureBass, Bass.KawaiiBass",1629020618,TCJPS2218136,Music112/v4/e4/26/30/e4263091-7913-1dbd-e91a-f02306bd3806/859758359034_cover.jpg
1483,6538,6841,True,True,Where We Wanna Be (feat. Slyleaf),Where We Wanna Be (feat. Slyleaf),"988162399, 687872246, 1095348156","Hyper Potions, Mega Flare, Slyleaf",Hyper Potions & Mega Flare,Hyper Potions & Mega Flare,Collector's Box,Collector's Box,Hyper Potions,61,64,0,3,1,1,11,19,206953,2019-06-24 12:00:00,2022-06-24 02:16:10,2022-06-24 02:16:10,V.F,English,Dance,English Dance,House.ProgressiveHouse,1613622711,QZFYX1962617,Music126/v4/65/ce/b3/65ceb3f3-0091-ae80-f3fd-c4d53a9b5dd3/artwork.jpg
1484,6540,6843,True,True,A Thousand Miles,A Thousand Miles,1460061228,Josh Vietti,Josh Vietti,Josh Vietti,A Thousand Miles - Single,A Thousand Miles - Single,Josh Vietti,92,92,0,0,1,1,1,1,241263,2020-09-16 12:00:00,2022-06-25 06:36:28,2022-06-25 06:36:28,A,-,Instrumental,Instrumental,,1533140399,USL4Q2065923,Music124/v4/5e/0d/a5/5e0da5aa-0601-87a5-3196-003fcfc6a721/195448475234.jpg
1485,6542,6845,True,True,My Nonfiction,My Nonfiction,"867993110, 1456696834","白銀御行, 藤原千花",Makoto Furukawa & Chika Fujiwara(CV:Konomi Kohara),白銀御行(CV:古川慎) & 藤原千花(CV:小原好美),My Nonfiction - Single,My Nonfiction - Single,"古川慎, 小原好美",155,155,0,0,1,1,1,1,155932,2022-05-10 12:00:00,2022-06-26 12:31:11,2022-06-26 12:31:11,V.X,Japanese,Hip Hop/Rap,Anime,"Pop.Influenced, Soundtrack.Anime",1618918925,JPE302200476,Music112/v4/3c/23/e6/3c23e6f6-f016-56ab-c15e-9f1a646d5adf/4534530138026.jpg
1486,6546,6849,False,True,Diode,Diode,,,Kolaa,Kolaa,Diode - Single,Diode - Single,Kolaa,32,33,0,1,1,1,1,1,140199,2019-01-01 00:00:00,2022-06-26 14:25:41,2022-06-26 13:53:32,,,,Soundtrack,,,,
1487,6548,6851,True,True,Pray for The Rain (feat. Tamako Kinoshita),雨に祈りを (feat. 木下珠子),"210602927, 1672526346","onoken, 木下珠子",onoken,onoken,Pray for The Rain - Single,雨に祈りを,onoken,73,74,0,1,1,1,5,8,134844,2022-01-01 00:00:00,2022-06-26 14:25:41,2022-06-26 13:56:14,V.F,Japanese,Pop,Soundtrack,Soundtrack.VideoGame.Deemo,1723798994,TCJPY2473871,Music116/v4/27/5b/42/275b421e-9671-fc4a-0ec9-559b1716e7d7/3617222384039_cover.jpg
1488,6544,6847,True,True,Nightfall,Nightfall,744935931,ginkiha,ginkiha,ginkiha,Nightfall - Single,Ne/Nuit,Various Artists,200,205,0,5,1,1,1,10,257280,2014-01-01 00:00:00,2022-06-26 14:25:41,2022-06-26 14:03:54,A,-,Instrumental,Soundtrack,Soundtrack.VideoGame.Deemo,1719062851,JPW462380837,Music116/v4/fc/16/6f/fc166f78-ff6f-5193-1efb-d014162e7b0a/4582649095891.jpg
1489,6550,6853,True,True,Shedding Season,Shedding Season,1693568915,TERU FOX,TERU FOX,TERU FOX,Shedding Season - Single,Shedding Season - Single,TERU FOX,68,71,0,3,1,1,1,1,154775,2020-01-01 00:00:00,2022-06-26 14:25:41,2022-06-26 14:19:49,A,-,Instrumental,Soundtrack,Soundtrack.VideoGame.Deemo,,,
1490,6552,6855,True,True,栞,栞,1264559094,Hakubi,Hakubi,Hakubi,era,era,Hakubi,89,90,0,1,1,1,1,12,244613,2021-08-27 12:00:00,2022-06-30 13:17:14,2022-06-30 13:17:14,V.F,Japanese,Rock,J Rock,,1626864115,JPWP02170637,Music122/v4/82/32/93/823293c7-33d8-0e43-9895-60fe7d858cac/PCSP_04279.jpg
1491,6554,6857,False,True,ミラクルすぎてヤバイ (feat. shully),ミラクルすぎてヤバイ (feat. shully),,,Hige Driver,Hige Driver,ピコピコロック!,ピコピコロック!,Various Artists,41,41,0,0,1,1,8,9,244138,2014-12-30 12:00:00,2022-07-01 14:23:34,2022-07-01 14:23:34,,,,Soundtrack,,1078584996,JPQ891401408,
1492,6556,6859,True,True,Infinity Heaven,Infinity Heaven,500669983,HyuN,Hyun,Hyun,Cross†Soul,Cross†Soul,HyuN,58,62,0,4,1,1,7,12,153816,2022-01-10 12:00:00,2022-07-01 14:33:08,2022-07-01 14:33:08,A,-,Dance,Soundtrack,"Hard.Artcore, Soundtrack.VideoGame.Arcaea, Soundtrack.VideoGame.Phigros",1603539466,KRC772100145,Music116/v4/92/6b/c9/926bc944-8472-7ff4-a9bd-37fb6057ba2a/195729249776_cover.jpg
1493,6558,6861,False,True,Bad Day,Bad Day,,,Daniel Powter,Daniel Powter,Daniel Powter,Daniel Powter,Daniel Powter,34,35,0,1,1,1,3,10,233920,2005-06-27 07:00:00,2022-07-05 05:51:16,2022-07-05 05:51:16,,,,English Rock,,63816165,USWB10401971,
1494,6560,6863,False,True,Don Quixote,Don Quixote,,,SEVENTEEN,SEVENTEEN,SEVENTEEN 4th Album 'Face the Sun' (Extended Version),SEVENTEEN 4th Album 'Face the Sun' (Extended Version),SEVENTEEN,15,15,0,0,1,1,3,9,172360,2022-05-27 12:00:00,2022-07-06 07:21:39,2022-07-06 07:21:39,,,,K Pop,,1625952269,USA2P2146868,
1495,6562,6865,True,True,Roses & Ribbons (feat. Nila),Roses & Ribbons (feat. Nila),"978885336, 1035007500","Synthion, Nila",Synthion,Synthion,Roses & Ribbons (feat. Nila) - Single,Roses & Ribbons (feat. Nila) - Single,Synthion,128,146,0,18,1,1,1,1,201200,2022-06-24 12:00:00,2022-07-06 07:44:40,2022-07-06 07:44:40,V.F,English,Dance,English Dance,Bass.FutureBass,1629113890,QZK6N2295971,Music112/v4/2a/b5/1d/2ab51dcf-afb3-92fe-8e4c-494db1fce759/artwork.jpg
1496,6564,6867,False,True,Left and Right,Left and Right,,,Charlie Puth & Jung Kook,Charlie Puth & Jung Kook,Left and Right - Single,Left and Right - Single,Charlie Puth & Jung Kook,20,20,0,0,1,1,1,1,154487,2022-06-24 12:00:00,2022-07-06 08:39:14,2022-07-06 08:39:14,,,,English Pop,,1630451413,USAT22206972,
1497,6566,6869,False,True,Hate To Try,Hate To Try,,,KAYDEN,KAYDEN,Hate To Try - EP,Hate To Try - EP,KAYDEN,43,43,0,0,1,1,1,5,195429,2022-06-24 12:00:00,2022-07-06 10:17:16,2022-07-06 10:17:16,,,,English Pop,,1627824604,QZK6P2260869,
1498,6568,6871,True,True,Until Next Time,Until Next Time,978885336,Synthion,Synthion,Synthion,Background Music - EP,Background Music - EP,Synthion,67,74,0,7,1,1,4,4,146250,2022-04-15 12:00:00,2022-07-06 23:09:26,2022-07-06 23:09:26,A,-,Dance,Downtempo,Lo-fi,1616742585,QM24S2201403,Music122/v4/ed/cd/0a/edcd0acd-75a8-1803-64ec-58fa011f8334/193436287487_bgmepbig.jpg
1499,6570,6873,True,True,Just Chatting,Just Chatting,978885336,Synthion,Synthion,Synthion,Background Music - EP,Background Music - EP,Synthion,105,112,0,7,1,1,2,4,135000,2022-04-15 12:00:00,2022-07-06 23:21:05,2022-07-06 23:21:05,A,-,Dance,Downtempo,Trap,1616742583,QM24S2201405,Music122/v4/ed/cd/0a/edcd0acd-75a8-1803-64ec-58fa011f8334/193436287487_bgmepbig.jpg
1500,6572,6875,True,True,Circle of Karma,Circle of Karma,"1471963441, 1485185148","FUZI, MAAS",FUZI & MAAS,FUZI & MAAS,Circle of Karma - Single,Circle of Karma - Single,"FUZI, MAAS",212,215,0,3,1,1,1,1,264129,2020-10-03 12:00:00,2022-07-07 01:33:00,2022-07-07 01:33:00,V.F,English,Pop,English Dance,Dance.Influenced,1534084157,TCJPM2064919,Music124/v4/b1/c7/8b/b1c78b9d-9576-2292-26ce-e55bfa7e6416/859756204763_cover.jpg
1501,6574,6877,True,True,ハートインパルス (feat. くろくも),ハートインパルス (feat. くろくも),"1471963441, 353899348, 1028543677","FUZI, DECO*27, くろくも",FUZI & Deco*27,FUZI & DECO*27,ハートインパルス (feat. くろくも) - Single,ハートインパルス (feat. くろくも) - Single,"FUZI, DECO*27",83,83,0,0,1,1,1,1,198678,2020-12-19 12:00:00,2022-07-07 01:43:07,2022-07-07 01:43:07,V.F,Japanese,Rock,J Rock,Pop.Influenced,1540771650,TCJPM2095481,
1502,6576,6879,True,True,涙色スカイ (feat. Kotoha),涙色スカイ (feat. Kotoha),"1471963441, 353899348, 1467609331","FUZI, DECO*27, Kotoha",FUZI,FUZI,涙色スカイ (feat. Kotoha) - Single,涙色スカイ (feat. Kotoha) - Single,FUZI,157,157,0,0,1,1,1,1,221267,2021-08-22 12:00:00,2022-07-07 01:49:02,2022-07-07 01:49:02,V.F,Japanese,Rock,J Rock,Pop.Influenced,1581509492,TCJPP2157413,Music115/v4/6f/63/81/6f63815e-179d-63e5-316d-d59c9b098c4f/859757247301_cover.jpg
1503,6578,6881,True,True,Heartseeker (feat. iMeiden) [with iMeiden],Heartseeker (feat. iMeiden),"1292560937, 1191391882","Miraie, iMeiden",Miraie,Miraie,Heartseeker (feat. iMeiden) [with iMeiden] - Single,Heartseeker (feat. iMeiden) [with iMeiden] - Single,Miraie,83,84,0,1,1,1,1,1,234045,2017-10-25 12:00:00,2022-07-09 05:32:42,2022-07-09 05:32:42,A,-,Dance,Future Bass,"Bass.FutureBass, Bass.KawaiiBass",1300685682,GBSMU4311941,Music124/v4/d1/d6/07/d1d607cb-3956-198e-64cc-5a8ad52c0d3e/5057728301938_cover.jpg
1504,6580,6883,True,True,Worlds Away (feat. GLNNA),Worlds Away (feat. GLNNA),"1362924107, 1419823102","yetep, GLNNA",yetep,yetep,Subsidia Dawn: Vol. 1,Subsidia Dawn: Vol. 1,Various Artists,68,76,0,8,1,1,4,17,232297,2020-09-28 12:00:00,2022-07-10 09:52:13,2022-07-10 09:52:13,V.F,English,Dance,English Dance,Dubstep.MelodicDubstep,1532191210,QZHCR2000004,Music112/v4/48/42/02/48420266-fba2-3816-ba4f-b54df904cc76/810060811221.png
1505,6582,6885,True,True,Inferno Star,劫火のエトワール,774888727,majiko,Majiko,majiko,Inferno Star - Single,愛編む,majiko,103,104,0,1,1,1,10,13,235900,2022-04-13 12:00:00,2022-07-13 14:00:05,2022-07-13 14:00:05,V.F,Japanese,Rock,J Rock,Alternative,"1616748875, 1652742992",JPPO02200114,Music122/v4/1d/dc/5d/1ddc5deb-9432-4311-5d51-755b075991ce/22UM1IM17544.rgb.jpg
1506,6584,6887,True,True,Feel Like,Feel Like,"489858182, 1267621234","Dabin, CAPPA",Dabin & CAPPA,Dabin & CAPPA,Between Broken,Between Broken,Dabin,97,107,0,10,1,1,13,13,200347,2021-08-20 12:00:00,2022-07-14 00:18:25,2022-07-14 00:18:25,V.F,English,Dance,English Dance,Bass.FutureBass,1700470919,USA2P2129850,Music126/v4/61/e5/82/61e582f9-7d95-1571-dfb6-2a0456616698/192641832383.png
1507,6586,6889,True,True,Kokoronashi,心做し,1442324017,SLSMusic,SLSMusic,SLSMusic,"Azure - Sls Piano Collection, Vol. 1","Azure - Sls Piano Collection, Vol. 1",SLSMusic,45,48,0,3,1,1,4,11,364000,2020-11-12 12:00:00,2022-07-16 06:08:46,2022-07-16 06:08:46,A,-,Instrumental,Instrumental,,1540382682,QZGWX2052081,Music124/v4/c5/fa/be/c5fabe80-3336-ad23-be68-0488a1f8ccd6/194152698793.png
1508,6588,6891,True,True,Nothing at All,Nothing at All,1327098562,KAYDEN,Kayden,Kayden,Moments,Moments,KAYDEN,117,117,0,0,1,1,10,11,240987,2018-07-13 12:00:00,2022-07-20 06:29:07,2022-07-20 06:29:07,V.M,English,Pop,English Pop,,1410583850,TCADS1848310,Music115/v4/5b/fb/09/5bfb0914-00be-e8ab-ff11-989e3ed6c495/859727581183_cover.jpg
1509,6590,6893,True,True,Can't Forget,Can't Forget,"899224072, 1019528519, 1608726435","jav3x, GhostDragon, Daye","jav3x, GhostDragon & Daye","jav3x, GhostDragon & Daye",Can't Forget - Single,Can't Forget - Single,"jav3x, GhostDragon, Daye",139,158,0,19,1,1,1,1,226667,2022-07-06 12:00:00,2022-07-22 02:33:13,2022-07-22 02:33:13,V.F,English,Dance,English Dance,Dubstep.MelodicDubstep,1630786509,GB2LD2210201,Music112/v4/e5/fb/f1/e5fbf13a-dcd0-84fe-3bd6-e45ab226259c/5055199559049.png
1510,6592,6895,True,True,Take You Home (feat. Dia Frampton),Take You Home (feat. Dia Frampton),"129061595, 476609914, 432647731","Jason Ross, MitiS, Dia Frampton",Jason Ross & MitiS,Jason Ross & MitiS,Atlas,Atlas,Jason Ross,117,134,0,17,1,1,2,10,218323,2022-06-17 12:00:00,2022-07-22 04:38:49,2022-07-22 04:38:49,V.F,English,Dance,English Dance,Dubstep.MelodicDubstep,1806510816,GBEWA2203280,Music211/v4/7b/62/a6/7b62a619-fb40-4dd0-6e7d-f3e28314e6c5/5039060791691.jpg
1511,6594,6897,True,True,Comet Coaster,Comet Coaster,"484365136, 1448986037","DJ Noriken, aran",DJ Noriken & aran,DJ Noriken & aran,Comet Coaster - Single,Comet Coaster - Single,"DJ Noriken, aran",136,156,0,20,1,1,1,1,150667,2021-02-06 12:00:00,2022-07-27 10:52:20,2022-07-27 10:52:20,A,-,Dance,Hardcore,Hard.JCore,1551352294,TCJPN2176306,Music114/v4/c6/c2/9f/c6c29f53-84dc-aaa2-01d0-82489aa8ca3e/859756578208_cover.png
1512,6596,6899,True,True,soleil,soleil,569972619,Aimer,Aimer,Aimer,Sun Dance,Sun Dance,Aimer,40,40,0,0,1,1,1,10,119893,2019-04-10 07:00:00,2022-07-28 01:37:48,2022-07-28 01:37:48,A,-,Instrumental,Instrumental,,1538260865,JPU901900595,Music116/v4/99/28/78/992878dc-3339-da1f-bfd2-3ccac5cc2cc7/4547366402339.jpg
1513,6598,6901,False,True,森林之舞,フォレスト・ダンス,,,知浦伸司,Shinji Chiura,森林療癒系列1 - 榆樹之心,森林療癒系列1 - 榆樹之心,Shinji Chiura,27,28,0,1,1,1,4,5,619893,2019-07-25 12:00:00,2022-07-29 10:25:27,2022-07-29 10:25:27,,,,Instrumental,,1473245824,JPW251800083,
1514,6600,6903,True,True,DREAMER,DREAMER,423727068,EIKO,EIKO starring 96猫,EIKO starring 96猫,パリピ孔明 VOCAL COLLECTION MEGAMORI!!,パリピ孔明 VOCAL COLLECTION MEGAMORI!!,Various Artists,56,59,0,3,1,1,10,13,289667,2022-07-27 12:00:00,2022-08-01 04:44:37,2022-08-01 04:44:37,V.F,Japanese,Dance,Anime,"House.ProgressiveHouse, Soundtrack.Anime",1634197981,JPT552200596,Music112/v4/6a/3b/b8/6a3bb819-f33a-8077-3b3f-fb1129110dbf/ANTCD-A0000007541.jpg
1515,6602,6905,True,True,Find the way,Find the way,423727068,EIKO,EIKO starring 96猫,EIKO starring 96猫,パリピ孔明 VOCAL COLLECTION MEGAMORI!!,パリピ孔明 VOCAL COLLECTION MEGAMORI!!,Various Artists,70,71,0,1,1,1,6,13,242533,2022-07-27 12:00:00,2022-08-01 05:10:49,2022-08-01 05:10:49,V.F,Japanese,Rock,Anime,"Pop.Influenced, Soundtrack.Anime",1634197977,JPT552200599,Music112/v4/6a/3b/b8/6a3bb819-f33a-8077-3b3f-fb1129110dbf/ANTCD-A0000007541.jpg
1516,6604,6907,False,True,Elegant and Dainty,Elegant and Dainty,,,Genki Hikota,Genki Hikota,パリピ孔明 オリジナルサウンドトラック,パリピ孔明 オリジナルサウンドトラック,Genki Hikota,30,32,0,2,1,1,8,41,94893,2022-06-29 12:00:00,2022-08-01 05:41:42,2022-08-01 05:41:42,,,,Anime,,1629387692,JPT552200494,
1517,6606,6909,True,True,WAVE,WAVE,213424137,彥田元氣,Genki Hikota,彥田元氣,パリピ孔明 オリジナルサウンドトラック,パリピ孔明 オリジナルサウンドトラック,彦田元気,70,76,0,6,1,1,14,41,107800,2022-06-29 12:00:00,2022-08-01 05:52:50,2022-08-01 05:52:50,A,-,Dance,Anime,"House.TropicalHouse, Soundtrack.Anime",1629387848,JPT552200500,Music112/v4/76/c3/7d/76c37d78-0ed1-8c1a-b4ef-0c7d9ac87840/ANTCD-A0000007371.jpg
1518,6608,6911,False,True,気分上々↑↑,気分上々↑↑,,,EIKO starring 96猫、諸葛孔明(CV:置鮎龍太郎)、KABE太人(CV:千葉翔也)、久遠七海 starring Lezel,EIKO starring 96猫、諸葛孔明(CV:置鮎龍太郎)、KABE太人(CV:千葉翔也)、久遠七海 starring Lezel,テレビアニメ「パリピ孔明」エンディングテーマ「気分上々↑↑」 - EP,テレビアニメ「パリピ孔明」エンディングテーマ「気分上々↑↑」 - EP,EIKO starring 96猫、諸葛孔明(CV:置鮎龍太郎)、KABE太人(CV:千葉翔也)、久遠七海 starring Lezel,38,39,0,1,1,1,3,4,230960,2022-05-25 12:00:00,2022-08-01 11:38:41,2022-08-01 11:38:41,,,,Anime,,1623357848,JPT552200430,
1519,6610,6913,False,True,凱旋,凱旋,,,Genki Hikota,Genki Hikota,パリピ孔明 オリジナルサウンドトラック,パリピ孔明 オリジナルサウンドトラック,Genki Hikota,36,37,0,1,1,1,25,41,108067,2022-06-29 12:00:00,2022-08-02 00:52:01,2022-08-02 00:52:01,,,,Anime,,1629387859,JPT552200511,
1520,6612,6915,True,True,Tears,Tears,213424137,彥田元氣,Genki Hikota,彥田元氣,パリピ孔明 オリジナルサウンドトラック,パリピ孔明 オリジナルサウンドトラック,彦田元気,42,46,0,4,1,1,28,41,147120,2022-06-29 12:00:00,2022-08-02 01:02:55,2022-08-02 01:02:55,A,-,Instrumental,Anime,Soundtrack.Anime,1629387862,JPT552200514,Music112/v4/76/c3/7d/76c37d78-0ed1-8c1a-b4ef-0c7d9ac87840/ANTCD-A0000007371.jpg
1521,6614,6917,False,True,欠けた月,欠けた月,,,Shion Miyawaki,宮脇詩音,SHARE THE HAPPY,SHARE THE HAPPY,Shion Miyawaki,15,18,0,3,1,1,3,15,291133,2016-01-06 12:00:00,2022-08-02 03:38:56,2022-08-02 03:38:56,,,,J Pop,,1184244448,JPB601600104,
1522,6616,6919,True,True,人間ごっこ,人間ごっこ,91160335,RADWIMPS,RADWIMPS,RADWIMPS,人間ごっこ - Single,人間ごっこ - Single,RADWIMPS,252,258,0,6,1,1,1,1,257372,2022-07-15 12:00:00,2022-08-04 02:48:42,2022-08-04 02:48:42,V.M,Japanese,Rock,J Rock,"Alternative, Soundtrack.Drama, Dance.Influenced","1632869315, 1634523575",JPV972200073,Music112/v4/24/75/43/2475437c-fee2-cdd7-12ce-964876301f31/859758472795_cover.jpg
1523,6618,6921,True,True,Stay,Stay,484365136,DJ Noriken,DJ Noriken,DJ Noriken,Stay - Single,Irregular Nation 8,Various Artists,93,97,0,4,1,1,6,10,326253,2022-05-13 12:00:00,2022-08-04 12:03:35,2022-08-04 12:03:35,V.F,English,Dance,Hardcore,Trance,"1622537936, 1630639332",TCJPR2282340,Music112/v4/70/e8/f1/70e8f189-ef7c-3dee-f40e-3074b5468e07/859758388423_cover.png
1524,6620,6923,True,True,木糖醇,Xylitol,978885336,Synthion,Synthion & League of Legends Music,Synthion,星之守護者,Sessions: Star Guardian Taliyah (Original Soundtrack),Various Artists,54,56,0,2,1,1,27,29,205102,2022-07-11 12:00:00,2022-08-04 12:12:10,2022-08-04 12:12:10,A,-,Dance,Future Bass,"Bass.FutureBass, Bass.KawaiiBass",1831705409,QZH6S1900618,Music211/v4/6c/83/d6/6c83d631-7bbb-3850-505e-77e82916d38a/00198704648205_Cover.jpg
1525,6622,6925,True,True,What If I Wasn't Done Loving You?,What If I Wasn't Done Loving You?,1046396707,Fly By Midnight,Fly By Midnight,Fly By Midnight,What If I Wasn't Done Loving You? - Single,Fictional Illustrations,Fly By Midnight,137,157,0,20,1,1,4,10,175562,2022-07-29 12:00:00,2022-08-04 13:41:58,2022-08-04 13:41:58,V.M,English,Pop,English Indie,,"1633350223, 1674376237",QZK6H2299576,Music126/v4/62/91/41/629141c9-0bba-a0ca-696f-e59a12ee653e/artwork.jpg
1526,6624,6927,True,True,Colors,Colors,"953311187, 274124666, 1792435093","Gryffin, Blanke, EYLR","Gryffin, Blanke & Eyelar","Gryffin, Blanke & EYLR",Colors - Single,Alive,Gryffin,64,68,0,4,1,1,12,17,231833,2022-10-14 12:00:00,2022-08-04 14:08:49,2022-08-04 14:08:49,V.F,English,Dance,English Dance,Bass.FutureBass,"1634901352, 1651500246",USUG12205485,Music122/v4/09/ee/16/09ee169b-1f5e-1c35-d05c-02945774794d/22UM1IM18761.rgb.jpg
1527,6626,6929,True,True,All That Really Matters,All That Really Matters,"645420096, 1462541757","ILLENIUM, Teddy Swims",ILLENIUM & Teddy Swims,ILLENIUM & Teddy Swims,All That Really Matters - Single,ILLENIUM,ILLENIUM,61,64,0,3,1,1,2,16,244235,2022-07-29 12:00:00,2022-08-04 14:14:06,2022-08-04 14:14:06,V.M,English,Dance,English Dance,Bass.FutureBass,"1633752307, 1660941912",USWB12202265,Music113/v4/12/c1/df/12c1dfd9-cb9c-ac45-4b44-0384ea3be827/093624864257.jpg
1528,6628,6931,True,True,The Heat,The Heat,"1019528519, 1598398810, 1580720332","GhostDragon, Charlie Copper, Hannah Zhao","GhostDragon, Charlie Copper & Hannah Zhao","GhostDragon, Charlie Copper & Hannah Zhao",The Heat - Single,The Heat - Single,"GhostDragon, Charlie Copper, Hannah Zhao",129,141,0,12,1,1,1,1,209455,2022-07-22 12:00:00,2022-08-04 14:16:57,2022-08-04 14:16:57,V.X,English,Dance,English Dance,Bass.FutureBass,1634792790,GB2LD2210244,Music112/v4/d7/54/a5/d754a519-5f16-395e-d3d8-bf0eadc7f02d/5055199559452.png
1529,6630,6933,True,True,Night of Bloom (feat. nayuta),Night of Bloom (feat. nayuta),"1462844482, 1261243565, 1110002531","Kirara Magic, Xomu, nayuta",Kirara Magic & Xomu,Kirara Magic & Xomu,Night of Bloom - Single (feat. nayuta) - Single,Night of Bloom - Single (feat. nayuta) - Single,"Kirara Magic, Xomu",61,63,0,2,1,1,1,1,286000,2022-07-22 12:00:00,2022-08-04 14:27:18,2022-08-04 14:27:18,V.F,Japanese,Dance,J Dance,Hard.JCore,1633955407,TCAGI2206172,Music211/v4/ad/48/7a/ad487a65-47e9-4233-9c50-b55b775f439c/859763751694_cover.jpg
1530,6632,6935,False,True,"One Day (From: One Piece"") [Piano Solo]","One Day (From: One Piece"") [Piano Solo]",,,SLSMusic,SLSMusic,"One Day (From: One Piece"") [Piano Solo] - Single","One Day (From: One Piece"") [Piano Solo] - Single",SLSMusic,44,44,0,0,1,1,1,1,341500,2022-06-14 12:00:00,2022-08-08 21:39:03,2022-08-08 21:39:03,,,,Instrumental,,1629795611,QZPJ32176958,
1531,6634,6937,True,True,Yoakeno Uta (feat. Dazbee),Yoakeno Uta (feat. Dazbee),"882417950, 1250364643","M2U, Dazbee",M2U,M2U,Diversity.,Diversity.,M2U,79,80,0,1,1,1,17,30,195587,2017-07-12 12:00:00,2022-08-10 13:32:21,2022-08-10 13:32:21,V.F,Japanese,Pop,Soundtrack,Soundtrack.VideoGame.Deemo,1440891845,JPPO01703592,Music118/v4/a5/30/77/a530773e-79ea-f6db-ed77-242ddbf3df08/00602557586855.rgb.jpg
1532,6636,6939,True,True,Everything Goes On,Everything Goes On,282330711,Porter Robinson,Porter Robinson & League of Legends Music,Porter Robinson,Everything Goes On - Single,Everything Goes On - Single,Porter Robinson,100,124,0,24,1,1,1,1,202821,2022-07-14 12:00:00,2022-08-16 04:51:44,2022-08-16 04:51:44,V.M,English,Dance,Soundtrack,DrumNBass,1833384255,QZH6S1900628,Music211/v4/98/52/6e/98526efd-bb17-8896-584e-3885dee013f9/00198704673290_Cover.jpg
1533,6638,6941,True,True,錯過的煙火,錯過的煙火,300117743,周杰倫,周杰倫,周杰倫,最偉大的作品,最偉大的作品,周杰倫,68,68,0,0,1,1,8,11,257840,2022-07-15 12:00:00,2022-08-18 03:48:25,2022-08-18 03:48:25,V.M,Mandarin,Pop,Mando Pop,,1632190726,TWK972201205,Music122/v4/1a/07/93/1a079307-f4a0-9998-f5a3-bcd6aadc6dd8/dj.ihfqdaey.jpg
1534,6640,6943,True,True,Snowdin Town,Snowdin Town,1060915053,Toby Fox,Toby Fox,Toby Fox,Undertale Soundtrack,Undertale Soundtrack,Toby Fox,58,61,0,3,1,1,22,101,76169,2015-09-15 12:00:00,2022-08-18 14:44:04,2022-08-18 14:44:04,A,-,Instrumental,Soundtrack,,1528217817,USE831569620,Music124/v4/d3/21/9f/d3219f8b-c2ff-2498-0e87-eb57873b6eca/841787181533.png
1535,6642,6945,True,True,Afterglow,Afterglow,333815122,Roa,Roa,Roa,Afterglow - Single,Afterglow - Single,Roa,61,65,0,4,1,1,1,1,247655,2022-08-12 12:00:00,2022-08-20 15:04:06,2022-08-20 15:04:06,A,-,Dance,House,Bass.FutureBass,1638138181,GX5MY2277275,Music112/v4/78/31/0f/78310fc1-bb2f-f0e7-54d0-e225625a6778/5063113275241_cover.jpg
1536,6644,6947,True,True,Lemonade,Lemonade,1450218337,PIKASONIC,PIKASONIC,PIKASONIC,Lemonade - Single,Lemonade - Single,PIKASONIC,109,125,0,16,1,1,1,1,221455,2022-08-19 12:00:00,2022-08-26 00:32:45,2022-08-26 00:32:45,A,-,Dance,Future Bass,"Bass.FutureBass, Bass.KawaiiBass",1639338499,AUBEC2207169,Music112/v4/31/bb/f5/31bbf530-a899-096e-1f3f-f6cfc90982c9/5063072573143_cover.jpg
1537,6646,6949,False,True,Copenhagener Eisenbahn-Dampf Galopp,Copenhagener Eisenbahn-Dampf Galopp,,,馬利斯.楊頌斯 & Wiener Philharmoniker,Mariss Jansons & Vienna Philharmonic,New Year's Concert 2012 (Neujahrskonzert 2012),New Year's Concert 2012 (Neujahrskonzert 2012),"Vienna Boys' Choir, Mariss Jansons & Vienna Philharmonic",31,31,0,0,2,2,1,14,233067,2012-01-02 12:00:00,2022-08-28 23:50:41,2022-08-28 23:50:41,,,,Classical,,548977623,USSM11103112,
1538,6648,6951,True,True,Lost,Lost,1506180365,yama,yama,yama,Versus the night,Versus the night,yama,110,111,0,1,1,1,5,13,245467,2022-08-17 12:00:00,2022-08-29 12:37:18,2022-08-29 12:37:18,V.F,Japanese,Pop,J Pop,,1638668175,JPU902202704,Music112/v4/af/cb/32/afcb3257-b2b0-ddfe-9d75-086ce79bd8b1/4547366579987.jpg
1539,6650,6953,False,True,The Lonely Flower That Was Left Behind,The Lonely Flower That Was Left Behind,,,Miraie,Miraie,The Lonely Flower That Was Left Behind - Single,The Lonely Flower That Was Left Behind - Single,Miraie,51,51,0,0,1,1,1,1,204928,2022-08-19 12:00:00,2022-08-29 13:57:09,2022-08-29 13:57:09,,,,Instrumental,,1638221942,QZMEQ2290174,
1540,6652,6955,True,True,海底列車,海底列車,"1450218337, 1581072401","PIKASONIC, なこたんまる",PIKASONIC & nakotanmaru,PIKASONIC & なこたんまる,海底列車 - Single,海底列車 - Single,"PIKASONIC, なこたんまる",250,271,0,21,1,1,1,1,235769,2022-08-24 12:00:00,2022-09-04 12:44:33,2022-09-04 12:44:33,V.F,Japanese,Dance,J Dance,"Bass.FutureBass, Bass.KawaiiBass",1639574241,TCJPS2275990,Music112/v4/f8/2e/7a/f82e7a5e-eaf7-2ca5-fe1b-a3e2a9d4513d/859758574833_cover.jpg
1541,6654,6957,True,True,Endear (feat. Miraie),Endear (feat. Miraie),"1407376509, 1292560937","Couple N, Miraie",Couple N,Couple N,Endear (feat. Miraie) - Single,Endear (feat. Miraie) - Single,Couple N,134,157,0,23,1,1,1,1,196114,2018-10-22 12:00:00,2022-09-11 15:12:46,2022-09-11 15:12:46,A,-,Dance,Jungle/Drum'n'bass,DrumNBass,1439944481,QZES51888616,Music118/v4/14/a3/de/14a3de35-8ad5-9e38-bae0-401b86191795/artwork.jpg
1542,6656,6959,True,True,Sairai,Sairai,1125284333,小林信一,小林信一,小林信一,Kobayashi Project - EP,Kobayashi Project - EP,小林信一,46,48,0,2,1,1,1,4,142749,2017-02-04 12:00:00,2022-09-13 02:07:37,2022-09-13 02:07:37,A,-,Rock,Soundtrack,"Soundtrack.VideoGame.Cytus, Soundtrack.VideoGame.Deemo",1499176755,TWAE32000142,Music124/v4/1b/88/bd/1b88bd03-05de-eb28-b5b9-9ae75f6c5283/193017017236.jpg
1543,6658,6961,True,True,In the Night,In the Night,1046396707,Fly By Midnight,Fly By Midnight,Fly By Midnight,In the Night - EP,Fictional Illustrations,Fly By Midnight,186,193,0,7,1,1,1,10,206000,2022-09-02 12:00:00,2022-09-16 01:15:40,2022-09-16 01:15:40,V.M,English,Pop,English Indie,Rock.Influenced,"1639918431, 1674376234",QZNWQ2298903,Music126/v4/62/91/41/629141c9-0bba-a0ca-696f-e59a12ee653e/artwork.jpg
1544,6660,6963,True,True,Something Comforting,Something Comforting,282330711,Porter Robinson,Porter Robinson,Porter Robinson,Nurture,Nurture,Porter Robinson,170,182,0,12,1,1,11,14,281974,2021-01-27 08:00:00,2022-09-17 11:27:24,2022-09-17 11:27:24,V.F,English,Dance,English Dance,Trance,1550626769,USQE92000002,Music125/v4/e7/e7/f7/e7e7f72a-431f-1819-e46e-d3584047125a/858275061918.png
1545,6662,6965,True,True,Aoba,Aoba,1289422561,ARForest,ARForest,ARForest,The Unfinished,The Unfinished,ARForest,268,293,0,25,1,1,4,15,166997,2019-10-27 12:00:00,2022-09-17 12:31:00,2022-09-17 12:31:00,A,-,Dance,Hardcore,Hard.Artcore,1502890433,TCAEM1979189,Music113/v4/84/52/d2/8452d28e-1e07-631c-031e-aa489c9560d4/859735493478_cover.jpg
1546,6664,6967,True,True,It's Alright,It's Alright,1289422561,ARForest,ARForest,ARForest,The Unfinished,The Unfinished,ARForest,85,91,0,6,1,1,8,15,184286,2019-10-27 12:00:00,2022-09-17 16:25:57,2022-09-17 16:25:57,A,-,Instrumental,Hardcore,Dance.Influenced,1502890444,TCAEM1979197,Music113/v4/84/52/d2/8452d28e-1e07-631c-031e-aa489c9560d4/859735493478_cover.jpg
1547,6666,6969,True,True,Farewell,Farewell,1289422561,ARForest,ARForest,ARForest,The Unfinished,The Unfinished,ARForest,83,92,0,9,1,1,13,15,200456,2019-10-27 12:00:00,2022-09-17 16:45:11,2022-09-17 16:45:11,A,-,Dance,Hardcore,Bass.FutureBass,1502890781,TCAEM1979205,Music113/v4/84/52/d2/8452d28e-1e07-631c-031e-aa489c9560d4/859735493478_cover.jpg
1548,6680,6985,False,True,Tsukiyura (piano ver.),Tsukiyura (piano ver.),,,Keikaku Tsuukou,計畫通行,Tsukiyura (piano ver.) - Single,Tsukiyura (piano ver.) - Single,Keikaku Tsuukou,18,21,0,3,1,1,1,1,162455,2022-01-01 00:00:00,2022-09-18 14:23:03,2022-09-18 00:34:12,,,,Soundtrack,,,,
1549,6684,6981,True,True,FREEF4LL,FREEF4LL,1382179475,YUKIYANAGI,YUKIYANAGI,YUKIYANAGI,FREEF4LL -Single,Arcaea Sound Collection: Memories of Dreams,Various Artists,80,100,0,20,1,1,16,27,149838,2019-01-01 00:00:00,2022-09-18 14:23:03,2022-09-18 00:47:13,A,-,Dance,Soundtrack,"Hard.Hardcore, Soundtrack.VideoGame.Arcaea",1644146967,TCAGF2265887,Music112/v4/b2/d0/c3/b2d0c3fd-e2df-11ac-a7a4-98fa9ee35678/859762456095_cover.jpg
1550,6678,6983,True,True,Begin Anew (feat. Veronica Goudie),Begin Anew (feat. Veronica Goudie),"1097013461, 1516121758","Michael Wyckoff, Veronica Goudie",Michael Wyckoff,Michael Wyckoff,Begin Anew - Single,Deemo II (Original Soundtrack),Various Artists,83,81,2,2,1,1,31,31,242364,2022-01-01 00:00:00,2022-09-18 14:23:03,2022-09-18 13:46:46,V.F,English,Pop,Soundtrack,Soundtrack.VideoGame.Deemo,1846247585,TCAIY2489317,Music211/v4/41/eb/1a/41eb1a90-ac4b-b595-04f4-5c2b31ffdb93/859720206359_cover.jpg
1551,6670,6971,True,True,Antheia,Antheia,1289422561,ARForest,ARForest,ARForest,Antheia - Single,Antheia - Single,ARForest,266,270,0,4,1,1,1,1,126302,2022-01-01 00:00:00,2022-09-18 14:23:03,2022-09-18 13:48:04,A,-,Instrumental,Soundtrack,"Soundtrack.VideoGame.Deemo, Dance.Influenced",,,
1552,6672,6973,True,True,Cxielarko,Cxielarko,898162387,Ayatsugu_Otowa,Ayatsugu_Otowa,Ayatsugu_Otowa,Cxielarko - Single,Cxielarko - Single,Ayatsugu_Otowa,56,61,0,5,1,1,1,1,134321,2022-01-01 00:00:00,2022-09-18 14:23:03,2022-09-18 13:50:06,A,-,Instrumental,Soundtrack,Soundtrack.VideoGame.Deemo,,,
1553,6674,6975,True,True,Forgotten Sanctuary,Forgotten Sanctuary,1048623781,Elliot Hsu,Elliot Hsu,Elliot Hsu,Forgotten Sanctuary - Single,Forgotten Sanctuary - Single,Elliot Hsu,59,75,0,16,1,1,1,1,124525,2022-01-01 00:00:00,2022-09-18 14:23:03,2022-09-18 13:52:29,A,-,Instrumental,Soundtrack,Soundtrack.VideoGame.Deemo,,,
1554,6676,6979,True,True,Graves -Ancient Memories-,Graves -Ancient Memories-,1465842940,Juggernaut.,Juggernaut.,Juggernaut.,Graves -Ancient Memories- - Single,Graves -Ancient Memories- - Single,Juggernaut.,84,112,0,28,1,1,1,1,152790,2022-01-01 00:00:00,2022-09-18 14:23:03,2022-09-18 13:56:01,A,-,Instrumental,Soundtrack,"Soundtrack.VideoGame.Deemo, Dance.Influenced",,,
1555,6668,6977,True,True,Reminisce (feat. Renko),Reminisce (feat. Renko),"1193247275, 1117287220","Airuei, Renko",Airuei,Airuei,Reminisce - Single,Reminisce - Single,Airuei,88,97,0,9,1,1,1,1,156107,2022-01-01 00:00:00,2022-09-18 14:23:03,2022-09-18 13:58:05,V.F,English,Dance,Soundtrack,"Bass.FutureBass, Soundtrack.VideoGame.Deemo",,,
1556,6686,6989,True,True,星茶會,星茶會,1645541185,灰澈,灰澈,灰澈,星茶會 - Single,星茶會 - Single,灰澈,69,69,0,0,1,1,1,1,197041,2017-07-22 00:00:00,2022-09-18 14:23:52,2022-09-18 14:16:11,A,-,Instrumental,Instrumental,Dance.Influenced,1645563628,FRX762268284,Music122/v4/04/94/7a/04947a1c-f2ee-420b-9b63-cd6a9c185d18/cover.jpg
1557,6682,6987,True,True,Reunite,Reunite,499809053,Tsukishiro Hikari,Tsukishiro Hikari,Tsukishiro Hikari,Reunite - Single,Reunite - Single,Tsukishiro Hikari,86,88,0,2,1,1,1,1,161227,2022-01-01 00:00:00,2022-09-18 14:23:03,2022-09-18 14:21:08,A,-,Instrumental,Soundtrack,Soundtrack.VideoGame.Deemo,,,
1558,6688,6991,True,True,My medicine (feat. RANASOL),My medicine (feat. RANASOL),"1238151061, 1448982033","KOTONOHOUSE, RANASOL",KOTONOHOUSE,KOTONOHOUSE,encore -Emotional Vocal POP 02-,encore -Emotional Vocal POP 02-,Various Artists,171,185,0,14,1,1,8,16,193603,2020-10-25 12:00:00,2022-09-20 15:43:44,2022-09-20 15:43:44,V.F,Japanese,Dance,J Dance,Bass.FutureBass,1537230447,TCJPM2083333,Music114/v4/5e/73/64/5e736492-a6ab-afe8-9d41-2e2069f1e576/859756267119_cover.jpg
1559,6690,6993,False,True,Ninelie (Easylistening),Ninelie (Easylistening),,,徐夢圓,徐夢圓,Ninelie (Easylistening) - Single,Ninelie (Easylistening) - Single,YUAN,51,51,0,0,1,1,1,1,141184,2016-01-01 12:00:00,2022-09-23 11:43:31,2022-09-23 11:43:31,,,,Instrumental,,1562335523,QM6MZ2147251,
1560,6692,6995,True,True,Monsters,Monsters,1211885710,Midnight Kids,Midnight Kids,Midnight Kids,The Lost Youth,The Lost Youth,Midnight Kids,47,47,0,0,1,1,5,8,237930,2020-04-24 12:00:00,2022-09-24 14:10:42,2022-09-24 14:10:42,V.F,English,Pop,English Dance,Dance.Influenced,1511562816,USRC11903770,Music124/v4/3d/c2/76/3dc27661-87bd-392f-7b60-6c5e35718c3d/886448198581.jpg
1561,6694,6997,True,True,好想愛這個世界啊,好想愛這個世界啊,919255386,華晨宇,華晨宇,華晨宇,新世界,新世界,華晨宇,56,56,0,0,1,1,2,8,258834,2019-12-05 12:00:00,2022-10-06 14:05:05,2022-10-06 14:05:05,V.M,Mandarin,Pop,Mando Pop,,1634558230,HKG732248543,Music122/v4/c8/e2/78/c8e2785b-bd55-0a8b-912f-6d13bc3b266e/4894894575135.jpg
1562,6696,6999,True,True,Ops:Limone,Ops:Limone,1229173213,Reku Mochizuki,Reku Mochizuki,Reku Mochizuki,Ops:Limone - Single,Ops:Limone - Single,Reku Mochizuki,117,136,0,19,1,1,1,1,134571,2022-09-24 12:00:00,2022-10-08 05:29:06,2022-10-08 05:29:06,A,-,Dance,Hardcore,Hard.Artcore,1646201936,QZHZD2267561,Music122/v4/7a/28/d3/7a28d3d4-bf5d-9aa3-719b-e66dd2492b81/735910376142_cover.jpg
1563,6698,7001,True,True,アスは雨が止むから (feat. Ato),アスは雨が止むから (feat. Ato),"500669983, 0","HyuN, Ato",HyuN,HyuN,アスは雨が止むから - Single,アスは雨が止むから - Single,HyuN,163,164,0,1,1,1,1,1,153808,2018-01-01 00:00:00,2022-10-12 15:49:53,2022-10-12 15:46:27,V.F,Japanese,Rock,Soundtrack,Dance.Influenced,,,
1564,6700,7003,True,True,Journey,Journey,"1362924107, 1173027834","yetep, KLAXX",yetep & KLAXX,yetep & KLAXX,Journey - Single,Journey - Single,"yetep, KLAXX",55,61,0,6,1,1,1,1,186052,2022-09-27 12:00:00,2022-10-12 18:15:33,2022-10-12 18:15:33,V.F,English,Dance,English Dance,Dubstep.MelodicDubstep,1642259853,CA6D22200509,Music122/v4/37/cc/b6/37ccb6bf-a66d-41e9-4a0f-97d0a08eb543/742779545411.png
1565,6702,7005,True,True,On My Own,On My Own,"867638609, 1297084102, 442532936","Said The Sky, William Black, SayWeCanFly","Said The Sky, William Black & SayWeCanFly","Said The Sky, William Black & SayWeCanFly",On My Own - Single,On My Own - Single,"Said The Sky, William Black, SayWeCanFly",121,134,0,13,1,1,1,1,255448,2022-09-30 12:00:00,2022-10-12 18:15:37,2022-10-12 18:15:37,V.M,English,Dance,English Dance,"Bass.FutureBass, Rock.Influenced",1643226412,CA5KR2284877,Music122/v4/e6/b5/77/e6b57729-33d1-31b1-2921-eeffdc98471a/cover.jpg
1566,6704,7007,False,True,Fix You,Fix You,,,We the Kings & Songs That Saved My Life,We the Kings & Songs That Saved My Life,Fix You - Single,Fix You - Single,We the Kings & Songs That Saved My Life,23,23,0,0,1,1,1,1,285525,2022-09-09 12:00:00,2022-10-13 01:55:44,2022-10-13 01:55:44,,,,English Rock,,1640544282,USHR22211901,
1567,6706,7009,True,True,走馬灯,走馬灯,1334924854,HoneyComeBear,HoneyComeBear,HoneyComeBear,走馬灯 - Single,走馬灯 - Single,HoneyComeBear,105,106,0,1,1,1,1,1,381167,2022-10-13 12:00:00,2022-10-14 01:22:35,2022-10-14 01:22:35,V.F,Japanese,Rock,J Rock,Alternative,1649322657,TCJPT2234477,Music112/v4/75/fa/5a/75fa5a79-a0bc-be34-f6eb-4169cd18537d/859758808761_cover.jpg
1568,6708,7011,False,True,Particle Parade,Particle Parade,,,Tomggg,TOMGGG,Wetlands of Grey and Blue - EP,Wetlands of Grey and Blue - EP,TOMGGG,35,38,0,3,1,1,5,5,160000,2022-02-14 12:00:00,2022-10-15 00:05:34,2022-10-15 00:05:34,,,,Soundtrack,,1607077431,TCJPQ2295997,
1569,6710,7013,False,True,Kokoro Odoro (feat. m/lue.),Kokoro Odoro (feat. m/lue.),,,Tomggg,TOMGGG,Wetlands of Grey and Blue - EP,Wetlands of Grey and Blue - EP,TOMGGG,42,43,0,1,1,1,1,5,144000,2022-02-14 12:00:00,2022-10-15 00:06:35,2022-10-15 00:06:35,,,,Soundtrack,,1607077090,TCJPQ2295991,
1570,6712,7015,False,True,Cute Swing,Cute Swing,,,Mihony,Mihony,Cute Swing - Single,Cute Swing - Single,Mihony,35,35,0,0,1,1,1,1,215635,2019-10-15 12:00:00,2022-10-17 09:29:31,2022-10-16 07:40:15,,,,House,,1483232803,SE6I31927637,
1571,6714,7017,False,True,Little Adventure (feat. Mihony),Little Adventure (feat. Mihony),,,Bedhair,Bedhair,Little Adventure (feat. Mihony) - Single,Little Adventure (feat. Mihony) - Single,Bedhair,30,30,0,0,1,1,1,1,203451,2020-03-07 12:00:00,2022-10-17 09:29:33,2022-10-16 07:47:08,,,,Jungle/Drum'n'bass,,1502592505,QZFZ62041954,
1572,6716,7019,True,True,Runaway Kids,Runaway Kids,"1566190378, 280673915, 1244437444, 1469241943","dreamr., Catchphrase, Prince Woods, Kyra Grove","dreamr., Catchphrase, Prince Woods & Kyra Grove","dreamr., Catchphrase, Prince Woods & Kyra Grove",Runaway Kids - Single,Runaway Kids - Single,"dreamr., Catchphrase, Prince Woods, Kyra Grove",68,67,1,1,1,1,1,1,206400,2021-05-28 12:00:00,2022-10-19 18:43:08,2022-10-19 18:43:08,V.X,English,Pop,English Dance,"Dance.Influenced, Rock.Influenced",1565227806,GB2LD2110135,Music125/v4/f7/4e/f3/f74ef340-008a-ee1c-3f53-7a137b7cc761/cover.jpg
1573,6718,7021,False,True,Hard Part's Over (feat. Page),Hard Part's Over (feat. Page),,,Hoang,Hoang,Hard Part's Over (feat. Page) - Single,Hard Part's Over (feat. Page) - Single,Hoang,27,27,0,0,1,1,1,1,194417,2022-09-30 12:00:00,2022-10-20 01:34:28,2022-10-20 01:34:28,,,,English Dance,,1644936428,CA5KR2286289,
1574,6720,7023,True,True,Finally,Finally,826612093,Spring Street,Spring Street,Spring Street,Finally - Single,Finally - Single,Spring Street,164,183,0,19,1,1,1,1,199442,2022-06-16 12:00:00,2022-10-20 01:43:10,2022-10-20 01:43:10,V.F,English,Dance,English Dance,Dubstep.MelodicDubstep,1626348681,GB2LD2210171,Music122/v4/15/29/f7/1529f70e-11f0-1f58-78ec-5aa10c2e3930/5055199558691.png
1575,6722,7025,False,True,Replay (feat. Dylan Matthew),Replay (feat. Dylan Matthew),,,SLANDER,SLANDER,Thrive,Thrive,SLANDER,43,43,0,0,1,1,3,10,241412,2022-08-05 12:00:00,2022-10-20 01:50:48,2022-10-20 01:50:48,,,,English Dance,,1644945767,QZS652207324,
1576,6724,7027,True,True,Where We Were (feat. GLNNA) [Johnny Chay Remix],Where We Were (feat. GLNNA) [Johnny Chay Remix],"1019528519, 419866465, 1449549276, 1419823102","GhostDragon, lama, Johnny Chay, GLNNA","GhostDragon, Lama & Johnny Chay","GhostDragon, Lama & Johnny Chay",Where We Were (feat. GLNNA) [Johnny Chay Remix] - Single,Where We Were (feat. GLNNA) [Johnny Chay Remix] - Single,"GhostDragon, lama, Johnny Chay",185,204,0,19,1,1,1,1,234375,2022-06-30 12:00:00,2022-10-20 01:57:17,2022-10-20 01:57:17,V.F,English,Dance,English Dance,Dubstep.MelodicDubstep,1630760307,GB2LD2210200,Music112/v4/47/df/c8/47dfc846-a7b5-aeb4-edf0-54e0c9230fa9/5055199559032.png
1577,6726,7029,True,True,Re-Collide,Re-Collide,"1019528519, 1608726435","GhostDragon, Daye",GhostDragon & Daye,GhostDragon & Daye,Re-Collide - Single,Re-Collide - Single,"GhostDragon, Daye",75,81,0,6,1,1,1,1,168000,2022-10-14 12:00:00,2022-10-22 09:54:33,2022-10-22 09:54:33,V.F,English,Dance,English Dance,Bass.FutureBass,1647739331,USA2P2243678,Music122/v4/58/d4/d9/58d4d9f5-5289-303e-9083-0bd3e3442fc4/196922215025_Cover.jpg
1578,6728,7031,True,True,The Drive (feat. Sonny Zero),The Drive (feat. Sonny Zero),"1566190378, 1455007435","dreamr., Sonny Zero",dreamr.,dreamr.,Nights on the Boulevard - EP,Nights on the Boulevard - EP,dreamr.,141,140,1,1,1,1,1,5,185143,2022-10-14 12:00:00,2022-10-22 10:09:55,2022-10-22 10:09:55,V.M,English,Pop,English Dance,Dance.Influenced,1754528975,USA2P2241439,Music211/v4/8d/ef/04/8def0412-22c6-0a03-d427-fa69e8f1b32f/196922250064.png
1579,6730,7033,True,True,Firefly Forest,Firefly Forest,1474543740,Bedhair,Bedhair,Bedhair,Firefly Forest - Single,Firefly Forest - Single,Bedhair,114,129,0,15,1,1,1,1,168854,2022-08-20 12:00:00,2022-10-22 11:22:58,2022-10-22 11:22:58,A,-,Dance,Future Bass,"Bass.FutureBass, Bass.KawaiiBass",1641339590,QZNWS2249802,Music122/v4/57/2c/d4/572cd49c-8763-f2d0-c5d0-676d77029d2d/artwork.jpg
1580,6732,7035,False,True,獅子舞 (feat. Pica),獅子舞 (feat. Pica),,,M2U,M2U,獅子舞 (feat. Pica) - Single,獅子舞 (feat. Pica) - Single,M2U,39,39,0,0,1,1,1,1,135273,2022-10-17 12:00:00,2022-10-22 11:23:01,2022-10-22 11:23:01,,,,Hardcore,,1650731912,QZTAS2256358,
1581,6734,7037,True,True,Enough (feat. Hatsune Miku),Enough (feat. 初音未來),"1437839651, 307078957","Mwk, 初音未來",Mwk,Mwk,Inside Me (feat. Hatsune Miku) - Single,Inside Me (feat. 初音未來) - Single,Mwk,277,327,0,50,1,1,3,3,208696,2022-10-07 12:00:00,2022-10-22 11:47:05,2022-10-22 11:47:05,V.F,Japanese,Dance,J Dance,Dubstep.MelodicDubstep,1647319659,JP92Q2200305,Music122/v4/fc/a0/de/fca0de29-ced6-5785-d0ba-c35d5cc436c3/4511820-95694.jpg
1582,6736,7039,False,True,When We Were Young (feat. Derek Sanders),When We Were Young (feat. Derek Sanders),,,We the Kings,We the Kings,When We Were Young (feat. Derek Sanders) - Single,When We Were Young (feat. Derek Sanders) - Single,We the Kings,41,41,0,0,1,1,1,1,191493,2022-10-07 12:00:00,2022-10-22 12:10:35,2022-10-22 12:10:35,,,,English Rock,,1644239579,QM24S2204680,
1583,6738,7041,True,True,ライカ,ライカ,1506180365,yama,yama,yama,Versus the night,Versus the night,yama,54,55,0,1,1,1,6,13,205067,2022-08-31 12:00:00,2022-10-22 12:16:20,2022-10-22 12:16:20,V.F,Japanese,Pop,J Pop,Rock.Influenced,1638668596,JPU902202813,Music112/v4/af/cb/32/afcb3257-b2b0-ddfe-9d75-086ce79bd8b1/4547366579987.jpg
1584,6740,7043,True,True,むすんで、ひらいて,むすんで、ひらいて,1197102254,Drama Store,Drama Store,Drama Store,LAST DAY(S) LAST,LAST DAY(S) LAST,Drama Store,37,47,0,10,1,1,12,12,307545,2022-07-27 12:00:00,2022-10-22 12:21:11,2022-10-22 12:21:11,V.M,Japanese,Rock,J Rock,Pop.Influenced,1838687900,JPTE02202570,Music221/v4/1e/5b/2f/1e5b2f4a-bbdf-8b75-64c3-0c608c223c7f/cover.jpg
1585,6742,7045,True,True,Baunmani Sunset (feat. BB Yukus),Baunmani Sunset (feat. BB Yukus),"1490208494, 1492611156","Electric Dad, BB Yukus",Electric Dad,Electric Dad,Baunmani Sunset (feat. BB Yukus) - Single,Baunmani Sunset (feat. BB Yukus) - Single,Electric Dad,128,151,0,23,1,1,1,1,264828,2022-10-07 12:00:00,2022-10-22 13:02:36,2022-10-22 13:02:36,A,-,Dance,Dubstep,Dubstep.MelodicDubstep,1648757826,QZPLS2283080,Music112/v4/b1/6a/0e/b16a0e46-0cea-10bc-ff63-8ac84e815534/artwork.jpg
1586,6744,7047,True,True,Another Life,Another Life,1462475034,SABAI,SABAI,SABAI,Another Life - Single,Another Life - Single,SABAI,81,89,0,8,1,1,1,1,196286,2019-07-12 12:00:00,2022-10-27 00:55:13,2022-10-27 00:55:13,V.F,English,Dance,English Dance,Dubstep.MelodicDubstep,1467847277,QZFYX1989650,Music123/v4/5b/f6/f8/5bf6f813-82de-60f0-4ec5-1c0011f797c6/artwork.jpg
1587,6746,7049,True,True,Brand-New,Brand-New,1438480410,SANARI,SANARI,SANARI,Sicksteen,SICKSTEEN,SANARI,65,66,0,1,1,1,11,11,298093,2019-06-05 12:00:00,2022-10-27 00:57:34,2022-10-27 00:57:34,V.M,Japanese,Rock,J Rock,Pop.Influenced,1840120877,JPJ221901259,Music211/v4/c4/55/e6/c455e6a3-a879-7c61-2cd8-e51524cafb82/25UMGIM93229.rgb.jpg
1588,6748,7051,True,True,but you don’t,but you don’t,1238151061,KOTONOHOUSE,KOTONOHOUSE,KOTONOHOUSE,but you don’t - EP,but you don’t - EP,KOTONOHOUSE,244,261,0,17,1,1,2,4,216732,2018-11-30 12:00:00,2022-10-27 01:30:48,2022-10-27 01:30:48,A,-,Dance,Dubstep,Bass.MelodicBass,1445107487,TCJPH1857024,Music128/v4/ec/17/05/ec170548-d2b0-e439-113f-77afee70d4bc/859754602516_cover.png
1589,6750,7053,True,True,Let Me Out (feat. Anvy),Let Me Out (feat. Anvy),"322473880, 1566190378, 1481231689","Feenixpawl, dreamr., Anvy",Feenixpawl & dreamr.,Feenixpawl & dreamr.,Let Me Out (feat. Anvy) - Single,Let Me Out (feat. Anvy) - Single,"Feenixpawl, dreamr.",119,127,0,8,1,1,1,1,180000,2021-03-10 12:00:00,2022-10-27 01:59:51,2022-10-27 01:59:51,V.F,English,Dance,English Dance,"House.ProgressiveHouse, Pop.Influenced",1659876819,USA2P2106591,Music112/v4/7c/5f/fd/7c5ffde9-b402-743b-a177-dccfea92274a/192641670190_.jpg
1590,6752,7055,True,True,Tides of Time,Tides of Time,"1511852072, 1358563188","iolli, Ashley N Woods",iolli & Ashley N Woods,iolli & Ashley N Woods,Realm of Bird,Realm of Bird,iolli,255,272,0,17,1,1,9,9,282000,2020-10-25 12:00:00,2022-10-31 11:14:02,2022-10-31 11:14:02,V.F,English,Dance,English Dance,Bass.FutureBass,1538120157,TCJPM2086726,Music114/v4/f5/1b/b3/f51bb3ec-99a5-2874-ba75-71160ad1f02c/859756280200_cover.jpg
1591,6754,7057,False,True,"Was mir behagt, ist nur die muntre Jagd, BWV 208: IX. Schafe können sicher weiden (Sheep May Safely Graze)","Was mir behagt, ist nur die muntre Jagd, BWV 208: IX. Schafe können sicher weiden (Sheep May Safely Graze)",,,Allegro String Ensemble,Allegro String Ensemble,"The Beauty of Classical Chamber Strings, Vol. 2","The Beauty of Classical Chamber Strings, Vol. 2",Allegro String Ensemble,27,27,0,0,1,1,12,21,239001,2017-10-26 12:00:00,2022-11-04 01:19:44,2022-11-04 01:19:44,,,,Classical,,1304662249,NOAV61704561,
1592,6756,7059,False,True,I Love You This Years,I Love You This Years,,,Jeick Abrego,Jeick Abrego,MINE! (Platinum Edition),MINE! (Platinum Edition),Jeick Abrego,40,43,0,3,1,1,9,10,115960,2021-09-24 12:00:00,2022-11-06 11:37:56,2022-11-06 11:37:56,,,,Instrumental,,1690573429,ES47E2005494,
1593,6758,7061,False,True,City of the Night,City of the Night,,,Empire State Philharmonics,Empire State Philharmonics,Cities: Skylines - Coast to Coast Radio,Cities: Skylines - Coast to Coast Radio,Paradox Interactive,11,13,0,2,1,1,1,16,285514,2022-09-30 12:00:00,2022-11-12 02:20:10,2022-11-10 01:07:39,,,,Soundtrack,,1640424655,SE6CZ2200301,
1594,6772,7075,False,True,Flower Garden,Flower Garden,,,Ryo Hazuki,Ryo Hazuki,Cities: Skylines - Coast to Coast Radio,Cities: Skylines - Coast to Coast Radio,Paradox Interactive,9,11,0,2,1,1,2,16,254712,2022-09-30 12:00:00,2022-11-12 02:20:10,2022-11-10 01:07:39,,,,Soundtrack,,1640424656,SE6CZ2200302,
1595,6774,7077,False,True,Harbor,Harbor,,,Above Clouds,Above Clouds,Cities: Skylines - Coast to Coast Radio,Cities: Skylines - Coast to Coast Radio,Paradox Interactive,10,12,0,2,1,1,3,16,288919,2022-09-30 12:00:00,2022-11-12 02:20:10,2022-11-10 01:07:39,,,,Soundtrack,,1640424657,SE6CZ2200303,
1596,6794,7097,False,True,Helium,Helium,,,All Time High,All Time High,Cities: Skylines - Campus Radio,Cities: Skylines - Campus Radio,Paradox Interactive,35,36,0,1,1,1,1,16,199579,2022-09-30 12:00:00,2022-11-15 05:26:29,2022-11-10 01:07:39,,,,Soundtrack,,1640424827,SE6CZ2200201,
1597,6768,7071,False,True,Metropolis,Metropolis,,,Illusions,Illusions,Cities: Skylines - Coast to Coast Radio,Cities: Skylines - Coast to Coast Radio,Paradox Interactive,11,13,0,2,1,1,4,16,257048,2022-09-30 12:00:00,2022-11-12 02:20:10,2022-11-10 01:07:39,,,,Soundtrack,,1640424658,SE6CZ2200304,
1598,6796,7099,False,True,Midnight Cruise,Midnight Cruise,,,Timelines & Paradox Interactive,Timelines & Paradox Interactive,Cities: Skylines - Downtown Radio,Cities: Skylines - Downtown Radio,Paradox Interactive,21,21,0,0,1,1,16,16,212172,2021-04-16 12:00:00,2022-11-15 05:26:16,2022-11-10 01:07:39,,,,Soundtrack,,1562335905,SE6CZ2100116,
1599,6784,7087,True,True,Never Ending Roads,Never Ending Roads,1640424036,Oakwood Stories,Oakwood Stories,Oakwood Stories,Cities: Skylines - Deep Focus Radio,Cities: Skylines - Deep Focus Radio,Various Artists,47,48,0,1,1,1,11,16,241461,2022-09-30 12:00:00,2022-11-15 05:26:24,2022-11-10 01:07:39,A,-,Instrumental,Soundtrack,Soundtrack.VideoGame.CitiesSkylines,1640424677,SE6CZ2200411,Music122/v4/11/11/5e/11115e78-6594-ddb7-81b8-00238310485a/8718857760702.png
1600,6770,7073,False,True,Next Stop,Next Stop,,,Above Clouds,Above Clouds,Cities: Skylines - Coast to Coast Radio,Cities: Skylines - Coast to Coast Radio,Paradox Interactive,9,11,0,2,1,1,5,16,265998,2022-09-30 12:00:00,2022-11-12 02:20:10,2022-11-10 01:07:39,,,,Soundtrack,,1640424659,SE6CZ2200305,
1601,6792,7095,False,True,Open Arms,Open Arms,,,Los Chick,Los Chick,Cities: Skylines - Campus Radio,Cities: Skylines - Campus Radio,Paradox Interactive,37,37,0,0,1,1,9,16,215345,2022-09-30 12:00:00,2022-11-15 08:27:59,2022-11-10 01:07:39,,,,Soundtrack,,1640424835,SE6CZ2200209,
1602,6764,7067,False,True,Particles,Particles,,,Above Clouds,Above Clouds,Cities: Skylines - Coast to Coast Radio,Cities: Skylines - Coast to Coast Radio,Paradox Interactive,9,12,0,3,1,1,6,16,261828,2022-09-30 12:00:00,2022-11-12 02:20:10,2022-11-10 01:07:39,,,,Soundtrack,,1640424660,SE6CZ2200306,
1603,6766,7069,False,True,Roundabout Traffic Jam,Roundabout Traffic Jam,,,Illusions,Illusions,Cities: Skylines - Coast to Coast Radio,Cities: Skylines - Coast to Coast Radio,Paradox Interactive,13,16,0,3,1,1,7,16,265000,2022-09-30 12:00:00,2022-11-12 02:20:10,2022-11-10 01:07:39,,,,Soundtrack,,1640424661,SE6CZ2200307,
1604,6760,7063,False,True,Sky Tower,Sky Tower,,,Empire State Philharmonics,Empire State Philharmonics,Cities: Skylines - Coast to Coast Radio,Cities: Skylines - Coast to Coast Radio,Paradox Interactive,9,12,0,3,1,1,8,16,262019,2022-09-30 12:00:00,2022-11-12 02:20:10,2022-11-10 01:07:39,,,,Soundtrack,,1640424662,SE6CZ2200318,
1605,6762,7065,False,True,Springtime,Springtime,,,Illusions,Illusions,Cities: Skylines - Coast to Coast Radio,Cities: Skylines - Coast to Coast Radio,Paradox Interactive,10,13,0,3,1,1,9,16,251908,2022-09-30 12:00:00,2022-11-12 02:20:10,2022-11-10 01:07:39,,,,Soundtrack,,1640424663,SE6CZ2200309,
1606,6780,7083,False,True,Sunrise,Sunrise,,,Ryo Hazuki,Ryo Hazuki,Cities: Skylines - Coast to Coast Radio,Cities: Skylines - Coast to Coast Radio,Paradox Interactive,11,14,0,3,1,1,10,16,275119,2022-09-30 12:00:00,2022-11-12 02:20:10,2022-11-10 01:07:39,,,,Soundtrack,,1640424664,SE6CZ2200310,
1607,6782,7085,False,True,The Map,The Map,,,Above Clouds,Above Clouds,Cities: Skylines - Coast to Coast Radio,Cities: Skylines - Coast to Coast Radio,Paradox Interactive,10,13,0,3,1,1,11,16,247022,2022-09-30 12:00:00,2022-11-12 02:20:10,2022-11-10 01:07:39,,,,Soundtrack,,1640424665,SE6CZ2200311,
1608,6778,7081,False,True,The Train Ride,The Train Ride,,,Ryo Hazuki,Ryo Hazuki,Cities: Skylines - Coast to Coast Radio,Cities: Skylines - Coast to Coast Radio,Paradox Interactive,12,15,0,3,1,1,12,16,241461,2022-09-30 12:00:00,2022-11-12 02:20:10,2022-11-10 01:07:39,,,,Soundtrack,,1640424667,SE6CZ2200312,
1609,6776,7079,False,True,Through the Mist,Through the Mist,,,Illusions,Illusions,Cities: Skylines - Coast to Coast Radio,Cities: Skylines - Coast to Coast Radio,Paradox Interactive,10,13,0,3,1,1,13,16,260314,2022-09-30 12:00:00,2022-11-12 02:20:10,2022-11-10 01:07:39,,,,Soundtrack,,1640424671,SE6CZ2200313,
1610,6790,7093,False,True,Town Hall Meetup,Town Hall Meetup,,,Empire State Philharmonics,Empire State Philharmonics,Cities: Skylines - Coast to Coast Radio,Cities: Skylines - Coast to Coast Radio,Paradox Interactive,10,13,0,3,1,1,14,16,264656,2022-09-30 12:00:00,2022-11-12 02:20:10,2022-11-10 01:07:39,,,,Soundtrack,,1640424672,SE6CZ2200314,
1611,6786,7089,False,True,View at the Top,View at the Top,,,Empire State Philharmonics,Empire State Philharmonics,Cities: Skylines - Coast to Coast Radio,Cities: Skylines - Coast to Coast Radio,Paradox Interactive,9,12,0,3,1,1,15,16,270068,2022-09-30 12:00:00,2022-11-12 02:20:10,2022-11-10 01:07:39,,,,Soundtrack,,1640424674,SE6CZ2200315,
1612,6788,7091,False,True,Wheel of Fortune,Wheel of Fortune,,,Empire State Philharmonics,Empire State Philharmonics,Cities: Skylines - Coast to Coast Radio,Cities: Skylines - Coast to Coast Radio,Paradox Interactive,11,13,0,2,1,1,16,16,276517,2022-09-30 12:00:00,2022-11-12 02:20:10,2022-11-10 01:07:39,,,,Soundtrack,,1640424675,SE6CZ2200316,
1613,6798,7101,True,True,Goodnight Starlight,Goodnight Starlight,1474543740,Bedhair,Bedhair,Bedhair,Goodnight Starlight - Single,Goodnight Starlight - Single,Bedhair,71,74,0,3,1,1,1,1,201088,2022-08-14 12:00:00,2022-11-10 04:34:49,2022-11-10 04:34:49,A,-,Dance,Future Bass,"Bass.FutureBass, Bass.KawaiiBass",1639777386,QZNWQ2284970,Music122/v4/2d/64/1c/2d641c15-385b-ab9f-86c2-a92d6c68c43b/artwork.jpg
1614,6800,7103,False,True,Love at First Sight (feat. Janelle),Love at First Sight (feat. Janelle),,,OHEY & SoLush,OHEY & SoLush,Love at First Sight (feat. Janelle) - Single,Love at First Sight (feat. Janelle) - Single,OHEY & SoLush,35,35,0,0,1,1,1,1,202136,2019-10-16 12:00:00,2022-11-10 04:34:54,2022-11-10 04:34:54,,,,English Dance,,1484194593,QZHN81931578,
1615,6802,7105,True,True,Orbit (feat. Jazemarie),Orbit (feat. Jazemarie),"1416769276, 1479101641","RUQOA, Jazemarie",RUQOA,RUQOA,Journey,Journey,"RUQOA, Jazemarie",299,334,0,35,1,1,4,7,248653,2020-05-25 12:00:00,2022-11-10 04:34:58,2022-11-10 04:34:58,V.F,English,Dance,English Dance,Dubstep.MelodicDubstep,1511595991,QM42K2091333,Music124/v4/7a/1a/64/7a1a6472-f79c-6a08-6d8e-cb85ee87c891/053000425069_cover.jpg
1616,6804,7107,True,True,After School,After School,1555744332,Author wind,Author wind,Author wind,After School - Single,After School - Single,Author wind,85,87,0,2,1,1,1,1,202501,2021-06-27 12:00:00,2022-11-10 04:35:02,2022-11-10 04:35:02,A,-,Dance,Future Bass,"Bass.FutureBass, Bass.KawaiiBass",1572021577,QZMHK2099472,Music115/v4/a9/d7/c7/a9d7c7d3-59b2-4802-233c-d5e88db254e2/689690524920_cover.jpg
1617,6806,7109,True,True,It's Over,it's Over,1238151061,KOTONOHOUSE,KOTONOHOUSE,KOTONOHOUSE,R. U. U. K. Too!?,あーゆーゆーけーつー!? -R.U.U.K.TOO!?-,Various Artists,139,158,0,19,1,1,4,8,281386,2017-09-06 12:00:00,2022-11-14 05:08:36,2022-11-14 05:08:36,V.F,English,Dance,English Dance,Hard.JCore,1656466347,JPP561100818,Music112/v4/01/27/aa/0127aa03-8cdf-b26a-9e88-90a087dde320/859759003486_cover.jpg
1618,6808,7111,False,True,命書,命書,,,側田,Justin Lo,Never Odd or Even,Never Odd or Even,Justin Lo,19,19,0,0,1,1,7,12,260147,2015-06-09 12:00:00,2022-11-28 02:15:29,2022-11-16 14:04:06,,,,Canto Pop,,1001066633,HKH611500144,
1619,6810,7113,False,True,有人共鳴,有人共鳴,,,林奕匡,Phil Lam,有人共鳴,有人共鳴,Phil Lam,19,20,0,1,1,1,2,7,218155,2015-11-13 12:00:00,2022-11-28 02:15:36,2022-11-16 14:17:31,,,,Canto Pop,,1053002437,HKA411500215,
1620,6812,7115,False,True,彌敦道,彌敦道,,,洪卓立,Ken Hung,Go!,Go!,Ken Hung,20,20,0,0,1,1,4,10,245523,2008-01-01 12:00:00,2022-11-28 02:15:43,2022-11-16 14:46:33,,,,Canto Pop,,544134530,HKD250710206,
1621,6814,7117,False,True,矛盾一生,矛盾一生,,,王灝兒,JW,My Tale,My Tale,JW,18,18,0,0,1,1,1,8,256224,2015-10-23 12:00:00,2022-11-28 02:15:50,2022-11-16 14:55:22,,,,Canto Pop,,1673318989,HKI431400012,
1622,6816,7119,True,True,Nothing New,Nothing New,1046396707,Fly By Midnight,Fly By Midnight,Fly By Midnight,Nothing New - Single,Fictional Illustrations,Fly By Midnight,134,137,0,3,1,1,3,10,149268,2022-11-11 12:00:00,2022-11-28 02:11:07,2022-11-18 09:36:26,V.M,English,Pop,English Pop,Dance.Influenced,"1652184859, 1674376236",QZTAU2250123,Music126/v4/62/91/41/629141c9-0bba-a0ca-696f-e59a12ee653e/artwork.jpg
1623,6818,7121,True,True,Walk On Water,Walk On Water,"1464955650, 1421224268","Fells, Danni Carra",Fells & Danni Carra,Fells & Danni Carra,Walk On Water - Single,Muted Blue - EP,"Fells, Danni Carra",80,83,0,3,1,1,3,6,182845,2022-11-17 12:00:00,2022-11-28 02:11:16,2022-11-18 09:36:36,V.F,English,Rock,English Dance,Dance.Influenced,"1651313726, 1678850580",CA5KR2301323,Music126/v4/7a/ef/53/7aef53cb-952a-5bf9-7981-60703ff47cc2/cover.jpg
1624,6820,7123,False,True,Love Dive,Love Dive,,,Author wind & RuYA,Author wind & RuYA,Heart Tracker - EP,Heart Tracker - EP,Author wind & RuYA,41,43,0,2,1,1,2,4,158040,2022-10-07 12:00:00,2022-12-12 01:34:29,2022-11-18 09:37:20,,,,Future Bass,,1647956213,QZS662282298,
1625,6822,7125,False,True,Pale As Daylight,Pale As Daylight,,,nayuta,nayuta,The Girl in the Alley and the Residents of the Deformed Head,The Girl in the Alley and the Residents of the Deformed Head,nayuta,43,43,0,0,1,1,2,7,272800,2022-11-06 12:00:00,2022-11-28 02:12:12,2022-11-18 09:38:10,,,,J Dance,,1650133511,TCJPT2247555,
1626,6824,7127,True,True,5 Years,5 Years,"332465235, 1493205041","Fairlane, Kala",Fairlane & Kala,Fairlane & Kala,V - EP,V - EP,"Fairlane, Kala",56,59,0,3,1,1,5,5,211214,2022-10-21 12:00:00,2022-11-28 02:12:40,2022-11-18 09:39:31,V.M,English,Rock,English Dance,,1645587978,CA5KR2293156,Music122/v4/df/d5/c9/dfd5c91c-416e-7bee-261d-211820d701ea/cover.jpg
1627,6826,7129,False,True,最後一次心碎,最後一次心碎,,,派偉俊,Patrick Brasca,最後一次心碎 - Single,最後一次心碎 - Single,Patrick Brasca,45,46,0,1,1,1,1,1,168945,2021-11-11 12:00:00,2022-11-28 02:13:38,2022-11-18 09:39:57,V.M,Mandarin,Pop,Mando Pop,,1652610986,TWL252207101,
1628,6828,7131,True,True,Hooray,Hooray,1513785424,SHUNTA,SHUNTA,SHUNTA,Maturity,Maturity,SHUNTA,90,100,0,10,1,1,2,10,217500,2022-03-09 12:00:00,2022-11-20 16:08:26,2022-11-20 16:08:26,A,-,Dance,House,House.ProgressiveHouse,1637569312,NL4NL2209275,Music112/v4/e0/d5/97/e0d597d2-77aa-4f70-3c9a-2a847712f7e7/8720355606222_cover.jpg
1629,6838,7141,True,True,Clouds clear and...,Clouds clear and...,1485671470,Qutabire,Qutabire,Qutabire,Clouds clear and... - Single,Clouds clear and... - Single,Qutabire,120,122,0,2,1,1,1,1,165773,2022-01-01 00:00:00,2022-11-21 00:56:20,2022-11-21 00:21:47,A,-,Instrumental,Soundtrack,"Soundtrack.VideoGame.Deemo, Dance.Influenced",,,
1630,6836,7137,True,True,混乱-Confusion,混乱-Confusion,0,OnlyMyBlackScore,OnlyMyBlackScore,OnlyMyBlackScore,混乱-Confusion - Single,混乱-Confusion - Single,OnlyMyBlackScore,68,73,0,5,1,1,1,1,127869,2019-01-01 00:00:00,2022-11-21 00:56:20,2022-11-21 00:24:31,A,-,Dance,Soundtrack,Hard.Artcore,,,
1631,6842,7147,True,True,Aphasia,Aphasia,1469261213,閆東煒,闫东炜,閆東煒,Aphasia - Single,Aphasia - Single,閆東煒,98,111,0,13,1,1,1,1,116453,2019-01-01 00:00:00,2022-11-21 00:56:20,2022-11-21 00:24:38,A,-,Dance,Soundtrack,"House.ProgressiveHouse, Soundtrack.VideoGame.Phigros",1619500962,FR59R2279771,Music126/v4/ab/c7/9d/abc79dbe-7435-1cc8-7aeb-125afbdd99f3/cover.jpg
1632,6840,7145,True,True,Glaciaxion,Glaciaxion,1757348901,SunsetRay,SunsetRay,SunsetRay,Glaciaxion - Single,Glaciaxion - Single,SunsetRay,97,112,0,15,1,1,1,1,163108,2019-01-01 00:00:00,2022-11-21 00:56:20,2022-11-21 00:27:32,A,-,Dance,Soundtrack,Dubstep.Chillstep,,,
1633,6834,7135,True,True,cryout,cryout,0,Ju_E,Ju_E,Ju_E,cryout - Single,cryout - Single,Ju_E,81,88,0,7,1,1,1,1,125622,2020-01-01 00:00:00,2022-11-21 00:56:20,2022-11-21 00:30:11,A,-,Dance,Soundtrack,"Hard.Artcore, Soundtrack.VideoGame.Phigros",,,
1634,6832,7133,True,True,Engine x Start!! (melody mix),Engine x Start!! (melody mix),0,CrossingSound,CrossingSound,CrossingSound,Engine x Start!! (melody mix) - Single,Engine x Start!! (melody mix) - Single,CrossingSound,73,74,0,1,1,1,1,1,91794,2019-01-01 00:00:00,2022-11-21 00:56:20,2022-11-21 00:34:47,A,-,Rock,Soundtrack,Soundtrack.VideoGame.Phigros,,,
1635,6830,7139,True,True,Class Memories (feat. Ctymax),Class Memories (feat. Ctymax),"0, 0","Antistar, Ctymax",Antistar,Antistar,Class Memories - Single,Class Memories - Single,Antistar,63,65,0,2,1,1,1,1,146808,2020-01-01 00:00:00,2022-11-21 00:56:20,2022-11-21 00:40:44,A,-,Dance,Soundtrack,"Hard.Artcore, Soundtrack.VideoGame.Phigros",,,
1636,6844,7149,True,True,开心病,開心病,1469261213,閆東煒,闫东炜,閆東煒,开心病 - Single,開心病 - Single,閆東煒,29,30,0,1,1,1,1,1,115539,2019-06-11 00:00:00,2022-11-21 00:56:20,2022-11-21 00:44:06,A,-,Instrumental,Soundtrack,"Dance.Influenced, Soundtrack.VideoGame.Phigros",1484176369,,Music123/v4/a1/77/3e/a1773e2c-c53d-dd13-0928-88173217ee2f/cover.jpg
1637,6846,7143,True,True,光,光,1690797785,姜米条,姜米条,姜米條,光 - Single,光 - Single,姜米条,137,153,0,16,1,1,1,1,131866,2019-01-01 00:00:00,2022-11-21 00:56:20,2022-11-21 00:51:44,A,-,Dance,Soundtrack,"Hard.Hardcore, Soundtrack.VideoGame.Phigros",,,
1638,6850,7153,False,True,Serene,Serene,,,SHUNTA,SHUNTA,Maturity,Maturity,SHUNTA,21,22,0,1,1,1,4,10,266842,2022-03-09 12:00:00,2022-11-28 00:44:19,2022-11-22 04:12:21,,,,House,,1637569316,NL4NL2209279,
1639,6848,7151,False,True,Sugary Pop,Sugary Pop,,,SHUNTA,SHUNTA,Maturity,Maturity,SHUNTA,32,35,0,3,1,1,10,10,202791,2022-03-09 12:00:00,2022-11-28 02:09:51,2022-11-22 04:12:21,,,,House,,1637569731,NL4NL2209285,
1640,6852,7155,True,True,Carnation,Carnation,1448281628,Himmel,Himmel,Himmel,"Voez (Original Soundtrack), Vol. 1","Voez (Original Soundtrack), Vol. 1",Various Artists,52,55,0,3,1,1,6,25,120000,2016-05-26 12:00:00,2022-11-23 12:54:30,2022-11-23 12:54:30,A,-,Instrumental,Soundtrack,Soundtrack.VideoGame.Voez,1108534514,TCACO1602305,Music124/v4/25/ba/65/25ba653e-d5fe-8aeb-52ba-36fa7097e67c/859717195482_cover.jpg
1641,6854,7157,True,True,Lv.0,Lv.0,1706350632,Io,Io,Io,"Voez (Original Soundtrack), Vol.2","Voez (Original Soundtrack), Vol.2",Various Artists,73,73,0,0,1,1,22,25,104899,2016-04-25 12:00:00,2022-11-23 13:01:31,2022-11-23 13:01:31,A,-,Instrumental,Soundtrack,"Soundtrack.VideoGame.Voez, Dance.Influenced",1109588982,TCACO1602371,Music18/v4/72/07/32/72073211-3774-acdf-ef02-b6886d42252a/859717195581_cover.jpg
1642,6856,7159,False,True,Northern Sky,Northern Sky,,,BB Yukus,BB Yukus,Northern Sky - Single,Northern Sky - Single,BB Yukus,25,26,0,1,1,1,1,1,217219,2020-12-20 12:00:00,2022-11-28 02:10:22,2022-11-27 14:59:46,,,,Future Bass,,1545061210,QZNWY2048975,
1643,6858,7161,True,True,Lead the Way,Lead the Way,978885336,Synthion,Synthion,Synthion,Windrunner - Single,Windrunner - Single,Synthion,52,52,0,0,1,1,1,3,285600,2021-05-11 12:00:00,2022-12-12 01:34:34,2022-11-27 14:59:50,V.F,English,Dance,English Dance,Hard.FutureCore,1566860336,TCJPO2167605,Music125/v4/b9/b3/37/b9b33705-4c0a-092c-4581-3a5ea613212e/859756904557_cover.jpg
1644,6860,7163,False,True,Into the I-Land,Into the I-Land,,,IU,IU,Into the I-Land - Single,Into the I-Land - Single,IU,31,31,0,0,1,1,1,1,217322,2020-06-19 12:00:00,2022-11-28 02:10:41,2022-11-27 15:52:28,,,,K Pop,,1519402695,KRA382002102,
1645,6862,7165,True,True,Peach (feat. 橘一花),Peach (feat. 橘一花),"1513785424, 1608832870","SHUNTA, 橘一花",SHUNTA,SHUNTA,きょうめい - EP,きょうめい - EP,SHUNTA,101,112,0,11,1,1,3,5,208800,2022-02-22 12:00:00,2022-12-12 01:34:38,2022-11-29 04:07:33,V.F,Japanese,Dance,J Dance,Bass.FutureBass,1638037591,NL4NL2206827,Music112/v4/c5/11/a5/c511a5cf-94cf-b3da-4bae-306dcd2c189f/8720355595908_cover.jpg
1646,6864,7167,False,True,My Happy Pancake Shop,My Happy Pancake Shop,,,Sing Sing Rabbit,Sing Sing Rabbit,My Happy Pancake Shop - Single,My Happy Pancake Shop - Single,Sing Sing Rabbit,27,27,0,0,1,1,1,1,198667,2021-01-13 12:00:00,2022-11-29 08:41:11,2022-11-29 08:41:11,,,,Soundtrack,,1719485581,HKB562016168,
1647,6866,7169,False,True,花の塔,花の塔,,,Sayuri,Sayuri,酸欠少女,酸欠少女,Sayuri,39,43,0,4,1,1,2,11,275960,2022-07-03 12:00:00,2022-12-12 01:34:41,2022-12-05 14:12:29,,,,Anime,,1637394801,JPU902202007,
1648,6868,7171,True,True,Mary,Mary,523724776,Survive Said The Prophet,Survive Said The Prophet,Survive Said The Prophet,Hateful Failures,Hateful Failures,Survive Said The Prophet,241,242,0,1,1,1,2,10,191373,2022-10-05 07:00:00,2022-12-05 16:10:31,2022-12-05 15:20:22,V.M,Japanese,Rock,J Rock,Alternative,1642900715,JPU902202575,Music122/v4/f4/90/14/f490144a-df29-33ad-523a-e98fef339bff/4547366578171.jpg
1649,6870,7173,False,True,Deadstock (feat. きのぽっぽ),Deadstock (feat. きのぽっぽ),,,PEOPLE 1,PEOPLE 1,Deadstock (feat. きのぽっぽ) - Single,Deadstock (feat. きのぽっぽ) - Single,PEOPLE 1,26,29,0,3,1,1,1,1,199619,2022-08-24 12:00:00,2022-12-30 01:31:32,2022-12-05 15:20:57,,,,J Rock,,1638065239,JPU902202840,
1650,6872,7175,True,True,Why,どうして,1022677279,Novelbright,Novelbright,Novelbright,Why - Single,CIRCUS,Novelbright,26,26,0,0,1,1,9,15,272840,2022-08-10 12:00:00,2022-12-12 01:35:24,2022-12-05 15:21:55,V.M,Japanese,Rock,J Rock,,"1636583108, 1733821711",JPPO02202903,Music122/v4/17/34/55/17345510-84fe-43d2-ba3a-683cc0166423/24UMGIM20787.rgb.jpg
1651,6874,7177,False,True,Pay! Senayi! 歡唱吧! (feat. 曾妮),Pay! Senayi! 歡唱吧! (feat. 曾妮),,,Sonia Calico,Sonia Calico,派樂黛G8 二元對立,派樂黛G8 二元對立,派樂黛唱片,25,25,0,0,1,1,5,10,210720,2022-11-18 12:00:00,2022-12-12 01:36:23,2022-12-06 01:05:18,,,,Mando Dance,,1649966567,TWW532220005,
1652,6876,7179,True,True,心臓 (DubVision Remix) - SACRA BEATS Singles,心臓 (DubVision Remix) - SACRA BEATS Singles,"569938402, 453713844","藍井艾露, DubVision",藍井艾露 & DubVision,藍井艾露 & DubVision,心臓 (DubVision Remix) - SACRA BEATS Singles - Single,心臓 (DubVision Remix) - SACRA BEATS Singles - Single,"藍井艾露, DubVision",64,78,0,14,1,1,1,1,249280,2022-11-25 12:00:00,2022-12-12 01:36:00,2022-12-06 02:59:02,V.F,Japanese,Dance,J Dance,House.ProgressiveHouse,1652473149,JPU902203879,Music112/v4/c6/1f/3d/c61f3d7e-e0fa-4f1c-6afa-84af7054d677/4547366593648.jpg
1653,6878,7181,False,True,A Penguin in the Forest (feat. Yokkorio),A Penguin in the Forest (feat. Yokkorio),,,盧律銘,Lu Luming,派樂黛G8 二元對立,派樂黛G8 二元對立,派樂黛唱片,35,38,0,3,1,1,1,10,302907,2022-11-01 12:00:00,2022-12-12 01:36:05,2022-12-06 12:06:01,,,,English Dance,,1649966376,TWW532220001,
1654,6880,7183,True,True,世界末日也不過如此 (feat. 羅西 Roxi),世界末日也不過如此 (feat. 羅西),"1152326572, 158289043","三重電音宮, 羅西",三重電音宮,三重電音宮,派樂黛G8 二元對立,派樂黛G8 二元對立,Various Artists,54,56,0,2,1,1,6,10,208493,2022-11-18 12:00:00,2022-12-12 01:36:26,2022-12-06 12:27:45,V.F,Mandarin,Dance,Mando Dance,Hard.HardStyle,1649966571,TWW532220006,Music112/v4/c3/9d/c2/c39dc228-f783-917c-a9ca-1759277de6f4/197187159239.jpg
1655,6882,7185,True,True,Wild Winds,Wild Winds,"970773214, 1438900835","AMIDY, Man Cub",AMIDY & Man Cub,AMIDY & Man Cub,Wild Winds EP,Wild Winds - EP,AMIDY,122,144,0,22,1,1,2,3,217600,2022-11-17 12:00:00,2022-12-12 01:36:31,2022-12-06 15:34:26,V.M,English,Dance,English Dance,Dubstep.MelodicDubstep,1653014725,CA5KR2304779,Music122/v4/60/3a/e8/603ae832-ef11-9dfc-8ab6-cbcd6be3867d/cover.jpg
1656,6884,7187,True,True,カナリア,カナリア,1609545753,Kei Morimoto,Kei Morimoto,Kei Morimoto,カナリア - Single,STORIES vol.1,Kei Morimoto,57,62,0,5,1,1,12,19,167763,2022-09-10 12:00:00,2022-12-12 01:36:39,2022-12-07 05:03:11,A,-,Dance,Future Bass,"Bass.FutureBass, Bass.KawaiiBass","1642364231, 1789709652, 1874884733",CAENV2219907,Music221/v4/36/60/80/366080df-b284-9e63-356e-74e21bc4e9b5/4571640734618_cover.png
1657,6886,7189,True,True,Tears from Heaven,Tears from Heaven,1407376509,Couple N,Couple N,Couple N,Not Eternal - EP,Not Eternal - EP,Couple N,61,68,0,7,1,1,2,4,258750,2018-06-14 12:00:00,2022-12-12 01:36:42,2022-12-11 15:01:35,A,-,Dance,Future Bass,House.ProgressiveHouse,1409881415,QZDA61828463,Music115/v4/b7/2c/c0/b72cc0c3-a03c-a0e8-e049-c8d356e9b7b8/artwork.jpg
1658,6888,7191,True,True,Neon Pink VIP (feat. Hana) [VIP],Neon Pink VIP (feat. Hana) [VIP],"1366383804, 1332339514","Aika, Hana",Aika,Aika,Quixotic,Quixotic,Aika,150,167,0,17,1,1,9,11,219429,2020-10-16 12:00:00,2022-12-12 01:36:45,2022-12-11 15:06:30,V.F,English,Dance,English Dance,"Hard.HardStyle, Synthwave",1533980786,QZK6G2014947,Music114/v4/13/16/bc/1316bce4-1fad-3620-427e-a5b990f9e2ed/artwork.jpg
1659,6890,7193,False,True,Until The End (feat. Rachie),Until the End (feat. Rachie),,,iMeiden,iMeiden,iMeiden Volume 2,iMeiden Volume 2,iMeiden,43,44,0,1,1,1,5,9,210000,2018-04-12 12:00:00,2022-12-12 01:36:49,2022-12-11 15:18:56,,,,English Dance,,1371365219,TCJPG1886675,
1660,6892,7195,False,True,Me Without Us (with Justin Jesso),Me Without Us (with Justin Jesso),,,Matisse & Sadko & Raiden,Matisse & Sadko & Raiden,Me Without Us (with Justin Jesso) - Single,Me Without Us (with Justin Jesso) - Single,Matisse & Sadko & Raiden,40,41,0,1,1,1,1,1,201254,2022-08-05 12:00:00,2022-12-30 02:04:14,2022-12-12 23:56:38,,,,English Dance,,1635853918,FIWMA2200255,
1661,6894,7197,False,True,Tropical Girl,Tropical Girl,,,SPiCYSOL,SPiCYSOL,Tropical Girl,Tropical Girl,SPiCYSOL,27,30,0,3,1,1,1,7,232480,2016-06-22 12:00:00,2022-12-30 02:04:27,2022-12-13 00:46:22,,,,J Rock,,1119114539,JPB451603998,
1662,6896,7199,True,True,Just a Dream,Just a Dream,1434980841,WRATHE,WRATHE,WRATHE,Just a Dream - Single,Just a Dream - Single,WRATHE,105,114,0,9,1,1,1,1,201931,2019-10-11 12:00:00,2022-12-30 02:09:17,2022-12-13 01:15:16,V.F,English,Dance,English Dance,Bass.FutureBass,1482570934,QZHN71908215,Music113/v4/0d/4e/1a/0d4e1af6-d128-6eb8-0f51-a5f081b22092/artwork.jpg
1663,6898,7201,True,True,In a Dream (feat. SVRCINA),In a Dream (feat. SVRCINA),"1438900835, 927122903","Man Cub, SVRCINA",Man Cub,Man Cub,Impressions,Impressions,Man Cub,62,68,0,6,1,1,13,13,266400,2020-06-12 12:00:00,2022-12-30 02:09:20,2022-12-13 01:59:14,V.F,English,Dance,English Dance,Dubstep.MelodicDubstep,1732585687,GBLV61909656,Music122/v4/44/18/bf/4418bf51-d46c-62e0-4297-40beb3044a82/cover.jpg
1664,6900,7203,False,True,Finish What I Started (feat. Olivia Knight),Finish What I Started (feat. Olivia Knight),,,Natiive,Natiive,Finish What I Started (feat. Olivia Knight) - Single,Finish What I Started (feat. Olivia Knight) - Single,Natiive,37,38,0,1,1,1,1,1,179639,2020-02-11 12:00:00,2022-12-30 02:15:57,2022-12-13 05:01:42,,,,English Dance,,1494825769,QM42K2015663,
1665,6902,7205,True,True,Electric,Electric,"1336196745, 1475390146, 896362014","Vaance, Deerock, Robbie Rosen","Vaance, Deerock & Robbie Rosen","Vaance, Deerock & Robbie Rosen",Electric - Single,Electric - Single,"Vaance, Deerock, Robbie Rosen",50,52,0,2,1,1,1,1,218161,2021-12-16 12:00:00,2022-12-30 02:27:36,2022-12-18 11:00:52,V.M,English,Dance,English Dance,House.ElectroHouse,"1593064408, 1869429412",GB2LD2110350,Music116/v4/45/77/c9/4577c9bc-dc06-b8f8-ff19-bb4a153c07dd/cover.jpg
1666,6904,7207,False,True,可愛い子にはトゲがある?,可愛い子にはトゲがある?,,,Drama Store,Drama Store,Invitations - EP,Invitations - EP,Drama Store,32,33,0,1,1,1,2,6,215223,2020-04-15 12:00:00,2022-12-30 02:33:08,2022-12-20 15:57:41,,,,J Rock,,1838687348,JPTE01909700,
1667,6906,7209,True,True,Senkou,閃光,350239299,[Alexandros],[Alexandros],[Alexandros],But wait. Cats?,But wait. Cats?,[Alexandros],101,104,0,3,1,1,3,11,262333,2021-04-28 12:00:00,2022-12-30 02:33:01,2022-12-21 08:41:22,V.M,Japanese,Rock,J Rock,"Alternative, Soundtrack.Anime",1632848585,JPPO02100904,Music122/v4/e8/b4/f9/e8b4f9f6-626f-91bb-747d-4aa09f7c8a75/22UMGIM71140.rgb.jpg
1668,6908,7211,True,True,ALIVE,ALIVE,548139430,ClariS,ClariS,ClariS,ALIVE - EP,ALIVE - EP,ClariS,52,53,0,1,1,1,1,4,219527,2022-07-09 07:00:00,2022-12-30 02:33:26,2022-12-21 12:49:20,V.F,Japanese,Rock,Anime,Soundtrack.Anime,1635561576,JPU902202011,Music122/v4/e5/3b/db/e53bdb8b-04eb-77f7-77de-1e2662831506/4547366577501.jpg
1669,6910,7213,True,True,U Sometimes,U Sometimes,649291931,John K,John K,John K,Be Alright // U Sometimes - Single,Be Alright // U Sometimes - Single,John K,60,62,0,2,1,1,2,2,168487,2022-11-18 12:00:00,2022-12-25 01:47:55,2022-12-25 01:47:55,V.M,English,Pop,English Indie,,1654281637,USSM12210168,Music112/v4/5d/61/97/5d61970f-5ef6-b395-fe8e-4798d01f89ef/196589658104.jpg
1670,6912,7215,True,True,Prayer,Prayer,523724776,Survive Said The Prophet,Survive Said The Prophet,Survive Said The Prophet,Hateful Failures,Hateful Failures,Survive Said The Prophet,98,99,0,1,1,1,10,10,311227,2022-10-12 12:00:00,2022-12-30 02:37:45,2022-12-25 07:08:46,V.M,English,Rock,J Rock,Alternative,1642900981,JPU902202583,Music122/v4/f4/90/14/f490144a-df29-33ad-523a-e98fef339bff/4547366578171.jpg
1671,6914,7217,True,True,再一次 (劇情版),再一次 (劇情版),"1119974584, 1215102837","劉蘊晴, 石裂符",劉藴晴 Rachel & 石裂符,劉蘊晴 & 石裂符,再一次 (劇情版) - Single,再一次 (劇情版) - Single,"劉蘊晴, 石裂符",59,60,0,1,1,1,1,1,280299,2021-07-08 12:00:00,2022-12-30 02:45:12,2022-12-25 13:15:03,V.X,Cantonese,Rock,Canto Pop,Pop.Influenced,1577150977,MOA122100185,Music115/v4/09/12/11/091211da-f46e-a6aa-4aa5-eaa29ecb7a0d/4711099663200.jpg
1672,6916,7219,True,True,A Beautiful moments,A Beautiful moments,1416769276,RUQOA,RUQOA,RUQOA,Stay With Me - EP,Stay With Me - EP,"RUQOA, Shion, Taste",186,205,0,19,1,1,4,4,216552,2022-12-25 12:00:00,2022-12-30 02:47:05,2022-12-27 02:21:50,A,-,Dance,Jungle/Drum'n'bass,Trap,1656187162,QZS642249349,Music112/v4/cb/49/1c/cb491c96-4dff-7aa2-0e62-e947bbb90d62/734167260068_cover.jpg
1673,6918,7221,True,True,Light On Galaxy,Light On Galaxy,251824775,PAX JAPONICA GROOVE,PAX JAPONICA GROOVE,PAX JAPONICA GROOVE,Light On Galaxy - Single,Light On Galaxy - Single,PAX JAPONICA GROOVE,96,108,0,12,1,1,1,1,315923,2015-10-07 12:00:00,2022-12-30 02:56:12,2022-12-29 06:45:32,A,-,Dance,House,House.ElectroHouse,1044348016,JPZ921511422,Music32/v4/df/0c/bd/df0cbdb9-c526-5a84-e231-33d3dd9f663a/mzm.omnjzyor.jpg
1674,6920,7223,True,True,Sunset Drive,Sunset Drive,"1336196745, 1105099362","Vaance, Josh Bogert",Vaance & Josh Bogert,Vaance & Josh Bogert,Sunset Drive - Single,Sunset Drive - Single,"Vaance, Josh Bogert",79,84,0,5,1,1,1,1,214957,2021-04-02 12:00:00,2022-12-30 02:56:15,2022-12-29 07:28:35,V.M,English,Dance,English Dance,Bass.FutureBass,1559348373,GB2LD2110098,Music114/v4/cc/0a/27/cc0a278f-a891-0dc1-bdab-a9a042ede126/cover.jpg
1675,6922,7225,True,True,追風、僕らは征く,追風、僕らは征く,"415606376, 1110002531","meramipop, nayuta",meramipop & nayuta,meramipop & nayuta,Equilibrium,Equilibrium,"meramipop, nayuta",123,126,0,3,1,1,7,7,265267,2020-10-25 12:00:00,2023-01-07 03:59:12,2023-01-02 13:15:28,V.F,Japanese,Pop,J Dance,,1537763704,TCJPM2086089,Music115/v4/cc/1a/80/cc1a80d3-f01d-fab7-b77d-bb95697c1a61/859756276005_cover.png
1676,6924,7227,True,True,Shizuku (feat. Neona),Shizuku (feat. Neona),"1450218337, 1562475140, 1238151061, 1567357849","PIKASONIC, Tatsunoshin, KOTONOHOUSE, Neona","PIKASONIC, Tatsunoshin & KOTONOHOUSE","PIKASONIC, Tatsunoshin & KOTONOHOUSE",Shizuku (feat. Neona) - Single,Shizuku (feat. Neona) - Single,"PIKASONIC, Tatsunoshin, KOTONOHOUSE",187,226,0,39,1,1,1,1,175500,2022-12-31 12:00:00,2023-01-07 04:06:18,2023-01-03 02:49:08,V.X,Japanese,Dance,J Dance,"Bass.FutureBass, Bass.KawaiiBass, Hard.Hardcore",1658452166,TCJPT2298939,Music122/v4/da/d8/31/dad83144-a7fa-441f-ce34-8a07035191e9/859759045646_cover.jpg
1677,6926,7229,True,True,Hold On,Hold On,"1501580710, 1432867365","Lost Wolves, glasscat",Lost Wolves & glasscat,Lost Wolves & glasscat,Underneath the Waves - EP,Underneath the Waves - EP,Lost Wolves,91,100,0,9,1,1,5,5,281600,2021-03-19 12:00:00,2023-01-09 08:08:59,2023-01-06 11:46:11,V.F,English,Dance,English Dance,Dubstep.MelodicDubstep,1561415638,USA2P2109787,Music124/v4/06/b6/12/06b612b4-3f95-99f8-f434-80fbefaddbfe/192641706967_Cover.jpg
1678,6928,7231,True,True,Ocean,Ocean,"1501580710, 1432867365","Lost Wolves, glasscat",Lost Wolves & glasscat,Lost Wolves & glasscat,Underneath the Waves - EP,Underneath the Waves - EP,Lost Wolves,178,224,0,46,1,1,3,5,245333,2021-04-09 12:00:00,2023-01-07 04:18:21,2023-01-06 11:50:24,V.F,English,Dance,English Dance,Dubstep.MelodicDubstep,1561415634,USA2P2112356,Music124/v4/06/b6/12/06b612b4-3f95-99f8-f434-80fbefaddbfe/192641706967_Cover.jpg
1679,6930,7233,True,True,One Night Left,One Night Left,"957521979, 570849903","Cheat Codes, MacKenzie Porter",Cheat Codes & MacKenzie Porter,Cheat Codes & MacKenzie Porter,One Night Left - Single,One Night in Nashville,"Cheat Codes, MacKenzie Porter",56,57,0,1,1,1,3,15,207017,2022-11-18 12:00:00,2023-01-09 08:09:13,2023-01-06 13:26:12,V.X,English,Dance,English Dance,Bass.FutureBass,"1650825229, 1659100783",USANG2220343,Music112/v4/da/7c/95/da7c9594-0490-e8ee-9111-0b3e152908fa/1963621076573_cover.jpg
1680,6932,7235,False,True,Prejump,Prejump,,,BB Yukus,BB Yukus,Prejump - Single,Prejump - Single,BB Yukus,32,34,0,2,1,1,1,1,219500,2022-12-25 12:00:00,2023-01-27 03:12:58,2023-01-06 13:30:52,,,,Hardcore,,1662031440,QZTBB2230846,
1681,6934,7237,False,True,Dragonflame,Dragonflame,,,Kirara Magic,Kirara Magic,Dragonflame - Single,Dragonflame - Single,Kirara Magic,39,40,0,1,1,1,1,1,198667,2023-01-01 12:00:00,2023-01-27 03:13:13,2023-01-06 13:39:05,,,,Hardcore,,1661571668,QZTBA2241625,
1682,6936,7239,True,True,Moonflutter,Moonflutter,1229173213,Reku Mochizuki,Reku Mochizuki,Reku Mochizuki,Moonflutter - Single,Moonflutter - Single,Reku Mochizuki,91,102,0,11,1,1,1,1,184109,2023-01-01 12:00:00,2023-01-27 03:13:18,2023-01-06 13:43:13,V.F,English,Dance,English Dance,Hard.JCore,1662205232,QZJRC2288429,Music123/v4/73/6f/29/736f2969-c623-0cce-76f7-3dd6cec1f6de/725336157555_cover.jpg
1683,6938,7241,True,True,With You (feat. Misaki) [Long Version],キミと (feat. 実咲) [Long ver.],"210602927, 1069731572","onoken, 實咲",onoken,onoken,Color Chart,Color Chart,onoken,82,83,0,1,1,1,6,16,244533,2022-12-30 12:00:00,2023-01-27 03:13:23,2023-01-06 13:50:20,V.F,Japanese,Dance,Soundtrack,"Bass.FutureBass, Bass.KawaiiBass",1660447034,TCJPU2211575,Music112/v4/12/b2/65/12b26547-242d-f8af-16cd-8ce4437b3d16/859759092282_cover.jpg
1684,6940,7243,True,True,Ouroboros (feat. TOFIE),Ouroboros (feat. TOFIE),"1366383804, 1183949560","Aika, TOFIE",Aika,Aika,Rai'Hea,Rai'Hea,Aika,41,41,0,0,1,1,17,19,447273,2022-11-18 12:00:00,2023-01-27 03:13:29,2023-01-06 14:20:45,V.F,English,Pop,English Dance,,1655034925,QZTAX2251611,Music112/v4/2d/7b/41/2d7b41ff-d8cd-9501-8c7a-dd8312f1f06a/artwork.jpg
1685,6942,7245,True,True,リコレクト・リフレクト,リコレクト・リフレクト,"415606376, 1110002531","meramipop, nayuta",meramipop & nayuta,meramipop & nayuta,Equilibrium,Equilibrium,"meramipop, nayuta",126,128,0,2,1,1,6,7,246487,2020-10-25 12:00:00,2023-01-09 06:50:29,2023-01-07 06:23:31,V.F,Japanese,Pop,J Dance,Dance.Influenced,1537763703,TCJPM2086088,Music115/v4/cc/1a/80/cc1a80d3-f01d-fab7-b77d-bb95697c1a61/859756276005_cover.png
1686,6944,7247,True,True,野良猫は宇宙を目指した,野良猫は宇宙を目指した,1553314022,しゃろう,しゃろう,しゃろう,野良猫は宇宙を目指した - Single,野良猫は宇宙を目指した - Single,しゃろう,49,49,0,0,1,1,1,1,123667,2021-02-19 12:00:00,2023-01-12 12:56:54,2023-01-12 12:09:15,A,-,Rock,Rock,,1554260531,TCJPN2193444,Music124/v4/fb/ac/36/fbac361e-4ade-1daa-263b-e69125bcefcf/859756643708_cover.jpg
1687,6946,7249,True,True,10℃,10℃,1553314022,しゃろう,しゃろう,しゃろう,10℃ - Single,10℃ - Single,しゃろう,68,73,0,5,1,1,1,1,217500,2021-02-18 12:00:00,2023-01-27 03:14:29,2023-01-12 14:04:40,A,-,Dance,Future Bass,"Bass.FutureBass, Bass.KawaiiBass",1554062042,TCJPN2193565,Music114/v4/18/58/a0/1858a0ab-e9ef-77c4-0e26-716422dc647e/859756639589_cover.jpg
1688,6948,7251,True,True,NEXT,NEXT,985948218,SK MUSIC,SK MUSIC,SK Music,"House, Vol. 27 -Instrumental BGM- by Audiostock","House, Vol. 27 -Instrumental BGM- by Audiostock",Various Artists,86,93,0,7,1,1,3,20,347826,2022-02-04 12:00:00,2023-01-27 03:14:32,2023-01-14 03:04:58,A,-,Dance,House,House.ProgressiveHouse,1603839972,JPW792115001,Music221/v4/25/e0/67/25e06704-3008-9764-15c0-257fa7ca3768/4580789438127.png
1689,6950,7253,True,True,Alive,Alive,1401871894,ReoNa,ReoNa,ReoNa,Alive(Special Edition) - EP,HUMAN,ReoNa,46,46,0,0,1,1,10,12,263617,2022-11-19 08:00:00,2023-01-27 03:14:40,2023-01-14 05:43:38,V.F,Japanese,Rock,Anime,Pop.Influenced,"1653074317, 1670578702",JPU902203359,Music126/v4/5a/32/58/5a32588b-e13f-b775-0014-a8d3308f4264/4547366608403.jpg
1690,6952,7255,True,True,Super Star,Super Star,1609545753,Kei Morimoto,Kei Morimoto,Kei Morimoto,Super Star - Single,STORIES vol.2,Kei Morimoto,26,27,0,1,1,1,1,20,170287,2023-01-07 12:00:00,2023-01-27 03:14:45,2023-01-14 05:49:31,A,-,Dance,Future Bass,"Bass.FutureBass, Bass.KawaiiBass","1661172997, 1806889801",CAGOO2224380,Music211/v4/7c/f9/93/7cf993d4-bbf7-b198-ce3b-12500591fcba/4550707507235_cover.png
1691,6954,7257,True,True,無情怪物,無情怪物,798549963,原子邦妮,原子邦妮,原子邦妮,無情怪物,無情怪物,原子邦妮,81,81,0,0,1,1,5,11,176646,2022-12-13 12:00:00,2023-01-27 03:14:50,2023-01-14 05:54:04,V.F,Mandarin,Pop,Mando Dance,,1657405709,TWA532200425,Music112/v4/e4/27/c6/e427c617-1c5d-c281-e232-b9e24d042324/5054197479373.jpg
1692,6956,7259,True,True,Tell to the Tail Light,Tell to the Tail Light,"1505485450, 1530584371, 1555762148","WINARTA, Mac Louis, Dare County","WINARTA, Mac Louis & Dare County","WINARTA, Mac Louis & Dare County",Tell to the Tail Light - Single,Tell to the Tail Light - Single,"WINARTA, Mac Louis, Dare County",79,82,0,3,1,1,1,1,202500,2022-12-30 12:00:00,2023-01-27 03:14:55,2023-01-14 06:02:25,V.M,English,Dance,English Dance,House.ProgressiveHouse,1661106240,NLD682300075,Music123/v4/0b/af/09/0baf0987-178b-9c73-be84-3ce0c08237d2/8718525281539.png
1693,6972,7269,True,True,With You,With You,1563969763,Cashew,Cashew,Cashew,With You - Single,With You - Single,Cashew,100,102,0,2,1,1,1,1,126484,2018-01-01 00:00:00,2023-01-16 15:51:18,2023-01-16 13:34:33,A,-,Instrumental,Hardcore,"Soundtrack.VideoGame.Phigros, Dance.Influenced",1562298656,QZMHK2062794,Music114/v4/dc/6c/a7/dc6ca731-f8f4-15dc-3820-66d9073a6315/4062994836443_cover.jpg
1694,6960,7265,False,True,DX Heaven,DX Heaven,,,Chill Bill And The Cushions,Chill Bill And The Cushions,Cities: Skylines - 80's Downtown Beat Radio,Cities: Skylines - 80's Downtown Beat Radio,Paradox Interactive,15,16,0,1,1,1,1,16,237871,2022-01-01 00:00:00,2023-01-16 15:51:02,2023-01-16 14:05:46,,,,Soundtrack,,,,
1695,6966,7267,False,True,In Love Again,In Love Again,,,TEN eleven,TEN eleven,Cities: Skylines - K-Pop Station Radio,Cities: Skylines - K-Pop Station Radio,Paradox Interactive,17,18,0,1,1,1,6,16,183928,2022-01-01 00:00:00,2023-01-16 15:51:02,2023-01-16 14:07:18,,,,Soundtrack,,,,
1696,6968,7271,False,True,Grizzly,Grizzly,,,ZX OHH,ZX OHH,Cities: Skylines - K-Pop Station Radio,Cities: Skylines - K-Pop Station Radio,Paradox Interactive,16,17,0,1,1,1,15,16,183457,2022-01-01 00:00:00,2023-01-16 15:51:02,2023-01-16 14:07:46,,,,Soundtrack,,,,
1697,6962,7261,True,True,Miracle Forest (VIP Mix),Miracle Forest (VIP Mix),0,Rinth_live,Rinth_live,Rinth_live,Miracle Forest (VIP Mix) - Single,Miracle Forest (VIP Mix) - Single,Rinth_live,98,111,0,13,1,1,1,1,169064,2020-01-01 00:00:00,2023-01-16 15:51:02,2023-01-16 14:15:15,A,-,Dance,Soundtrack,"House.ProgressiveHouse, Soundtrack.VideoGame.Phigros",,,
1698,6976,7277,False,True,Spasmodic,Spasmodic,,,姜米条,姜米條,Spasmodic - Single,Spasmodic - Single,姜米条,31,32,0,1,1,1,1,1,154906,2020-01-01 00:00:00,2023-01-16 15:52:55,2023-01-16 14:44:33,,,,Soundtrack,,,,
1699,6964,7263,True,True,Igallta,Igallta,1755965976,Se-U-Ra,Se-U-Ra,Se-U-Ra,Igallta - Single,Igallta - Single,Se-U-Ra,131,152,0,21,1,1,1,1,122148,2020-01-01 00:00:00,2023-01-16 15:51:02,2023-01-16 15:18:02,A,-,Dance,Soundtrack,"Hard.JCore, Soundtrack.VideoGame.Phigros, Soundtrack.VideoGame.Lanota",,,
1700,6974,7275,False,True,失眠飛行 (feat. 沈以誠 & 薛明媛),失眠飛行 (feat. 沈以誠 & 薛明媛),,,"接個吻,開一槍","接個吻,開一槍",失眠飛行 - Single,失眠飛行 - Single,"接個吻,開一槍",14,14,0,0,1,1,1,1,207281,2019-01-01 00:00:00,2023-01-16 15:51:31,2023-01-16 15:40:30,,,,Mando Dance,,,,
1701,6970,7273,True,True,for you,for you,912316913,澤野弘之,澤野弘之,澤野弘之,TVアニメ「Soul Link The Animation」オリジナルサウンドトラック,TVアニメ「Soul Link The Animation」オリジナルサウンドトラック,澤野弘之,209,212,0,3,1,1,5,37,153469,2006-08-09 00:00:00,2023-01-16 15:51:02,2023-01-16 15:44:43,A,-,Instrumental,Soundtrack,Soundtrack.Anime,1848804228,,Music221/v4/23/eb/f6/23ebf661-1907-c446-ffb6-19b27f62f734/4540774744893.png
1702,6978,7279,False,True,Safe & Sound,Safe & Sound,,,Novaspace & Vade,Novaspace & Vade,Safe & Sound - Single,Safe & Sound - Single,Novaspace & Vade,34,34,0,0,1,1,1,1,219352,2020-03-23 12:00:00,2023-01-27 03:15:01,2023-01-18 13:35:01,,,,English Dance,,1660250005,USA2P2009875,
1703,6980,7281,False,True,The Way I Still Love You,The Way I Still Love You,,,Reynard Silva,Reynard Silva,The Way I Still Love You - Single,The Way I Still Love You - Single,Reynard Silva,10,10,0,0,1,1,8,14,226830,2014-03-05 12:00:00,2023-01-27 03:15:07,2023-01-20 05:45:07,,,,English Pop,,1773692737,JPM591000494,
1704,6982,7283,False,True,Aphelium,Aphelium,,,Electric Dad,Electric Dad,Aphelium - Single,Aphelium - Single,Electric Dad,23,24,0,1,1,1,1,1,252706,2023-01-13 12:00:00,2023-01-27 03:15:16,2023-01-20 10:33:28,,,,Hardcore,,1664003196,QZFYZ2315236,
1705,6984,7285,True,True,Only Way Out Is Thru,Only Way Out Is Thru,"1019528519, 1608726435","GhostDragon, Daye",GhostDragon & Daye,GhostDragon & Daye,Only Way Out Is Thru - Single,Only Way Out Is Thru - Single,"GhostDragon, Daye",51,52,0,1,1,1,1,1,220200,2023-01-12 12:00:00,2023-01-27 03:15:20,2023-01-26 00:49:04,V.F,English,Dance,English Dance,Bass.FutureBass,1662750466,USA2P2300426,Music123/v4/e8/1b/0e/e81b0e4f-dbc8-6664-6587-ddea8081628d/196922321177_Cover.jpg
1706,6986,7287,False,True,Main Theme,Main Theme,,,Andreas Waldetoft,Andreas Waldetoft,Europa Universalis IV (Original Game Soundtrack),Europa Universalis IV (Original Game Soundtrack),Andreas Waldetoft,36,36,0,0,1,1,13,24,271200,2013-08-12 12:00:00,2023-01-27 03:15:25,2023-01-26 12:18:17,,,,Soundtrack,,1463757094,TCABP1386017,
1707,6988,7289,True,True,Our Kingdom Will Fall (From the Viking Metal Soundtrack),Our Kingdom Will Fall (From the Viking Metal Soundtrack),257457344,Tobias Gustafsson,Paradox Interactive,Tobias Gustafsson,Crusader Kings 2: Viking Metal (Original Game Soundtrack) - EP,Crusader Kings 2: Viking Metal (Original Game Soundtrack) - EP,Tobias Gustafsson,163,163,0,0,1,1,6,6,249403,2016-02-02 12:00:00,2023-01-27 03:15:30,2023-01-26 13:10:00,V.M,English,Rock,English Rock,Metal,1482136668,TCACL1655298,Music113/v4/39/20/e0/3920e02a-5e0a-aa8c-c71c-a5df825cc718/859716449975.png
1708,6990,7291,True,True,キミノイル世界線 feat. another anima,キミノイル世界線 feat. another anima,"1540035207, 1659328954","Fifteen voices, another anima",Fifteen voices,十五少女,キミノイル世界線 feat. another anima - Single,キミノイル世界線 feat. another anima - Single,Fifteen voices,91,92,0,1,1,1,1,1,274559,2023-01-11 12:00:00,2023-02-11 02:10:21,2023-01-26 13:17:13,V.F,Japanese,Pop,J Pop,,1659328956,JPB602300132,Music112/v4/a4/4e/db/a44edbb6-0637-49b0-7fa1-549bec3f29ac/ANTCD-A0000009052.jpg
1709,6992,7293,True,True,ビリミリオン,ビリミリオン,1489331027,優里,Yuuri,優里,ビリミリオン - Single,弐,優里,30,30,0,0,1,1,1,14,226628,2023-01-19 12:00:00,2023-02-11 02:10:25,2023-01-26 13:19:29,V.M,Japanese,Pop,J Rock,,"1658757540, 1677500584",JPU902204939,Music116/v4/7c/c3/3e/7cc33e9c-39b7-68d3-c16c-ee8f60e54afb/4547366614626.jpg
1710,6994,7295,False,True,HIKARI(リメイク),Hikari (Remake),,,sora*,sora*,トレーラー Vol.12 -Instrumental BGM- by Audiostock,"Trailer, Vol. 12 -Instrumental Bgm- by Audiostock",Various Artists,171,171,0,0,1,1,6,20,61200,2021-04-07 12:00:00,2023-01-28 04:44:51,2023-01-28 04:44:51,,,,Instrumental,,1558387085,JPW792102653,
1711,6996,7297,True,True,Heartbeat,Heartbeat,"1238151061, 1470910824","KOTONOHOUSE, SHACHI",KOTONOHOUSE & SHACHI,KOTONOHOUSE & SHACHI,Heartbeat - Single,Heartbeat - Single,"KOTONOHOUSE, SHACHI",52,53,0,1,1,1,1,2,155862,2023-01-21 12:00:00,2023-02-11 02:10:42,2023-01-29 00:22:18,V.X,Japanese,Dance,J Dance,Bass.FutureBass,1663187521,JPX342000043,Music113/v4/c3/1f/92/c31f9275-1180-a2b9-f0a2-aada4610c778/4582576350629_cover.jpg
1712,6998,7299,True,True,Usotsuki,嘘つき,485238266,家入莉奧,家入莉奧,家入莉奧,Usotsuki - Single,Naked,家入莉奧,55,55,0,0,1,1,6,12,217412,2023-01-11 12:00:00,2023-02-11 02:10:44,2023-01-29 01:25:44,V.F,Japanese,Pop,J Pop,,"1661269095, 1668708083",JPVI02204326,Music126/v4/61/5a/da/615ada9b-266f-003a-eb94-3f1a1fe737a0/VICL-65773.jpg
1713,7000,7301,True,True,Hoshi Ni Naru (feat. Isui),星になる (feat. 倚水),"1467168059, 1499587951","Islet, 倚水",Islet,Islet,Hoshi Ni Naru (feat. Isui) - Single,星になる (feat. 倚水) - Single,Islet,228,229,0,1,1,1,1,1,233778,2022-12-10 12:00:00,2023-02-11 02:10:47,2023-01-29 09:24:08,V.F,Japanese,Pop,J Pop,Dance.Influenced,1657089745,TCJPT2290695,Music122/v4/bd/7f/ad/bd7fada1-df39-3bae-6e52-2bdd7b277927/859759020957_cover.jpg
1714,7002,7303,False,True,Galaxy,Galaxy,,,Srav3R,Srav3R,Galaxy - Single,Galaxy - Single,Srav3R,38,38,0,0,1,1,1,1,193371,2022-07-05 12:00:00,2023-02-11 02:11:06,2023-01-29 09:27:49,,,,Future Bass,,1632796206,TCJPS2238792,
1715,7004,7305,False,True,Amanojaku,Amanojaku,,,Alfakyun.,Alfakyun.,Almatic,Almatic,Alfakyun.,39,42,0,3,1,1,10,12,185267,2017-02-08 12:00:00,2023-02-11 02:11:08,2023-01-29 12:32:53,,,,J Rock,,1570070631,JPTK01612570,
1716,7006,7307,False,True,Rewrite,Rewrite,,,Hakubi,Hakubi,Rewrite - Single,Rewrite - Single,Hakubi,32,33,0,1,1,1,1,1,239310,2023-01-15 12:00:00,2023-02-11 02:11:29,2023-01-30 01:25:23,,,,J Rock,,1660512043,JPPC02213160,
1717,7008,7309,False,True,Hall of Fame (Glee Cast Version),Hall of Fame (Glee Cast Version),,,Glee Cast,Glee Cast,Glee: The Music - The Complete Season Four,Glee: The Music - The Complete Season Four,Glee Cast,24,24,0,0,1,1,104,106,198907,2013-05-05 12:00:00,2023-02-11 02:11:34,2023-02-01 23:48:51,,,,English Pop,,791310892,USQX91301027,
1718,7010,7311,True,True,All My Friends (feat. RANASOL),All My Friends (feat. RANASOL),"390943900, 1448982033","rejection, RANASOL",rejection,rejection,All My Friends (feat. RANASOL) - Single,Prisma,Various Artists,91,101,0,10,1,1,2,10,230545,2022-12-31 12:00:00,2023-02-11 02:13:01,2023-02-02 00:11:48,V.F,Japanese,Dance,J Dance,Hard.JCore,"1659901041, 1665220914",GX8LD2205355,Music113/v4/69/24/9e/69249e38-19c0-1e08-c942-1bad1c144318/2e5cc8a1-ed49-4524-8b98-e95ca049cae1.jpg
1719,7012,7313,True,True,The Clear Blue Sky,The Clear Blue Sky,458554191,矢鴇つかさ,Tsukasa Yatoki,矢鴇つかさ,The Clear Blue Sky,The Clear Blue Sky,矢鴇つかさ,92,94,0,2,1,1,6,10,287558,2007-12-31 12:00:00,2023-02-11 02:13:25,2023-02-02 00:56:00,V.F,Japanese,Dance,J Dance,Trance,1706044826,TCJPX2334587,Music126/v4/96/78/c5/9678c54d-f752-b142-a2ba-ba7802fec8ce/3617221830438_cover.png
1720,7014,7315,False,True,Aurora,Aurora,,,Synthion,Synthion,Fairy Tale - EP,Fairy Tale - EP,Synthion,33,35,0,2,1,1,2,6,194821,2020-06-26 12:00:00,2023-02-11 02:13:34,2023-02-05 13:35:37,,,,English Dance,,1517710169,QM24S2006248,
1721,7016,7317,True,True,Gravity,Gravity,"1238151061, 307078957","KOTONOHOUSE, 初音未來",KOTONOHOUSE,KOTONOHOUSE,Synchronicity,Synchronicity,KOTONOHOUSE,48,49,0,1,1,1,5,13,212174,2019-10-19 12:00:00,2023-02-11 02:16:16,2023-02-05 13:54:17,V.F,Japanese,Dance,J Dance,Bass.FutureBass,1535807917,JPX342000033,Music124/v4/bb/5e/1a/bb5e1ae4-4bdd-d7ba-43a4-7667b9c18949/859756242734_cover.jpg
1722,7018,7319,True,True,One (feat. Zeru),One (feat. Zeru),"1191391882, 1273936929","iMeiden, Zeru",iMeiden,iMeiden,iMeiden Volume 4 - EP,iMeiden Volume 4 - EP,iMeiden,62,65,0,3,1,1,1,5,234621,2021-04-17 12:00:00,2023-02-11 02:13:39,2023-02-05 14:02:53,V.F,English,Dance,Future Bass,House.ProgressiveHouse,1564619648,QZH5E1945428,Music125/v4/28/8b/20/288b204d-26ac-3624-ac59-6f38bafaff01/859756855897_cover.jpg
1723,7020,7321,False,True,Fall For You (feat. William Segerdahl),Fall For You (feat. William Segerdahl),,,Hogland,Hogland,Holy - EP,Holy - EP,Hogland & Charlie South,26,26,0,0,1,1,3,4,178286,2021-10-29 12:00:00,2023-02-11 02:13:55,2023-02-05 14:03:10,,,,English Dance,,1591673374,SE3GO2120601,
1724,7022,7323,False,True,Someone Else,Someone Else,,,Ludvigsson & Jorm,Ludvigsson & Jorm,Someone Else - Single,Someone Else - Single,Ludvigsson & Jorm,25,25,0,0,1,1,1,1,164870,2020-11-13 12:00:00,2023-02-11 02:14:34,2023-02-05 14:03:37,,,,English Dance,,1535460250,QMBZ92069458,
1725,7024,7325,False,True,Hello Hello,Hello Hello,,,H△G,H△G,Koe - Vocaloid Cover Album,Koe - Vocaloid Cover Album,H△G,27,27,0,0,1,1,6,12,201507,2017-05-10 12:00:00,2023-02-11 02:14:47,2023-02-05 14:03:47,,,,J Rock,,1442291332,JPPO01701886,
1726,7026,7327,True,True,Perfect Imperfections (feat. Eleanor Forte),Perfect Imperfections (feat. Eleanor Forte),"1366383804, 1437047341","Aika, Eleanor Forte",Aika,Aika,Rai'Hea,Rai'Hea,Aika,93,107,0,14,1,1,6,19,272000,2022-10-21 12:00:00,2023-02-11 02:14:55,2023-02-08 02:07:19,V.F,English,Dance,English Dance,Bass.ColorBass,"1655034494, 1655034494",QZNWY2268029,Music112/v4/2d/7b/41/2d7b41ff-d8cd-9501-8c7a-dd8312f1f06a/artwork.jpg
1727,7028,7329,True,True,Finding Purpose in Nothingness (Interlude),Finding Purpose in Nothingness (Interlude),1366383804,Aika,Aika,Aika,Rai'Hea,Rai'Hea,Aika,82,82,0,0,1,1,8,19,130286,2023-01-06 12:00:00,2023-02-11 02:14:56,2023-02-08 02:20:54,A,-,Instrumental,Instrumental,,1655034916,QZTAZ2267893,Music112/v4/2d/7b/41/2d7b41ff-d8cd-9501-8c7a-dd8312f1f06a/artwork.jpg
1728,7030,7331,True,True,Blythe's Hope (feat. TOFIE),Blythe's Hope (feat. TOFIE),"1366383804, 1183949560","Aika, TOFIE",Aika,Aika,Rai'Hea,Rai'Hea,Aika,141,141,0,0,1,1,12,19,309333,2022-07-08 12:00:00,2023-02-11 02:14:58,2023-02-08 02:58:05,V.F,English,Rock,English Dance,"Alternative, Dance.Influenced",1655034920,QZK6K2258645,Music112/v4/2d/7b/41/2d7b41ff-d8cd-9501-8c7a-dd8312f1f06a/artwork.jpg
1729,7032,7333,True,True,Starry Eyed Dreamer (feat. SOLARIA),Starry Eyed Dreamer (feat. SOLARIA),"1366383804, 1604618142","Aika, SOLARIA",Aika,Aika,Rai'Hea,Rai'Hea,Aika,48,49,0,1,1,1,13,19,333474,2022-06-17 12:00:00,2023-02-11 02:15:00,2023-02-08 03:02:43,V.F,English,Dance,English Dance,"Bass.FutureBass, Hard.Hardcore",1655034921,QZHNA2200761,Music112/v4/2d/7b/41/2d7b41ff-d8cd-9501-8c7a-dd8312f1f06a/artwork.jpg
1730,7034,7335,True,True,White Lies (feat. SOLARIA),White Lies (feat. SOLARIA),"1366383804, 1604618142","Aika, SOLARIA",Aika,Aika,Rai'Hea,Rai'Hea,Aika,87,87,0,0,1,1,16,19,209280,2022-08-26 12:00:00,2023-02-11 02:15:09,2023-02-08 03:13:01,V.F,English,Pop,English Dance,,1655034924,QZMEP2268384,Music112/v4/2d/7b/41/2d7b41ff-d8cd-9501-8c7a-dd8312f1f06a/artwork.jpg
1731,7036,7337,True,True,Stained Glass Doll,Stained Glass Doll,1366383804,Aika,Aika,Aika,Rai'Hea,Rai'Hea,Aika,52,52,0,0,1,1,18,19,149882,2023-01-06 12:00:00,2023-02-11 02:15:11,2023-02-08 03:16:51,A,-,Instrumental,Instrumental,,1655034926,QZTAZ2267896,Music112/v4/2d/7b/41/2d7b41ff-d8cd-9501-8c7a-dd8312f1f06a/artwork.jpg
1732,7038,7339,False,True,Remember,Remember,,,PIKASONIC,PIKASONIC,Remember - Single,Remember - Single,PIKASONIC,43,43,0,0,1,1,1,1,225231,2023-02-02 12:00:00,2023-02-11 02:15:15,2023-02-09 13:28:00,,,,Future Bass,,1665085817,TCJPU2344778,
1733,7040,7341,True,True,ΔV (feat. ゆある),ΔV (feat. ゆある),"999491860, 1028543685","*Luna, ゆある",*Luna,*Luna,ΔV (feat. ゆある) - Single,ΔV (feat. ゆある) - Single,*Luna,99,115,0,16,1,1,1,1,243186,2023-01-18 12:00:00,2023-02-11 02:15:30,2023-02-09 13:29:52,V.F,Japanese,Rock,J Rock,,1661526210,JP92N2287297,Music113/v4/ab/6e/6e/ab6e6e39-fe7e-7991-84fd-a083ee633725/bigup13512656.jpg
1734,7042,7343,True,True,I'm Alive,I'm Alive,"1289324781, 1374671819, 1657909424","Joysic, Reynn, James Dawson","Joysic, Reynn & James Dawson","Joysic, Reynn & James Dawson",I'm Alive - Single,I'm Alive - Single,"Joysic, Reynn, James Dawson",58,63,0,5,1,1,1,1,191250,2023-01-25 12:00:00,2023-02-11 02:15:37,2023-02-09 13:35:40,V.M,English,Dance,English Dance,House.ProgressiveHouse,1657909676,QZMHN2273297,Music123/v4/ee/d1/c1/eed1c149-69d9-9f34-fa1f-72783b95f6cb/732138224453_cover.jpg
1735,7044,7345,True,True,Luv Me A Little,Luv Me A Little,"645420096, 484254148","ILLENIUM, Nina Nesbitt",ILLENIUM & Nina Nesbitt,ILLENIUM & Nina Nesbitt,ILLENIUM,ILLENIUM,ILLENIUM,37,37,0,0,1,1,16,16,224615,2023-01-20 08:00:00,2023-03-02 01:31:28,2023-02-11 04:03:40,V.F,English,Dance,English Dance,Bass.MelodicBass,1660942601,USWB12207330,Music113/v4/12/c1/df/12c1dfd9-cb9c-ac45-4b44-0384ea3be827/093624864257.jpg
1736,7046,7347,False,True,Collateral,Collateral,,,The Midnight,The Midnight,Nocturnal,Nocturnal,The Midnight,40,40,0,0,1,1,3,7,346736,2017-10-14 12:00:00,2023-03-02 01:31:31,2023-02-11 11:30:23,,,,Synthwave,,1758764169,TCADH1787616,
1737,7048,7349,True,True,Set Me Free,Set Me Free,251824775,PAX JAPONICA GROOVE,PAX JAPONICA GROOVE,PAX JAPONICA GROOVE,Off World,Off World,PAX JAPONICA GROOVE,81,85,0,4,1,1,3,16,219758,2021-04-07 12:00:00,2023-03-02 01:31:34,2023-02-13 13:45:09,V.F,English,Dance,English Dance,House.ElectroHouse,1556743712,JPZ922011955,Music114/v4/a7/cb/fb/a7cbfba5-0e6a-40b9-9b25-41c0d1023d95/4948722550631_cover.png
1738,7052,7351,False,True,Christmas Galaxy Ride,Christmas Galaxy Ride,,,Josh Powell,Josh Powell,A Hint of Christmas 4,A Hint of Christmas 4,Various Artists,30,30,0,0,1,1,8,13,194667,2022-08-02 07:00:00,2023-04-07 00:50:05,2023-02-16 12:40:26,,,,Future Bass,,,,
1739,7054,7353,True,True,カラカラ,カラカラ,1646020674,kessoku band,kessoku band,結束バンド,結束バンド,結束バンド,kessoku band,95,96,0,1,1,1,8,14,265133,2022-10-30 12:00:00,2023-03-02 01:31:44,2023-02-16 15:57:38,V.F,Japanese,Rock,Anime,Soundtrack.Anime,1657318783,JPE302201019,Music122/v4/51/3b/00/513b003d-5583-4533-168b-f213c245b53f/4534530141828.jpg
1740,7056,7355,False,True,Suffocate (with Medyk),Suffocate (with Medyk),,,Fells,Fells,Suffocate (with Medyk) - Single,Suffocate (with Medyk) - Single,Fells,43,43,0,0,1,1,1,1,214383,2023-02-10 12:00:00,2023-03-02 01:31:45,2023-02-18 13:33:10,,,,English Dance,,1664290335,CA5KR2319840,
1741,7058,7357,True,True,Beyond the Sky (feat. Shion Lee),Beyond the Sky (feat. Shion Lee),"1462844482, 1479310100","Kirara Magic, Shion Lee",Kirara Magic,Kirara Magic,Beyond the Sky - Single (feat. Shion Lee) - Single,Beyond the Sky - Single (feat. Shion Lee) - Single,Kirara Magic,135,138,0,3,1,1,1,1,265109,2023-02-10 12:00:00,2023-03-02 01:31:50,2023-02-18 14:01:02,V.F,Japanese,Pop,J Dance,Dance.Influenced,1670413765,TCAGU2347702,Music126/v4/28/58/80/2858809a-aaaa-8875-bdcb-22df7c7679d8/859770294153_cover.jpg
1742,7060,7359,False,True,心靈詩,心靈詩,,,劉藴晴 Rachel,劉蘊晴,心靈詩 - Single,心靈詩 - Single,Rachel Lau,14,14,0,0,1,1,1,1,196800,2023-02-08 12:00:00,2023-03-02 01:31:54,2023-02-18 14:37:29,,,,Canto Pop,,1670065173,MOA0Y2300002,
1743,7062,7361,False,True,Pantograph,Pantograph,,,shiroAN,shiroAN,Pantograph - Single,Pantograph - Single,shiroAN,43,44,0,1,1,1,1,1,248914,2023-02-03 12:00:00,2023-03-02 01:31:56,2023-02-18 15:02:52,,,,J Rock,,1669709834,TCJPU2373476,
1744,7064,7363,True,True,恋人じゃなくなった日,恋人じゃなくなった日,1489331027,優里,Yuuri,優里,恋人じゃなくなった日 - Single,弐,優里,60,60,0,0,1,1,3,14,224028,2023-02-14 12:00:00,2023-03-02 01:31:59,2023-02-18 15:02:59,V.M,Japanese,Rock,J Rock,Pop.Influenced,"1668709815, 1677500749",JPU902300137,Music116/v4/7c/c3/3e/7cc33e9c-39b7-68d3-c16c-ee8f60e54afb/4547366614626.jpg
1745,7066,7365,False,True,アドベンチャー,アドベンチャー,,,YOASOBI,YOASOBI,アドベンチャー - Single,アドベンチャー - Single,YOASOBI,22,24,0,2,1,1,1,1,199965,2023-02-15 12:00:00,2023-03-02 01:32:03,2023-02-18 15:03:07,,,,J Pop,,1669698270,JPP302300088,
1746,7068,7367,True,True,Altair (feat. *spiLa*),Altair (feat. *spiLa*),"1448188859, 669234449, 352553609","you, Kamome Sano, *spiLa*",you & Kamome Sano,you & Kamome Sano,Altair,Altair,"you, Kamome Sano",248,265,0,17,1,1,1,10,247879,2019-08-12 12:00:00,2023-03-02 01:32:09,2023-02-24 09:52:20,V.F,Japanese,Dance,J Dance,"Hard.Hardcore, Soundtrack.VideoGame.Arcaea, Pop.Influenced",1485667808,TCJPJ1989651,Music124/v4/a4/ef/09/a4ef0921-2b2a-299c-1ed0-87841f49b922/859755210833_cover.png
1747,7070,7369,True,True,Rainy Days,Rainy Days,1609545753,Kei Morimoto,Kei Morimoto,Kei Morimoto,Rainy Days - Single,STORIES vol.2,Kei Morimoto,29,30,0,1,1,1,9,20,203077,2023-02-11 12:00:00,2023-03-02 01:32:13,2023-02-28 07:49:01,A,-,Dance,Future Bass,"Bass.FutureBass, Bass.KawaiiBass","1668418126, 1806890031",CAHQJ2322873,Music211/v4/7c/f9/93/7cf993d4-bbf7-b198-ce3b-12500591fcba/4550707507235_cover.png
1748,7072,7371,False,True,Girlish,Girlish,,,SHUNTA,SHUNTA,ReNew,ReNew,SHUNTA,22,23,0,1,1,1,10,10,200538,2023-02-20 12:00:00,2023-04-07 00:50:20,2023-02-28 07:49:06,,,,House,,1671310993,TCJPU2383051,
1749,7074,7373,True,True,Magic Star,Magic Star,1591901430,Sowyn,Sowyn,Sowyn,Magic Star - Single,Magic Star - Single,Sowyn,56,59,0,3,1,1,1,1,195835,2023-02-16 12:00:00,2023-04-07 00:51:23,2023-02-28 07:49:16,A,-,Dance,House,House.FutureHouse,1672235976,QZDA72306637,Music221/v4/39/d7/bf/39d7bfae-37b0-f426-e624-833257284f8a/artwork.jpg
1750,7076,7375,False,True,SEPIA NOTES (feat.春風詩音),SEPIA NOTES (feat. shion haruka),,,Pedestrian,Pedestrian,SEPIA NOTES (feat.春風詩音) - Single,SEPIA NOTES (feat. shion haruka) - Single,Pedestrian,39,42,0,3,1,1,1,1,178438,2023-02-19 12:00:00,2023-04-07 00:51:43,2023-02-28 07:49:23,,,,J Pop,,1668737587,JPP302300051,
1751,7078,7377,False,True,Crying Over You (feat. LIZANN),Crying Over You (feat. LIZANN),,,DVRKCLOUD,DVRKCLOUD,Crying Over You (feat. LIZANN) - Single,Crying Over You (feat. LIZANN) - Single,DVRKCLOUD,27,26,1,1,1,1,1,1,221793,2023-02-17 12:00:00,2023-04-07 00:52:00,2023-02-28 07:49:30,,,,English Dance,,1667657199,CA5KR2323526,
1752,7080,7379,True,True,Alive,Alive,"1391033175, 1490490040, 453457873","Aaron Shirk, MEDZ, Liel Kolet","Aaron Shirk, MEDZ & Liel Kolet","Aaron Shirk, MEDZ & Liel Kolet",Alive - Single,Alive - Single,"Aaron Shirk, MEDZ, Liel Kolet",198,225,0,27,1,1,1,1,284800,2023-02-03 12:00:00,2023-03-10 03:32:28,2023-02-28 07:49:49,V.F,English,Dance,English Dance,Dubstep.MelodicDubstep,1664893263,QM24S2300178,Music123/v4/08/10/2f/08102f03-4aae-f507-7574-519c007fd880/193436316552_AaronShirkMEDZLielKoletAlive.jpg
1753,7082,7381,False,True,HUMAN,HUMAN,,,ReoNa,ReoNa,HUMAN,HUMAN,ReoNa,29,29,0,0,1,1,1,11,322132,2023-02-19 08:00:00,2023-04-07 00:52:14,2023-02-28 07:49:49,,,,J Rock,,1670577491,JPU902300356,
1754,7084,7383,True,True,ラストシーン,ラストシーン,1022677279,Novelbright,Novelbright,Novelbright,ラストシーン - Single,CIRCUS,Novelbright,35,38,0,3,1,1,8,15,191720,2023-02-15 12:00:00,2023-03-10 03:32:22,2023-02-28 07:49:50,V.M,Japanese,Rock,J Rock,Pop.Influenced,"1669122897, 1733821705",JPPO02300068,Music122/v4/17/34/55/17345510-84fe-43d2-ba3a-683cc0166423/24UMGIM20787.rgb.jpg
1755,7086,7385,False,True,Winter,Winter,,,家入莉奧,家入莉奧,Naked,Naked,Leo Ieiri,30,32,0,2,1,1,1,12,199040,2023-02-15 12:00:00,2023-03-10 03:32:20,2023-02-28 07:49:51,,,,J Pop,,1668708078,JPVI02204449,
1756,7088,7387,True,True,I Can't Stop Loving You (feat. Emi Noda),I can't stop loving you (feat. 野田愛實),"1453150508, 1020582054","高瀬統也, 野田愛實",Toya Takase,高瀬統也,The 2nd of Undecimber,13月2日,高瀬統也,66,66,0,0,1,1,2,16,217306,2022-12-07 12:00:00,2023-03-10 03:32:18,2023-02-28 07:50:10,V.X,Japanese,Pop,J Pop,Dance.Influenced,1656084762,TCJPT2284236,Music122/v4/dc/67/7f/dc677f00-de1d-8341-6db3-1590155681a6/859758995768_cover.jpg
1757,7090,7389,False,True,Doushite (feat. Emi Noda),Doushite (feat. 野田愛實),,,Toya Takase,高瀬統也,The 2nd of Undecimber,The 2nd of Undecimber,Toya Takase,12,16,0,4,1,1,6,16,181133,2022-01-31 12:00:00,2023-03-02 01:31:38,2023-02-28 07:51:37,,,,J Pop,,1656085433,TCJPQ2286232,
1758,7092,7391,True,True,Memories,Memories,476609914,MitiS,MitiS,MitiS,Memories - EP,Memories - EP,MitiS,45,47,0,2,1,1,2,4,192000,2023-02-03 12:00:00,2023-03-06 23:58:33,2023-02-28 07:52:42,A,-,Dance,Dubstep,Dubstep.MelodicDubstep,1666136999,CA5KR2321729,Music123/v4/dd/a5/41/dda5410d-1571-81df-e37e-b96f6bc02942/cover.jpg
1759,7094,7393,True,True,ひとりぼっち東京,ひとりぼっち東京,1646020674,kessoku band,kessoku band,結束バンド,結束バンド,結束バンド,kessoku band,64,64,0,0,1,1,2,14,232240,2022-10-13 12:00:00,2023-03-06 23:58:35,2023-03-02 00:36:37,V.F,Japanese,Rock,Anime,Soundtrack.Anime,1657318555,JPE302200935,Music122/v4/51/3b/00/513b003d-5583-4533-168b-f213c245b53f/4534530141828.jpg
1760,7096,7395,False,True,ひみつ基地,ひみつ基地,,,kessoku band,kessoku band,結束バンド,結束バンド,kessoku band,45,45,0,0,1,1,4,14,232267,2022-12-25 12:00:00,2023-03-06 23:58:38,2023-03-02 00:51:20,,,,Anime,,1657318570,JPE302201061,
1761,7098,7397,True,True,Head Above Water,Head Above Water,459885,Avril Lavigne,艾薇兒,Avril Lavigne,Head Above Water,Head Above Water,Avril Lavigne,62,62,0,0,1,1,1,12,220850,2018-09-18 12:00:00,2023-03-06 23:58:41,2023-03-04 05:09:57,V.F,English,Pop,English Pop,,1445138197,QMRSZ1801804,Music124/v4/d6/61/ae/d661ae58-ca9f-6884-f0db-b5ebf30dff24/4050538441802.jpg
1762,7100,7399,True,True,Landslide,Landslide,"1462475034, 1196418866","SABAI, RUNN",SABAI & RUNN,SABAI & RUNN,Landslide - Single,Landslide - Single,"SABAI, RUNN",103,127,0,24,1,1,1,1,190286,2023-03-03 12:00:00,2023-03-06 15:12:51,2023-03-06 05:49:41,V.F,English,Dance,English Dance,Dubstep.MelodicDubstep,1672651284,CA6D22300072,Music126/v4/c9/b7/cd/c9b7cd5e-a0f6-85dd-be04-e947621ae286/742779547552.png
1763,7102,7401,True,True,Humansongs,Humansongs,"282330711, 1675344825","Porter Robinson, Po-uta",Po-uta,Po-uta,Humansongs - Single,Humansongs - Single,"Porter Robinson, Po-uta",102,117,0,15,1,1,1,1,216997,2023-03-07 12:00:00,2023-04-07 00:52:37,2023-03-10 12:51:35,V.M,English,Dance,English Dance,House.ProgressiveHouse,1675345396,QM24S2301447,Music126/v4/bf/25/0c/bf250c53-7dfd-6753-04d9-d384a5712fab/193436324458_PoutaHumansongsArtwork.jpg
1764,7104,7403,True,True,Same Love,Same Love,965424559,Prince Fox,Prince Fox,Prince Fox,Same Love - Single,Same Love - Single,Prince Fox,55,56,0,1,1,1,1,1,212000,2019-11-22 12:00:00,2023-04-07 00:52:41,2023-03-14 14:58:36,V.M,English,Dance,English Dance,Bass.FutureBass,1485069586,CA5KR1965942,Music123/v4/f5/92/a2/f592a2fc-63bd-4004-8665-47a533445cb6/cover.jpg
1765,7106,7405,False,True,Used To Love,Used To Love,,,Martin Garrix & Dean Lewis,Martin Garrix & Dean Lewis,Used To Love - Single,Used To Love - Single,Martin Garrix & Dean Lewis,40,41,0,1,1,1,1,1,236765,2019-10-31 12:00:00,2023-05-15 01:02:55,2023-03-14 15:13:17,,,,English Dance,,1484631112,NLM5S1900686,
1766,7108,7407,True,True,Insanity,Insanity,"645420096, 1478164617","ILLENIUM, American Teeth",ILLENIUM & American Teeth,ILLENIUM & American Teeth,ILLENIUM,ILLENIUM,ILLENIUM,25,26,0,1,1,1,9,16,183133,2023-03-03 12:00:00,2023-04-07 00:53:02,2023-03-16 01:34:58,V.M,English,Pop,English Dance,Dance.Influenced,1660942579,USWB12207323,Music113/v4/12/c1/df/12c1dfd9-cb9c-ac45-4b44-0384ea3be827/093624864257.jpg
1767,7110,7409,True,True,透明 (feat. ねんね),透明 (feat. ねんね),"999491860, 1459967557","*Luna, ねんね",*Luna,*Luna,透明 (feat. ねんね) - Single,透明 (feat. ねんね) - Single,*Luna,66,68,0,2,1,1,1,1,214686,2023-03-04 12:00:00,2023-04-07 00:53:08,2023-03-16 01:35:22,V.F,Japanese,Rock,J Dance,Dance.Influenced,1672524882,JP92N2309558,Music116/v4/33/24/cc/3324cc54-8fe5-75dd-27b9-089084b42ef7/bigup13547137.jpg
1768,7112,7411,True,True,Please Please,Please Please,1513785424,SHUNTA,SHUNTA,SHUNTA,ReNew,ReNew,SHUNTA,55,57,0,2,1,1,7,10,202000,2023-02-20 12:00:00,2023-04-07 00:53:17,2023-03-16 01:39:54,V.F,English,Dance,English Dance,House.ProgressiveHouse,1671310986,TCJPU2383046,Music116/v4/94/03/e1/9403e19c-906b-1380-194b-16bb8e5bbd08/859759303302_cover.jpg
1769,7114,7413,True,True,Be With You,Be With You,"1289324781, 1609048644","Joysic, Baiden Holland",Joysic & Baiden Holland,Joysic & Baiden Holland,Be With You - Single,Be With You - Single,"Joysic, Baiden Holland",54,61,0,7,1,1,1,1,177600,2023-01-27 12:00:00,2023-04-07 01:09:01,2023-03-16 01:42:10,V.M,English,Dance,English Dance,Bass.FutureBass,1651570046,QZMHM2274873,Music122/v4/ab/b5/db/abb5db04-37ed-72bc-f3a8-4c82fa8ba544/734167851808_cover.jpg
1770,7116,7415,True,True,Connect (feat. めらみぽっぷ),Connect (feat. めらみぽっぷ),"1110002531, 415606376","nayuta, meramipop",nayuta,nayuta,Planet Traveler - EP (feat. めらみぽっぷ),Planet Traveler (feat. めらみぽっぷ) - EP,nayuta,76,77,0,1,1,1,3,6,295475,2019-04-28 12:00:00,2023-04-07 01:09:30,2023-03-20 14:16:01,V.F,Japanese,Dance,J Dance,Trance,1499329997,TCJPK2051608,Music124/v4/5e/6e/29/5e6e2982-8b63-c900-cb4f-746e60dd6f9a/859755457979_cover.png
1771,7118,7417,True,True,my friend,my friend,1326700688,yuiko,yuiko,yuiko,Point. - EP,Point. - EP,yuiko,75,76,0,1,1,1,2,6,230217,2015-04-26 12:00:00,2023-04-07 01:09:38,2023-03-20 14:29:35,V.F,Japanese,Rock,J Rock,,1566766105,TCJPO2168279,Music125/v4/18/e9/15/18e91565-4695-4cc5-cc54-c503e779a309/859756902133_cover.png
1772,7120,7419,True,True,To the Stars,To the Stars,1610290918,MOKKAI,MOKKAI,MOKKAI,To the Stars - Single,To the Stars - Single,MOKKAI,57,61,0,4,1,1,1,1,182108,2023-03-10 12:00:00,2023-04-07 01:10:05,2023-03-23 02:24:02,A,-,Dance,Dubstep,Bass.FutureBass,1676042932,QZES72339631,Music126/v4/c8/a4/0c/c8a40c70-d16e-1f9c-d6cc-dc15996f2ae6/artwork.jpg
1773,7122,7421,True,True,Diamond Dust,Diamond Dust,"1437839651, 314247790","Mwk, 巡音流歌",Mwk & Megurine Luka,Mwk & 巡音流歌,Diamond Dust / Night Fog - Single,Diamond Dust / Night Fog - Single,Mwk,57,58,0,1,1,1,1,2,242759,2023-03-08 12:00:00,2023-04-07 01:10:15,2023-03-23 02:28:14,V.F,Japanese,Dance,J Dance,DrumNBass,1674969247,JP92Q2301015,Music116/v4/ad/f8/ae/adf8ae1c-ea3b-a6ea-8618-dd696eced2f5/4511820-95882.jpg
1774,7124,7423,True,True,Dreamer,Dreamer,978885336,Synthion,Synthion,Synthion,"HYPERNIGHT, Vol. 3","HYPERNIGHT, Vol. 3",Various Artists,73,75,0,2,1,1,1,11,209911,2022-12-28 12:00:00,2023-04-07 01:09:53,2023-03-23 04:37:16,A,-,Dance,Hardcore,Hard.FutureCore,"1659744532, 1851093998",CA5KR2308761,
1775,7128,7427,True,True,Love Me the Same (feat. GLNNA),Love Me the Same (feat. GLNNA),"1336196745, 1475390146, 250795243, 1419823102","Vaance, Deerock, Wyle, GLNNA","Vaance, Deerock & Wyle","Vaance, Deerock & Wyle",Love Me the Same (feat. GLNNA) - Single,Love Me the Same (feat. GLNNA) - Single,"Vaance, Deerock, Wyle",49,50,0,1,1,1,1,1,197262,2021-10-14 12:00:00,2023-04-07 01:10:26,2023-03-25 09:28:37,V.F,English,Dance,English Dance,House.SlapHouse,1663293198,USA2P2134912,Music123/v4/16/4e/cc/164ecc82-a1ff-2802-7d43-62c544dd3dca/192641815782_.jpg
1776,7130,7429,True,True,Flushdown,Flushdown,"1348411573, 1576094428","Twinfield, 可不",Twinfield,Twinfield,Selfish Collider,Selfish Collider,Twinfield,54,60,0,6,1,1,5,11,230625,2021-11-01 12:00:00,2023-04-07 01:10:39,2023-03-25 09:36:51,V.F,Japanese,Dance,J Dance,Bass.FutureBass,1592476738,QZRPB2191278,Music126/v4/cd/62/34/cd62343c-2c76-1c3c-02bc-05766521c5d2/859757511037_cover.png
1777,7132,7431,False,True,Mata Kimito (feat. Ms.OOJA),Mata Kimito (feat. Ms.OOJA),,,JAY'ED,JAY'ED,Mata Kimito (feat. Ms.OOJA) - Single,Mata Kimito (feat. Ms.OOJA) - Single,JAY'ED,17,32,0,15,1,1,1,1,248520,2014-11-06 08:00:00,2023-04-07 01:10:51,2023-03-29 14:34:37,,,,J Pop,,1445123686,JPPO01411758,
1778,7134,7433,True,True,Nothing But Mine,Nothing But Mine,1449549276,Johnny Chay,Johnny Chay,Johnny Chay,Nothing But Mine - Single,Nothing But Mine - Single,Johnny Chay,35,50,0,15,1,1,1,1,177391,2022-09-14 12:00:00,2023-04-07 01:11:39,2023-03-29 15:07:33,V.F,English,Dance,English Dance,Bass.FutureBass,1643028612,QZNWU2251662,Music112/v4/1e/5d/15/1e5d150e-d404-5c4b-92f7-cceb386840a2/artwork.jpg
1779,7136,7435,True,True,Forever (feat. Elley Duhé),Forever (feat. Elley Duhé),"953311187, 394295270","Gryffin, Elley Duhé",Gryffin,Gryffin,Alive,Alive,Gryffin,73,79,0,6,1,1,3,17,187385,2022-10-28 07:00:00,2023-04-07 01:12:08,2023-03-29 15:30:21,V.F,English,Dance,English Dance,Bass.FutureBass,1651499782,USUM72220206,Music122/v4/09/ee/16/09ee169b-1f5e-1c35-d05c-02945774794d/22UM1IM18761.rgb.jpg
1780,7138,7437,False,True,No Lie,No Lie,,,if found & Sunnie Williams,if found & Sunnie Williams,No Lie - Single,No Lie - Single,if found & Sunnie Williams,35,35,0,0,1,1,1,1,217263,2021-03-05 12:00:00,2023-04-07 01:13:48,2023-03-29 16:15:28,,,,English Dance,,1554596277,GB2LD2110047,
1781,7140,7439,True,True,Brave New World,Brave New World,1511852072,iolli,iolli,iolli,Realm of Bird,Realm of Bird,iolli,69,75,0,6,1,1,8,9,216000,2020-10-25 12:00:00,2023-05-15 01:02:59,2023-03-30 14:46:21,V.F,English,Dance,English Dance,Dubstep.MelodicDubstep,1538120156,TCJPM2086725,Music114/v4/f5/1b/b3/f51bb3ec-99a5-2874-ba75-71160ad1f02c/859756280200_cover.jpg
1782,7142,7441,True,True,Be Without You (feat. Notelle),Be Without You (feat. Notelle),"957104875, 132347710, 951307925","KEPIK, Luma, Notelle",KEPIK & Luma,KEPIK & Luma,Be Without You (feat. Notelle) - Single,Be Without You (feat. Notelle) - Single,"KEPIK, Luma",237,277,0,40,1,1,1,1,206118,2019-05-17 12:00:00,2023-05-15 01:03:03,2023-03-30 16:07:10,V.F,English,Dance,English Dance,Dubstep.MelodicDubstep,1576907475,GBSMU6340526,Music125/v4/f3/38/e1/f338e15c-8c3c-59f1-9530-82cf10b9b884/5057917388795.jpg
1783,7144,7443,True,True,Look at the Sky,Look at the Sky,282330711,Porter Robinson,Porter Robinson,Porter Robinson,Nurture,Nurture,Porter Robinson,116,130,0,14,1,1,2,14,309986,2021-01-27 08:00:00,2023-05-15 01:03:06,2023-04-03 03:54:11,V.F,English,Dance,English Dance,House.ProgressiveHouse,1550626760,USQE92000004,Music125/v4/e7/e7/f7/e7e7f72a-431f-1819-e46e-d3584047125a/858275061918.png
1784,7146,7445,True,True,Crawl Outta Love (feat. Annika Wells),Crawl Outta Love (feat. Annika Wells),"645420096, 1148741261","ILLENIUM, Annika Wells",ILLENIUM,ILLENIUM,Awake,Awake,ILLENIUM,40,40,0,0,1,1,2,13,242012,2017-08-07 07:00:00,2023-08-17 17:37:39,2023-04-03 06:18:24,V.F,English,Dance,English Dance,Bass.FutureBass,1701059378,CAR071600435,Music211/v4/3d/8d/01/3d8d0121-7405-13a1-029c-43299592c91d/191515614247.png
1785,7148,7447,True,True,Island (feat. Nevve),Island (feat. Nevve),"461065242, 1182247394, 855763579, 1126052736","Seven Lions, Wooli, Trivecta, Nevve","Seven Lions, Wooli & Trivecta","Seven Lions, Wooli & Trivecta",Ophelia Volume 1,Ophelia Volume 1,Seven Lions,57,63,0,6,1,1,7,10,278400,2018-11-30 12:00:00,2023-05-15 01:03:43,2023-04-03 06:32:16,V.F,English,Dance,English Dance,Dubstep.MelodicDubstep,"1806702532, 1806757512",GBEWA1900040,Music211/v4/51/3e/d7/513ed728-0bcf-587b-0aea-df4e8fedfb3f/5039060398296.jpg
1786,7150,7449,False,True,さよならを言えたかな,さよならを言えたかな,,,culenasm,culenasm,さよならを言えたかな - Single,さよならを言えたかな - Single,culenasm,35,35,0,0,1,1,1,1,194891,2023-03-01 12:00:00,2023-05-15 01:04:26,2023-04-06 02:06:04,,,,J Rock,,1670097856,JPP302300066,
1787,7152,7451,False,True,アストロノーツ,アストロノーツ,,,Yuuri,優里,弐,弐,Yuuri,27,28,0,1,1,1,4,14,198893,2023-03-29 12:00:00,2023-05-15 01:05:57,2023-04-06 02:06:24,,,,J Rock,,1677500750,JPU902300759,
1788,7154,7453,True,True,Infinitely Falling,Infinitely Falling,1046396707,Fly By Midnight,Fly By Midnight,Fly By Midnight,Fictional Illustrations,Fictional Illustrations,Fly By Midnight,56,59,0,3,1,1,10,10,163738,2023-03-24 12:00:00,2023-05-15 01:06:20,2023-04-06 02:06:28,V.M,English,Pop,English Indie,,1674376243,QZES52320441,Music126/v4/62/91/41/629141c9-0bba-a0ca-696f-e59a12ee653e/artwork.jpg
1790,7158,7457,True,True,"""My Last Day""",「私の最後の日」,1227357016,YOURNESS,Yourness,YOURNESS,6 Case,6 Case,YOURNESS,49,49,0,0,1,1,12,12,295882,2021-12-01 12:00:00,2023-05-15 01:06:42,2023-04-07 10:44:13,V.M,Japanese,Rock,J Rock,Pop.Influenced,1589217842,JPG102101027,Music125/v4/ec/fd/a9/ecfda9e6-657f-7e6b-c248-fdcbb3de1732/4525853263090.jpg
1791,7160,7459,False,True,愛人錯過,愛人錯過,,,告五人,Accusefive,我肯定在幾百年前就說過愛你,我肯定在幾百年前就說過愛你,Accusefive,25,25,0,0,1,1,1,11,292075,2019-06-14 12:00:00,2023-05-15 01:06:52,2023-04-09 02:29:52,,,,Mando Rock,,1546062805,TWFF51900001,
1792,7162,7461,True,True,Twin Skies,Twin Skies,"978885336, 1033204051","Synthion, Kotori",Synthion & Kotori,Synthion & Kotori,Twin Skies - Single,Twin Skies - Single,"Synthion, Kotori",110,142,0,32,1,1,1,1,268800,2022-03-25 12:00:00,2023-05-15 01:07:00,2023-04-09 14:56:27,V.F,English,Dance,English Dance,"Hard.FutureCore, Dubstep.Brostep, Rock.Influenced",1614988151,QZPJ32155055,Music116/v4/2b/47/64/2b476480-afd7-7b6b-a54a-9254f59a8e95/198001703119.png
1793,7164,7463,False,True,ソルファを聞いた夜に,ソルファを聞いた夜に,,,H△G,H△G,H△G × ハローモンテスキュー - EP,H△G × ハローモンテスキュー - EP,H△G & Hello Montesquieu,29,30,0,1,1,1,3,6,233000,2019-06-26 12:00:00,2023-08-17 17:38:24,2023-04-09 15:13:48,,,,J Pop,,1468615493,TCJPJ1918421,
1794,7166,7465,True,True,"Haikei, Shinainarukimihe",拝啓、親愛なる君へ,1022677279,Novelbright,Novelbright,Novelbright,“En.”,「EN.」,Novelbright,47,48,0,1,1,1,8,8,247307,2019-08-14 07:00:00,2023-05-15 01:08:09,2023-04-09 15:28:24,V.M,Japanese,Rock,J Rock,,1475725605,JPCO01918290,Music123/v4/50/d3/32/50d332f6-b6d2-3b46-26ca-525f5aae2153/EPM-10002.jpg
1795,7168,7467,False,True,ラスター,ラスター,,,nonoc,nonoc,TVアニメ「スパイ教室」オープニングテーマ「灯火」 - EP,TVアニメ「スパイ教室」オープニングテーマ「灯火」 - EP,nonoc,23,24,0,1,1,1,2,6,202179,2023-01-25 12:00:00,2023-05-15 01:08:25,2023-04-12 23:52:30,,,,Anime,,1661254118,JPD732200314,
1796,7170,7469,True,True,Alive (feat. Opposite the Other),Alive (feat. Opposite the Other),"461065242, 1072725318","Seven Lions, Opposite the Other",Seven Lions,Seven Lions,Beyond The Veil (Deluxe),Beyond The Veil (Deluxe),Seven Lions,46,49,0,3,1,1,13,14,205037,2023-02-17 12:00:00,2023-05-15 01:08:44,2023-04-13 00:10:57,V.M,English,Dance,English Dance,Dubstep.MelodicDubstep,1806521346,GBEWA2300020,Music211/v4/9c/8e/cb/9c8ecbc5-a4bf-bd62-00d6-6345853e3ffb/5039060851494.jpg
1797,7172,7471,False,True,AM:PM,AM:PM,,,NOTD & Maia Wright,NOTD & Maia Wright,AM:PM - Single,AM:PM - Single,NOTD & Maia Wright,29,29,0,0,1,1,1,1,182951,2023-03-24 12:00:00,2023-05-15 01:09:02,2023-04-13 00:11:17,,,,English Pop,,1676547743,SEUM72300219,
1798,7174,7473,False,True,Lull,Lull,,,SHUNTA,SHUNTA,ReNew,ReNew,SHUNTA,20,21,0,1,1,1,5,10,207547,2023-02-20 12:00:00,2023-05-15 01:09:14,2023-04-13 00:28:31,,,,House,,1671310977,TCJPU2383040,
1799,7176,7475,True,True,2 Soon,2 Soon,"1449549276, 214823879","Johnny Chay, Kevin Chung",Johnny Chay & Kevin Chung,Johnny Chay & Kevin Chung,2 Soon - Single,2 Soon - Single,"Johnny Chay, Kevin Chung",48,50,0,2,1,1,1,1,231724,2022-10-19 12:00:00,2023-05-15 01:12:03,2023-04-13 02:21:38,V.M,English,Dance,English Dance,Bass.FutureBass,1649494176,QZRP42283552,Music122/v4/82/bb/e6/82bbe634-15ea-794c-713b-8b9ae014da12/artwork.jpg
1800,7178,7477,True,True,Dustrash (feat. Hatsune Miku),ダストラッシュ (feat. 初音未來),"1348411573, 307078957","Twinfield, 初音未來",Twinfield,Twinfield,DRESSCHORD,DRESSCHORD,Twinfield,109,133,0,24,1,1,11,11,251112,2022-09-28 12:00:00,2023-05-15 01:12:20,2023-04-13 02:23:16,V.F,Japanese,Dance,J Dance,Bass.FutureBass,1645221465,JP92Q2200718,Music112/v4/5e/9a/49/5e9a499b-05f2-60bd-f394-0a429b17fd10/4511820-95687.jpg
1801,7180,7479,True,True,Cosmos (feat. Meredith Bull),Cosmos (feat. Meredith Bull),"1332976136, 1406513104, 1116941645","Jade Key, BrillLion, Meredith Bull",Jade Key & BrillLion,Jade Key & BrillLion,Cosmos (feat. Meredith Bull) - Single,Cosmos (feat. Meredith Bull) - Single,"Jade Key, BrillLion",234,291,0,57,1,1,1,1,182118,2021-11-19 12:00:00,2023-05-15 01:12:28,2023-04-13 11:15:30,V.F,English,Dance,English Dance,Dubstep.MelodicDubstep,1594916073,GB2LD2110377,Music116/v4/c5/6f/ab/c56fab59-fc1c-9211-1041-398374715f88/cover.jpg
1802,7182,7481,False,True,Easy,Easy,,,Tatsunoshin,Tatsunoshin,Easy - Single,Easy - Single,Tatsunoshin,27,27,0,0,1,1,1,1,184938,2022-04-06 12:00:00,2023-05-15 01:12:38,2023-04-14 01:12:13,,,,English Dance,,1659013108,DEYZ62300011,
1803,7184,7483,False,True,Midnight Underpath,Midnight Underpath,,,DJ Noriken,DJ Noriken,FUTURISE myself - EP,FUTURISE myself - EP,Ark-Z,40,40,0,0,1,1,2,6,267907,2020-10-25 12:00:00,2023-05-15 01:12:52,2023-04-16 01:59:38,,,,English Dance,,1538872627,JPG642000081,
1804,7186,7485,False,True,Chaos Cat,Chaos Cat,,,Kirara Magic,Kirara Magic,Sweet Theory,Sweet Theory,Kirara Magic & Kirara Magicv,32,33,0,1,1,1,1,7,161318,2018-11-25 12:00:00,2023-05-15 01:13:08,2023-04-16 01:59:45,,,,House,,1446497391,QZES91824418,
1805,7188,7487,False,True,衝動 (feat. 棗いつき),衝動 (feat. 棗いつき),,,Room97,Room97,MY WORLD+,MY WORLD+,Room97,28,28,0,0,1,1,8,9,192000,2021-11-20 12:00:00,2023-05-15 01:13:20,2023-04-16 01:59:50,,,,J Pop,,1595568404,TCJPQ2116623,
1806,7190,7489,False,True,Say Something,Say Something,,,Alius & Un-Ti,Alius & Un-Ti,Say Something - Single,Say Something - Single,Alius & Un-Ti,31,31,0,0,1,1,1,1,195303,2021-09-23 12:00:00,2023-05-15 01:13:35,2023-04-16 02:02:26,,,,English Dance,,1846398733,AUNV02100241,
1807,7192,7491,False,True,Alive (feat. Alessia Labate),Alive (feat. Alessia Labate),,,Rich Edwards & CHRNS,Rich Edwards & CHRNS,Alive (feat. Alessia Labate) - Single,Alive (feat. Alessia Labate) - Single,Rich Edwards & CHRNS,43,43,0,0,1,1,1,2,202426,2020-10-21 12:00:00,2023-05-15 01:13:51,2023-04-16 02:02:44,,,,English Dance,,1533945914,NLQ8D2000668,
1808,7194,7493,False,True,Being With You,Being With You,,,"Vaance, Deerock & Linney","Vaance, Deerock & Linney",Being With You - Single,Being With You - Single,"Vaance, Deerock & Linney",27,27,0,0,1,1,1,1,215040,2021-11-04 12:00:00,2023-05-15 01:14:27,2023-04-16 02:03:34,,,,English Dance,,1659083697,USA2P2135129,
1809,7196,7495,True,True,Tonight,Tonight,251824775,PAX JAPONICA GROOVE,PAX JAPONICA GROOVE,PAX JAPONICA GROOVE,Off World,Off World,PAX JAPONICA GROOVE,45,48,0,3,1,1,5,16,204192,2021-04-07 12:00:00,2023-05-15 01:14:36,2023-04-16 02:03:44,V.M,English,Dance,English Dance,Bass.FutureBass,1556743714,JPZ922011150,Music114/v4/a7/cb/fb/a7cbfba5-0e6a-40b9-9b25-41c0d1023d95/4948722550631_cover.png
1810,7198,7497,False,True,Bittersweet,Bittersweet,,,"中野ジョジョ, Yunomi & zzz - Anime on Piano","Nakanojojo, Yunomi & zzz - Anime on Piano",ピアノコレクションズ・中野ジョジョ・ベスト - EP,Piano Collections Nakanojojo Best - EP,Various Artists,52,52,0,0,1,1,1,5,231000,2021-01-30 12:00:00,2023-05-15 01:14:44,2023-04-16 02:38:10,,,,Instrumental,,1549464674,TCJPN2167739,
1811,7200,7499,False,True,おやすみ,Oyasumi,,,"中野ジョジョ, プラナオ・プラス・サウンド・スタジオ, Ben Playing - Anime on Piano & Farhan Sarasin","Nakanojojo, Planao.Plus Sound Studio, Ben Playing - Anime on Piano & Farhan Sarasin",ピアノコレクションズ・中野ジョジョ・ベスト - EP,Piano Collections Nakanojojo Best - EP,Various Artists,40,40,0,0,1,1,5,5,217846,2021-01-30 12:00:00,2023-05-15 01:14:46,2023-04-16 02:52:04,,,,Instrumental,,,,
1812,7202,7501,True,True,Crystal Clear,Crystal Clear,"1391033175, 1509689105","Aaron Shirk, Isaac Warburton",Aaron Shirk & Isaac Warburton,Aaron Shirk & Isaac Warburton,Crystal Clear - Single,Crystal Clear - Single,"Aaron Shirk, Isaac Warburton",118,135,0,17,1,1,1,1,208552,2023-04-07 12:00:00,2023-05-15 01:14:56,2023-04-18 09:10:25,V.M,English,Dance,English Dance,Dubstep.MelodicDubstep,1671050770,QM24S2300861,Music126/v4/d0/04/5d/d0045d2e-4215-124a-4b7f-7c2a2ad19296/193436320733_AaronShirkIsaacWarburtonCrystalClear.jpg
1813,7204,7503,False,True,Begin,Begin,,,Fairlane & Britt Lari,Fairlane & Britt Lari,Begin - Single,Begin - Single,Fairlane & Britt Lari,24,25,0,1,1,1,1,1,205107,2023-04-07 12:00:00,2023-08-17 17:39:16,2023-04-18 10:17:35,,,,English Dance,,1674955997,CA5KR2332051,
1814,7206,7505,False,True,Sippin,Sippin,,,Cheat Codes,Cheat Codes,One Night in Nashville,One Night in Nashville,Cheat Codes,21,21,0,0,1,1,9,15,161290,2023-01-27 12:00:00,2023-08-17 17:39:33,2023-04-18 10:17:40,,,,English Pop,,1659100879,USANG2238147,
1815,7208,7507,False,True,School Days,School Days,,,RUQOA & oru,RUQOA & oru,School Days - Single,School Days - Single,RUQOA & oru,20,21,0,1,1,1,1,1,126612,2023-04-10 12:00:00,2023-05-15 01:15:18,2023-04-18 10:17:48,,,,Future Bass,,1679505354,QZS642314591,
1816,7210,7509,False,True,Starlight,Starlight,,,Author wind,Author wind,All Day - EP,All Day - EP,Author wind,25,39,0,14,1,1,4,4,143061,2023-04-10 12:00:00,2023-05-15 01:15:37,2023-04-18 10:18:59,,,,Future Bass,,1680735434,QZMHM2355219,
1817,7212,7511,False,True,ZERO,Zero,,,yupsilon,yupsilon,ZERO - Single,ZERO - Single,yupsilon,26,27,0,1,1,1,1,1,182844,2023-04-05 12:00:00,2023-08-17 17:39:53,2023-04-18 10:19:17,,,,J Rock,,1677092570,JPPC02310539,
1818,7214,7513,False,True,メリーゴーランド,メリーゴーランド,,,Yuuri,優里,弐,弐,Yuuri,20,20,0,0,1,1,14,14,256680,2022-12-22 12:00:00,2023-08-17 17:40:03,2023-04-18 10:19:28,,,,J Rock,,1677501760,JPU902204824,
1819,7216,7515,False,True,Different Lives,Different Lives,,,Fly By Midnight,Fly By Midnight,Fictional Illustrations,Fictional Illustrations,Fly By Midnight,37,39,0,2,1,1,5,10,201000,2023-03-24 12:00:00,2023-08-17 17:40:10,2023-04-18 10:19:36,,,,English Indie,,1674376238,QZES52320440,
1820,7218,7517,True,True,Eyes Closed,Eyes Closed,183313439,Ed Sheeran,Ed Sheeran,Ed Sheeran,- (Deluxe),- (Deluxe),Ed Sheeran,19,19,0,0,1,1,3,18,194849,2023-03-24 07:00:00,2023-08-17 17:40:22,2023-04-18 10:20:42,V.M,English,Pop,English Pop,,1673804556,GBAHS2201304,Music126/v4/c2/4c/36/c24c3631-08b8-b576-345a-259b395f8dbd/5054197591464.jpg
1821,7220,7519,False,True,Break Over,Break Over,,,K-forest,K-forest,Break Over - Single,Break Over - Single,K-forest,31,32,0,1,1,1,1,1,128554,2023-01-01 12:00:00,2023-08-17 17:40:55,2023-04-19 09:17:09,,,,Soundtrack,,1662204286,QZS642248273,
1822,7222,7521,False,True,Always In My Dreams,Always In My Dreams,,,A.L.I.S.O.N,A.L.I.S.O.N,Sunshine Girl - Single,Sunshine Girl - Single,A.L.I.S.O.N,42,42,0,0,1,1,2,3,209625,2020-01-24 12:00:00,2023-08-17 17:41:06,2023-04-24 02:23:46,,,,Synthwave,,1736095166,QM24S2000504,
1823,7224,7523,True,True,blindside,blindside,"1019528519, 1608726435","GhostDragon, Daye",GhostDragon & Daye,GhostDragon & Daye,blindside - Single,pretenders,GhostDragon,52,55,0,3,1,1,7,7,177778,2023-03-14 12:00:00,2023-08-17 17:41:14,2023-04-26 14:25:53,V.F,English,Dance,English Dance,"Bass.FutureBass, Rock.Influenced","1680755455, 1697031320",USA2P2316973,Music116/v4/e0/f4/71/e0f471cb-08f8-d33f-f8f0-b29d2c3db01e/196922554674_Cover.jpg
1824,7226,7525,True,True,Your Boyfriend's Car,Your Boyfriend's Car,"350247425, 442532936","Caslow, SayWeCanFly",Caslow & SayWeCanFly,Caslow & SayWeCanFly,Not a Phase - Single,Not a Phase - Single,Caslow,48,47,1,1,1,1,2,3,164500,2023-04-14 12:00:00,2023-08-17 17:41:22,2023-04-26 14:30:25,V.M,English,Rock,English Dance,Pop.Influenced,1673139179,USLZJ2310579,Music126/v4/70/ec/30/70ec30ba-e948-aa33-44bc-a44413003d40/197368384191_cover.jpg
1825,7228,7527,True,True,Paradise,Paradise,"1446484491, 1473208661","Chill Satellite, Young Viridii",Chill Satellite & Young Viridii,Chill Satellite & Young Viridii,Paradise - Single,Paradise - Single,"Chill Satellite, Young Viridii",51,51,0,0,1,1,1,1,190299,2023-04-14 12:00:00,2023-08-17 17:41:39,2023-04-26 14:49:19,V.M,English,Dance,English Dance,Bass.FutureBass,1680578540,GX8LD2310699,Music126/v4/c4/fa/88/c4fa8882-d067-3847-f864-832dc97ad950/5063292839913_cover.jpg
1826,7230,7529,False,True,Save Me (From Myself),Save Me (From Myself),,,NURKO & Kyle Hume,NURKO & Kyle Hume,Save Me (From Myself) - Single,Save Me (From Myself) - Single,NURKO & Kyle Hume,20,20,0,0,1,1,1,1,218667,2023-04-07 12:00:00,2023-08-17 17:41:32,2023-04-27 12:03:39,,,,English Dance,,1678885545,USUG12301812,
1827,7232,7531,True,True,Cantabile,Cantabile,1022677279,Novelbright,Novelbright,Novelbright,Cantabile - Single,CIRCUS,Novelbright,21,22,0,1,1,1,6,15,226640,2023-04-12 12:00:00,2023-08-17 17:41:46,2023-04-27 12:04:29,V.M,Japanese,Pop,J Rock,Rock.Influenced,"1679909476, 1733821270",JPPO02301008,Music122/v4/17/34/55/17345510-84fe-43d2-ba3a-683cc0166423/24UMGIM20787.rgb.jpg
1828,7234,7533,False,True,KANASHIBARI (feat. ao),KANASHIBARI (feat. ao),,,RADWIMPS,RADWIMPS,KANASHIBARI (feat. ao) - Single,KANASHIBARI (feat. ao) - Single,RADWIMPS,21,21,0,0,1,1,1,1,297692,2023-04-17 07:00:00,2023-08-17 17:41:53,2023-04-27 12:04:37,,,,J Rock,,1681694026,JPV972300062,
1829,7236,7535,True,True,My Little Universe,My Little Universe,1609545753,Kei Morimoto,Kei Morimoto,Kei Morimoto,My Little Universe - Single,STORIES vol.2,Kei Morimoto,18,18,0,0,1,1,12,20,274033,2023-04-06 12:00:00,2023-08-17 17:41:59,2023-04-27 12:04:43,A,-,Dance,Future Bass,"Bass.FutureBass, Bass.KawaiiBass","1681178203, 1806890037",CAHQJ2384653,Music211/v4/7c/f9/93/7cf993d4-bbf7-b198-ce3b-12500591fcba/4550707507235_cover.png
1830,7238,7537,False,True,Rave Night,Rave Night,,,Tatsunoshin & Tsugumi Nagahara,Tatsunoshin & Nagahara Tsugumi,Rave Night - Single,Rave Night - Single,Tatsunoshin & Nagahara Tsugumi,41,41,0,0,1,1,1,1,166875,2023-03-15 12:00:00,2023-08-17 17:42:06,2023-04-27 12:04:48,,,,J Dance,,1673137907,USA2P2311647,
1831,7240,7539,False,True,Bring Me Back,Bring Me Back,,,Zekk,Zekk,Bring Me Back - Single,Bring Me Back - Single,Zekk,11,11,0,0,1,1,1,1,202733,2023-04-15 12:00:00,2024-02-20 23:26:17,2023-04-27 12:05:06,,,,English Dance,,1681369007,TCJPV2355478,
1832,7242,7541,False,True,Lychee Soda,Lychee Soda,,,Karmadylo,Karmadylo,Lychee Soda - Single,Lychee Soda - Single,Karmadylo,17,17,0,0,1,1,1,1,267055,2023-04-12 12:00:00,2023-08-17 17:42:31,2023-04-27 12:05:18,,,,Funk,,1682190603,QZHN92301118,
1833,7244,7543,False,True,又到天黑,又到天黑,,,告五人,Accusefive,帶你飛,帶你飛,Accusefive,17,17,0,0,1,1,1,10,289640,2023-02-14 12:00:00,2023-08-17 17:42:40,2023-04-27 12:05:22,,,,Mando Rock,,1670343370,TWK232314801,
1834,7246,7545,False,True,Ignorant Fool,Ignorant Fool,,,Puppet,Puppet,Ignorant Fool - Single,Ignorant Fool - Single,Puppet,17,17,0,0,1,1,1,1,178287,2023-03-01 12:00:00,2023-08-17 17:42:47,2023-04-27 12:05:33,,,,English Rock,,1785939761,QZNW72367128,
1835,7248,7547,False,True,Unleash,Unleash,,,SHUNTA,SHUNTA,ReNew,ReNew,SHUNTA,20,21,0,1,1,1,4,10,227848,2023-02-20 12:00:00,2023-08-17 17:42:55,2023-04-27 12:06:08,,,,House,,1671310973,TCJPU2383038,
1836,7250,7549,False,True,Weaker,Weaker,,,ReoNa,ReoNa,HUMAN,HUMAN,ReoNa,24,26,0,2,1,1,2,11,280184,2023-03-08 12:00:00,2023-08-17 17:43:03,2023-04-27 12:06:40,,,,J Rock,,1670577492,JPU902300357,
1837,7252,7551,False,True,SACRA,SACRA,,,ReoNa,ReoNa,HUMAN,HUMAN,ReoNa,19,20,0,1,1,1,11,11,189865,2023-03-08 12:00:00,2023-08-17 17:43:08,2023-05-06 12:40:33,,,,J Pop,,1670578704,JPU902300361,
1838,7254,7553,True,True,In Love,In Love,"350247425, 1485181337, 438867631","Caslow, SadBois, Micah Martin","Caslow, SadBois & Micah Martin","Caslow, SadBois & Micah Martin",Not a Phase - Single,Not a Phase - Single,Caslow,26,25,1,1,1,1,3,3,174545,2023-04-14 12:00:00,2023-08-17 17:43:17,2023-05-06 12:41:12,V.M,English,Dance,English Dance,"Bass.FutureBass, Rock.Influenced",1673139180,USLZJ2310586,Music126/v4/70/ec/30/70ec30ba-e948-aa33-44bc-a44413003d40/197368384191_cover.jpg
1839,7256,7555,True,True,Falling Down,Falling Down,"1211798384, 1677851088","Rickie Nolls, Falls End",Rickie Nolls & Fallsend,Rickie Nolls & Falls End,Falling Down - Single,Falling Down - Single,"Rickie Nolls, Falls End",73,79,0,6,1,1,1,1,224000,2023-04-21 12:00:00,2023-08-17 17:43:22,2023-05-06 12:41:22,V.F,English,Dance,English Dance,Bass.MelodicBass,1677851089,QM24S2302071,Music126/v4/e2/1e/64/e21e64c5-0f52-8cfb-e4ba-3970290993ec/193436326735_FinalArtSQ.jpg
1840,7258,7557,False,True,Anymore,Anymore,,,PatFromLastYear & Livingston Crain,PatFromLastYear & Livingston Crain,Anymore - Single,Anymore - Single,PatFromLastYear & Livingston Crain,23,23,0,0,1,1,1,1,180414,2023-04-21 12:00:00,2023-08-17 17:43:38,2023-05-06 12:41:40,,,,English Dance,,1679492555,QZHN52314551,
1841,7260,7559,False,True,Still Breathing (feat. She Is Jules),Still Breathing (feat. She Is Jules),,,Soar & Eunoia,Soar & Eunoia,Still Breathing (feat. She Is Jules) - Single,Still Breathing (feat. She Is Jules) - Single,Soar & Eunoia,20,20,0,0,1,1,1,1,212571,2023-04-21 12:00:00,2024-02-20 23:27:03,2023-05-06 12:41:46,,,,English Dance,,1679187676,USA2P2316070,
1842,7262,7561,False,True,Provoke (feat. Kurokami Mirei),Provoke (feat. Kurokami Mirei),,,Room97,Room97,Report,Report,Room97,19,21,0,2,1,1,6,7,180000,2023-05-01 12:00:00,2023-08-17 17:44:09,2023-05-06 12:42:14,,,,J Pop,,1681713117,TCJPV2357048,
1843,7264,7563,False,True,One Day.,One Day.,,,WaMi & Uztama,WaMi & Uztama,One Day. - Single,One Day. - Single,WaMi & Uztama,18,18,0,0,1,1,1,2,262133,2023-04-22 12:00:00,2023-08-17 17:44:29,2023-05-06 12:42:54,,,,J Pop,,1681368595,TCJPV2350186,
1844,7266,7565,False,True,Flux,Flux,,,Geneki Jk & Dig8 Records,Geneki Jk & Dig8 Records,Flux - Single,Flux - Single,Geneki Jk & Dig8 Records,34,34,0,0,1,1,1,1,189863,2023-04-23 12:00:00,2023-08-17 17:44:40,2023-05-06 12:43:01,,,,Dubstep,,1681716605,TCJPV2358151,
1845,7268,7567,False,True,Exceed,Exceed,,,SHUNTA,SHUNTA,ReNew,ReNew,SHUNTA,24,25,0,1,1,1,6,10,196154,2023-02-20 12:00:00,2023-08-17 17:44:47,2023-05-06 12:43:09,,,,House,,1671310984,TCJPU2383043,
1846,7270,7569,False,True,All We Needed,All We Needed,,,West Collins,West Collins,All We Needed - Single,All We Needed - Single,West Collins,26,26,0,0,1,1,1,1,185000,2023-04-21 12:00:00,2023-08-17 17:44:58,2023-05-06 12:43:33,,,,English Dance,,1664534271,ES5052300047,
1847,7272,7571,False,True,superglue,superglue,,,joan,joan,superglue,superglue,joan,18,18,0,0,1,4,13,13,245679,2023-04-19 12:00:00,2023-08-17 17:45:01,2023-05-06 12:43:42,,,,English Indie,,1816088585,QZ47A2200336,
1848,7274,7573,True,True,Primary Star (feat. 初音ミク),Primary Star (feat. 初音未來),"1488356739, 307078957","RENO, 初音未來",Reno,RENO,ALTERLIGHT,ALTERLIGHT,NextLight,77,81,0,4,1,1,1,12,250435,2022-01-28 12:00:00,2023-08-17 17:45:03,2023-05-07 23:59:41,V.F,Japanese,Dance,J Dance,House.ProgressiveHouse,1606284272,JPE562200048,Music116/v4/9a/7d/03/9a7d0334-6b95-21e3-d82e-98d2073dea6a/4511820-95480.jpg
1849,7276,7575,False,True,Dokuhaku,Dokuhaku,,,H△G,H△G,Aoiro Film,Aoiro Film,H△G,27,29,0,2,1,1,11,12,232920,2018-02-14 12:00:00,2023-08-17 17:45:10,2023-05-07 23:59:59,,,,J Rock,,1350298952,JPTK01800080,
1850,7278,7577,True,True,8.32,8.32,"999491860, 1028543685","*Luna, ゆある",*Luna,*Luna,Dream of Lazurite,Dream of Lazurite,*Luna,55,55,0,0,1,1,8,14,250088,2019-05-01 12:00:00,2023-08-17 17:45:12,2023-05-08 00:00:23,V.F,Japanese,Rock,J Rock,,1460366254,JPE561905510,Music124/v4/f2/19/8d/f2198dc0-6ce0-4e6f-1742-d1a9ba9584cb/4511820-94808.jpg
1851,7280,7579,False,True,Walking with You,Walking with You,,,Novelbright,Novelbright,Skywalk,Skywalk,Novelbright,28,29,0,1,1,1,1,7,223187,2018-10-03 12:00:00,2023-08-17 17:45:15,2023-05-08 00:00:44,,,,J Rock,,1444839834,JPCO01820420,
1852,7282,7581,True,True,Vividvelocity,Vividvelocity,978885336,Synthion,Synthion,Synthion,Vividvelocity - Single,Vividvelocity - Single,Synthion,46,49,0,3,1,1,1,1,130464,2023-01-16 12:00:00,2023-08-17 17:45:24,2023-05-08 00:01:54,V.F,English,Dance,House,"Bass.FutureBass, Hard.FutureCore",1665160311,QZFZ22311492,Music123/v4/aa/e1/a7/aae1a727-e8fa-9009-b751-533b2b415225/artwork.jpg
1853,7284,7583,False,True,Choices,Choices,,,Natiive & LAYNE,Natiive & LAYNE,Choices - Single,Choices - Single,Natiive & LAYNE,22,22,0,0,1,1,1,1,186000,2021-08-13 12:00:00,2023-08-17 17:45:33,2023-05-08 00:03:36,,,,English Pop,,1576292138,QZS672167417,
1854,7286,7585,False,True,Echoes,Echoes,,,aici,aici,Echoes - Single,Echoes - Single,aici,25,26,0,1,1,1,1,1,167506,2022-08-31 12:00:00,2023-08-17 17:45:41,2023-05-08 00:05:09,,,,J Pop,,1639099391,TCJPS2273350,
1855,7288,7587,False,True,Nobody's Home,Nobody's Home,,,ONE OK ROCK,ONE OK ROCK,Niche Syndrome,Niche Syndrome,ONE OK ROCK,29,31,0,2,1,1,13,13,257427,2010-06-09 12:00:00,2023-08-17 17:45:43,2023-05-08 00:06:28,,,,J Rock,,1838917143,JPJ221000177,
1856,7290,7589,True,True,You're Not Alone (feat. Livingston Crain),You're Not Alone (feat. Livingston Crain),"1045012348, 1248559439","Nick Ledesma, Livingston Crain",Nick Ledesma,Nick Ledesma,You're Not Alone (feat. Livingston Crain) - Single,You're Not Alone (feat. Livingston Crain) - Single,Nick Ledesma,50,53,0,3,1,1,1,1,258655,2022-04-26 12:00:00,2023-08-17 17:45:48,2023-05-08 00:07:44,V.M,English,Dance,English Dance,"Bass.FutureBass, Rock.Influenced",1617299094,QZES92252074,Music122/v4/6c/4c/11/6c4c11a4-66e7-6002-8900-c6ad16d71c64/artwork.jpg
1857,7292,7591,False,True,Future Rewind (feat. shully),Future Rewind (feat. Shully),,,eleline△,eleline△,ネオンストライド,ネオンストライド,Various Artists,34,35,0,1,1,1,9,14,184921,2019-10-27 12:00:00,2023-08-17 17:45:55,2023-05-14 11:07:16,,,,J Dance,,1485395018,TCJPJ1989037,
1858,7294,7593,True,True,Star (feat. あずきうい),Star (feat. あずきうい),"1568653367, 1571634879","DoubleLift, あずきうい",DoubleLift,DoubleLift,Star (feat. あずきうい & 魔花ふしぎ),Star (feat. あずきうい & 魔花ふしぎ),DoubleLift,113,129,0,16,1,1,9,9,177882,2023-04-30 12:00:00,2023-05-15 01:05:33,2023-05-15 01:05:33,V.F,Japanese,Dance,J Dance,Hard.FutureCore,1687106040,JP92N2329803,Music126/v4/30/41/df/3041dfd8-53aa-b37c-fd70-150e58b75dc7/bigup13601060.jpg
1859,7296,7595,False,True,Best Alone,Best Alone,,,Puppet,Puppet,Kawasaki Boy - Single,Kawasaki Boy - Single,Puppet,7,7,0,0,1,1,1,2,229432,2023-03-29 12:00:00,2023-05-15 01:11:33,2023-05-15 01:11:33,,,,English Rock,,1785939732,QZNW72305926,
1860,7298,7597,True,True,TATTOO,Tattoo,960568308,Official HIGE DANdism,Official鬍子男dism,Official鬍子男dism,TATTOO - Single,Rejoice,Official HIGE DANdism,60,60,0,0,1,1,15,16,287460,2023-04-21 12:00:00,2023-08-17 17:46:01,2023-05-18 04:53:34,V.M,Japanese,Pop,J Rock,Rock.Influenced,1754117752,JPPC02310818,Music211/v4/5e/35/b0/5e35b0e7-4c59-d77b-5856-5edc4413adae/PCCA_06304_A.jpg
1861,7300,7599,True,True,アイオライト,アイオライト,953052200,Awesome City Club,Awesome City Club,Awesome City Club,アイオライト - Single,close:to - EP,Awesome City Club,14,19,0,5,1,1,2,6,253100,2023-04-19 12:00:00,2024-02-20 23:28:47,2023-05-18 05:03:31,V.F,Japanese,Pop,J Pop,Rock.Influenced,"1680459705, 1733188842",JPB602301629,Music112/v4/a1/3a/f3/a13af358-9f4f-c039-63c1-86bcc098319f/ANTCD-A0000012719.jpg
1862,7302,7601,False,True,Don't Wanna Know,Don't Wanna Know,,,2d_end,2d_end,Instable - Single,Instable - Single,2d_end,28,28,0,0,1,1,2,3,201236,2023-04-07 12:00:00,2023-08-17 17:46:11,2023-05-18 12:06:36,,,,K Pop,,,,
1863,7304,7603,False,True,一念之間,一念之間,,,告五人,Accusefive,帶你飛,帶你飛,Accusefive,15,15,0,0,1,1,4,10,287635,2023-02-14 12:00:00,2023-08-17 17:46:19,2023-05-18 12:15:32,,,,Mando Rock,,1670343373,TWK232314804,
1864,7306,7605,True,True,First Star (feat. STARLIVHT),First Star (feat. STARLIVHT),"978885336, 1550225088","Synthion, STARLIVHT",Synthion,Synthion,First Star (feat. STARLIVHT) - Single,First Star (feat. STARLIVHT) - Single,Synthion,158,171,0,13,1,1,1,2,184154,2022-02-02 12:00:00,2023-08-17 17:46:21,2023-05-21 08:47:22,V.F,English,Dance,English Dance,House.FutureHouse,"1606812071, 1851061574",QM24S2200331,Music126/v4/f0/71/03/f07103f5-a8fc-94ab-555b-535abf0ab758/193436280686_a.jpg
1865,7308,7607,True,True,Atmosphere,Atmosphere,1439746986,Stessie,Stessie,Stessie,Atmosphere - Single,Atmosphere - Single,Stessie,58,61,0,3,1,1,1,1,207737,2020-02-21 12:00:00,2023-08-17 17:46:28,2023-05-22 04:24:16,A,-,Dance,Dubstep,"Bass.FutureBass, Bass.KawaiiBass",1499627254,QZFZ32070805,Music114/v4/28/1b/96/281b962a-2efd-0c9a-59f5-55b87cd5e678/artwork.jpg
1866,7310,7609,False,True,Runners High,Runners High,,,Novelbright,Novelbright,WONDERLAND,WONDERLAND,Novelbright,23,24,0,1,1,1,1,11,209840,2020-01-05 08:00:00,2023-08-17 17:46:35,2023-05-22 04:24:21,,,,J Rock,,1509873783,JPZ922004345,
1867,7312,7611,False,True,The Happy Song,The Happy Song,,,Survive Said The Prophet,Survive Said The Prophet,s p a c e [ s ],s p a c e [ s ],Survive Said The Prophet,22,23,0,1,1,1,8,10,164253,2018-09-26 12:00:00,2023-08-17 17:46:40,2023-05-22 04:24:25,,,,J Rock,,1538283063,JPU901802764,
1868,7314,7613,False,True,Undone,Undone,,,WRATHE,WRATHE,Undone - Single,Undone - Single,WRATHE,11,11,0,0,1,1,1,1,252973,2020-06-26 12:00:00,2024-02-20 23:28:59,2023-05-29 04:16:57,,,,English Dance,,1518363367,QZHN62098036,
1869,7316,7615,False,True,Rewind the Credits,Rewind the Credits,,,"dreamr., Ruff & Chanel Yates","dreamr., Ruff & Chanel Yates",Rewind the Credits - Single,Rewind the Credits - Single,"dreamr., Ruff & Chanel Yates",27,29,0,2,1,1,1,1,221024,2022-06-03 12:00:00,2023-08-17 17:46:58,2023-05-29 04:18:42,,,,English Dance,,1754528080,CA5KR2245727,
1870,7318,7617,False,True,Maybe,Maybe,,,"4URA, DVRKCLOUD & Young Viridii","4URA, DVRKCLOUD & Young Viridii",Maybe - Single,Maybe - Single,"4URA, DVRKCLOUD & Young Viridii",31,31,0,0,1,1,1,1,229565,2022-09-09 12:00:00,2023-08-17 17:47:08,2023-05-29 04:19:02,,,,English Dance,,1660834531,NL2VN2200054,
1871,7320,7619,False,True,Time Is On Our Side,Time Is On Our Side,,,milet,milet,Ordinary days - EP,Ordinary days - EP,milet,16,17,0,1,1,1,2,4,195800,2021-08-02 12:00:00,2023-08-17 17:47:13,2023-05-29 04:20:26,,,,J Pop,,1574860236,JPU902101638,
1872,7322,7621,False,True,Hoshifuru Yoruni (feat. 9maBear & Noa Tamaki),Hoshifuru Yoruni (feat. 9maBear & Noa Tamaki),,,ra'z,ra'z,Shibuya Lovers - EP,Shibuya Lovers - EP,ra'z,25,26,0,1,1,1,1,6,259744,2022-08-05 12:00:00,2023-08-17 17:48:42,2023-06-01 02:49:29,,,,J Pop,,1635481506,IL6652204078,
1873,7324,7623,True,True,Astroemeria,Astroemeria,"1617036912, 978885336","Yuuna Nini, Synthion",Yuuna Nini & Synthion,Yuuna Nini & Synthion,Astroemeria - Single,Astroemeria - Single,"Yuuna Nini, Synthion",92,106,0,14,1,1,1,1,245857,2023-06-01 12:00:00,2023-08-17 17:48:44,2023-06-04 05:36:45,V.F,English,Dance,English Dance,Bass.FutureBass,1689599829,QZK6J2339858,Music126/v4/6c/da/f9/6cdaf9bf-5621-ae96-1187-0e206f2b9df0/artwork.jpg
1874,7326,7625,False,True,The Regalia,The Regalia,,,Cody Martin,Cody Martin,Dancing Lanterns,Dancing Lanterns,Cody Martin,107,107,0,0,1,1,11,15,182820,2020-08-07 12:00:00,2023-08-17 17:48:49,2023-06-16 10:56:34,,,,Instrumental,,1624719621,QZHZ52068276,
1875,7328,7627,True,True,floating (feat. 紫崎雪),floating (feat. 紫崎雪),"1382179475, 1729530974","YUKIYANAGI, 紫崎雪",YUKIYANAGI,YUKIYANAGI,encore -Emotional Vocal POP 02-,encore -Emotional Vocal POP 02-,Various Artists,61,64,0,3,1,1,1,16,257120,2020-10-25 12:00:00,2023-08-17 17:48:51,2023-06-18 15:22:11,V.F,Japanese,Dance,J Dance,House.FutureHouse,1537230436,TCJPM2083295,Music114/v4/5e/73/64/5e736492-a6ab-afe8-9d41-2e2069f1e576/859756267119_cover.jpg
1876,7330,7629,True,True,Check this out (feat. Hatsune Miku),Check this out (feat. 初音未來),"999491860, 307078957","*Luna, 初音未來",*Luna,*Luna,Check this out (feat. Hatsune Miku) - Single,Check this out (feat. 初音未來) - Single,*Luna,74,80,0,6,1,1,1,1,254426,2022-08-06 12:00:00,2023-08-17 17:48:53,2023-06-18 15:28:02,V.F,Japanese,Dance,J Dance,House.ProgressiveHouse,1636665522,JP92Q2200432,Music122/v4/39/0d/78/390d7818-ff58-5e91-320a-4465fd21fc8f/4511820-95621.jpg
1877,7332,7631,True,True,Your Only,Your Only,1524843182,Parris Mitchell,PARRIS MITCHELL,PARRIS MITCHELL,"I Don't Love You, And Other Lies - EP","I Don't Love You, And Other Lies - EP",Parris Mitchell,69,69,0,0,1,1,1,4,184525,2022-09-22 12:00:00,2023-08-17 17:48:55,2023-06-18 15:31:09,V.M,English,Pop,English Indie,,1642782916,SEWLR2207301,Music122/v4/06/0b/46/060b466a-c801-74ed-1b4e-3064b88d5aba/7333041020380_Cover.jpg
1878,7334,7633,False,True,911 (feat. Airports),911 (feat. Airports),,,Nyman,Nyman,Therapy Season,Therapy Season,Nyman,28,28,0,0,1,1,5,12,170655,2022-05-06 12:00:00,2023-08-17 17:48:56,2023-06-18 15:42:22,,,,English Pop,,1625748042,QZFZ42248593,
1879,7336,7635,True,True,Afterlife,Afterlife,"1469325838, 1478092221","Lockbox, Rachel Leycroft",Lockbox & Rachel Leycroft,Lockbox & Rachel Leycroft,Afterlife - Single,Afterlife - Single,"Lockbox, Rachel Leycroft",88,94,0,6,1,1,1,1,194887,2022-11-25 12:00:00,2023-08-17 17:48:59,2023-06-18 15:47:20,V.F,English,Dance,English Dance,Bass.FutureBass,1708970946,USA2P2249072,Music126/v4/85/0c/dd/850cdda9-be12-36a1-c452-cf12a7be2771/196922259944.png
1880,7338,7637,True,True,Deepwaters,Deepwaters,477815534,Dreem,Dreem,Dreem,No Glory - EP,No Glory - EP,Dreem,283,283,0,0,1,1,2,5,169505,2022-07-15 12:00:00,2023-08-17 17:49:02,2023-06-26 15:07:44,A,-,Dance,Downtempo,Trap,1631290007,SE5Q52201478,Music112/v4/c2/a2/35/c2a23531-02e3-a56c-3cd8-4fe95d9374a7/7330178084957.png
1881,7340,7639,False,True,Art Of Letting Go,Art Of Letting Go,,,NURKO & James Gillespie,NURKO & James Gillespie,Discovery - EP,Discovery - EP,NURKO,11,11,0,0,1,1,5,5,202789,2023-06-02 12:00:00,2024-02-20 23:29:14,2023-06-29 03:01:09,,,,English Dance,,1688657004,USUG12303392,
1882,7342,7641,True,True,One Night,One Night,1469325838,Lockbox,Lockbox,Lockbox,One Night - Single,One Night - Single,Lockbox,94,103,0,9,1,1,1,1,194366,2023-05-11 12:00:00,2023-08-17 17:49:14,2023-06-29 03:07:29,V.M,English,Dance,English Dance,Dubstep.MelodicDubstep,1682860847,QZMHK2399113,Music116/v4/5f/24/6c/5f246c43-911d-84ef-2fbd-99b3c6368521/730530212511_cover.jpg
1883,7344,7643,True,True,Worst Day Ever (feat. Micah Martin),Worst Day Ever (feat. Micah Martin),"1485181337, 1545436556, 438867631","SadBois, PatFromLastYear, Micah Martin",SadBois & PatFromLastYear,SadBois & PatFromLastYear,Lonely Together - EP,Lonely Together - EP,SadBois,51,54,0,3,1,1,2,4,171429,2023-06-21 12:00:00,2023-08-17 17:49:24,2023-06-29 03:10:19,V.M,English,Dance,English Dance,Bass.FutureBass,1771608133,GBUM92300102,Music211/v4/42/ca/fc/42cafc2a-3b26-9053-8c80-3f4a2c401e9c/5060963262131.png
1884,7346,7645,False,True,Your Wonderland,Your Wonderland,,,77Ke 柯棨棋,77Ke,Your Wonderland - Single,Your Wonderland - Single,77Ke,8,8,0,0,1,1,1,1,197477,2023-06-16 12:00:00,2023-08-17 17:49:32,2023-07-05 13:08:49,,,,Mando Pop,,1691871540,TWD952317111,
1885,7348,7647,True,True,Anytime,Anytime,1619624402,JoeniNpcGamer,JoeniNpcGamer,JoeniNpcGamer,Anytime - Single,Anytime - Single,JoeniNpcGamer,66,69,0,3,1,1,1,1,247559,2023-02-14 12:00:00,2023-08-17 17:49:36,2023-07-06 09:08:44,A,-,Dance,House,House.TropicalHouse,1671371606,QZDA52387337,Music126/v4/eb/b6/c8/ebb6c8c7-6fd2-86bd-96d5-98c74d1a9d92/artwork.jpg
1886,7350,7649,False,True,11:11,11:11,,,太妍,TAEYEON,My Voice - The 1st Album (Deluxe Edition),My Voice - The 1st Album (Deluxe Edition),TAEYEON,8,8,0,0,1,1,12,16,223452,2016-11-01 12:00:00,2023-08-17 17:49:38,2023-07-06 09:11:18,,,,K Pop,,1222459077,KRA301700164,
1887,7352,7651,False,True,Take On Me (2015 Remastered Version),Take On Me (2015 Remastered Version),,,a-ha,a-ha,Hunting High & Low (Remastered),Hunting High & Low (Remastered),a-ha,52,52,0,0,1,1,1,10,228480,1985-06-01 07:00:00,2023-08-17 17:49:41,2023-07-08 10:53:58,,,,English Classic,,1037562348,USWB11506571,
1888,7354,7653,False,True,Why Not?,Why Not?,,,Victor Lundberg,Victor Lundberg,Why Not? - Single,Why Not? - Single,Victor Lundberg,10,11,0,1,1,1,1,1,217960,2023-01-13 12:00:00,2023-08-17 17:50:15,2023-08-03 09:32:44,,,,Disco,,1664390063,SE5Q52202016,
1889,7356,7655,True,True,Prologue,序章。,1572481482,『ユイカ』,Yuika,『ユイカ』,Prologue - Single,序章。 - Single,『ユイカ』,39,39,0,0,1,1,1,1,273933,2023-03-01 12:00:00,2023-08-17 17:50:18,2023-08-09 07:43:44,V.F,Japanese,Pop,J Pop,,1671915360,JPPO02300282,Music116/v4/f7/8d/7e/f78d7efe-36ca-462c-e19f-0385d790757e/23UMGIM09887.rgb.jpg
1890,7358,7657,False,True,Me Looking At U,Me Looking At U,,,Mike Perry,Mike Perry,Me Looking At U - Single,Me Looking At U - Single,Mike Perry,11,11,0,0,1,1,1,1,167689,2021-11-26 12:00:00,2023-08-17 17:50:28,2023-08-14 02:29:29,,,,English Dance,,1595579631,SE3AA2100016,
1891,7360,7659,False,True,All Is Well,All Is Well,,,同理,Zunya,心,心,Zunya,9,9,0,0,1,1,15,21,193349,2023-06-02 12:00:00,2024-02-20 23:31:15,2023-08-16 14:50:36,,,,Mando R&B/Soul,,1689567790,TWA472311015,
1892,7362,7661,False,True,白日夢 (feat. 倚水),白日夢 (feat. 倚水),,,Islet,Islet,ASTER - EP,ASTER - EP,Islet,23,23,0,0,1,1,3,5,250833,2022-04-17 12:00:00,2024-02-20 23:31:24,2023-08-16 16:10:26,,,,J Pop,,1619073464,TCJPR2262454,
1893,7364,7663,True,True,A Starry Farewell (feat. SAROS),A Starry Farewell (feat. SAROS),"1366383804, 1401002087","Aika, SAROS",Aika,Aika,A Starry Farewell (feat. SAROS) - Single,A Starry Farewell (feat. SAROS) - Single,Aika,76,76,0,0,1,1,1,1,247883,2023-07-21 12:00:00,2024-02-20 23:31:37,2023-08-21 12:49:59,V.M,English,Pop,English Dance,Rock.Influenced,1698846183,QZNWV2366571,Music116/v4/df/85/f2/df85f211-f0a4-3a2b-21f9-5023ade503ac/artwork.jpg
1894,7366,7665,False,True,Sunlight,Sunlight,,,Last Heroes & Fractures,Last Heroes & Fractures,"All I See, You See Me","All I See, You See Me",Last Heroes,28,28,0,0,1,1,2,12,204800,2023-08-04 12:00:00,2024-02-20 23:31:46,2023-08-22 06:45:58,,,,English Dance,,1697037762,CA5KR2367225,
1895,7368,7667,False,True,Sorry to Say,Sorry to Say,,,KEPIK,KEPIK,Fragments - EP,Fragments - EP,KEPIK,32,32,0,0,1,1,1,4,260914,2023-08-09 12:00:00,2024-02-20 23:32:11,2023-08-22 06:52:58,,,,English Dance,,1770906123,GBUM92300133,
1896,7370,7669,False,True,Symphonia,Symphonia,,,Tacitly,Tacitly,Symphonia - Single,Symphonia - Single,Tacitly,41,42,0,1,1,1,1,3,158190,2023-08-17 12:00:00,2024-02-20 23:32:47,2023-08-22 07:16:35,,,,Anime,,1700809799,JPZ922306620,
1897,7372,7671,True,True,Thorns,Thorns,1551065523,xxsagexx,xxsagexx,xxsagexx,Thorns - Single,Thorns - Single,xxsagexx,58,61,0,3,1,1,1,1,122483,2023-08-09 12:00:00,2024-02-20 23:33:18,2023-08-22 07:35:18,V.F,English,Dance,English Hip-Hop/Rap,"Trap, Rap.Influenced",1695379146,QZNWQ2358560,Music126/v4/ec/f1/e8/ecf1e897-6352-5613-04bd-d0bc70dc94bf/artwork.jpg
1898,7374,7673,False,True,楽園,楽園,,,nonoc,nonoc,TVアニメ「スパイ教室」2nd season オープニングテーマ「楽園」 - EP,TVアニメ「スパイ教室」2nd season オープニングテーマ「楽園」 - EP,nonoc,27,27,0,0,1,1,1,4,213840,2023-08-02 12:00:00,2024-02-20 23:33:26,2023-08-22 07:40:29,,,,Anime,,1696888997,JPD732301131,
1899,7376,7675,False,True,The Space Between,The Space Between,,,Miles Away,Miles Away,The Space Between Two Halves of a Heart,The Space Between Two Halves of a Heart,Miles Away,13,13,0,0,1,1,7,8,217803,2023-07-14 12:00:00,2024-02-20 23:33:33,2023-08-22 07:48:52,,,,Future Bass,,1693428338,QZTRX2363056,
1900,7378,7677,False,True,Refine Yourself,Refine Yourself,,,PAX JAPONICA GROOVE,PAX JAPONICA GROOVE,Middle of Nowhere,Middle of Nowhere,PAX JAPONICA GROOVE,15,16,0,1,1,1,9,14,269887,2023-06-28 12:00:00,2024-02-20 23:33:37,2023-08-22 07:57:11,,,,English Dance,,1689939463,JPZ922303086,
1901,7380,7679,False,True,Beautiful Sky,Beautiful Sky,,,moumoon,moumoon,FELT SENSE,FELT SENSE,moumoon,9,10,0,1,1,1,3,10,298347,2023-07-26 12:00:00,2024-02-20 23:33:42,2023-08-22 08:03:15,,,,J Pop,,1696248185,JPH372300105,
1902,7382,7681,False,True,Enchanted (Taylor's Version),Enchanted (Taylor's Version),,,Taylor Swift,Taylor Swift,Speak Now (Taylor's Version),Speak Now (Taylor's Version),Taylor Swift,22,22,0,0,1,1,9,22,353253,2023-07-07 12:00:00,2024-02-20 23:33:49,2023-08-22 08:03:20,,,,English Pop,,1690840535,USUG12302081,
1903,7384,7683,False,True,One More Night,One More Night,,,Tatsunoshin & Gregor Le Dahl,Tatsunoshin & Gregor Le Dahl,One More Night - Single,One More Night - Single,Tatsunoshin & Gregor Le Dahl,35,35,0,0,1,1,1,1,166941,2023-08-11 12:00:00,2024-02-20 23:33:57,2023-08-22 11:56:03,,,,English Dance,,1695678182,GBKQU2359834,
1904,7386,7685,False,True,"Quaoar (For ""Thanks Follower 50k"")","Quaoar (For ""Thanks Follower 50k"")",,,Camellia,かめりあ,heart of android,heart of android,Camellia,24,25,0,1,1,1,15,15,290000,2018-12-30 12:00:00,2024-02-20 23:34:00,2023-08-23 14:26:35,,,,Hardcore,,1448847172,TCJPI1943128,
1905,7388,7687,False,True,In the Cold,In the Cold,,,"Dabin, William Black & James Droll","Dabin, William Black & James Droll",In the Cold - Single,In the Cold - Single,"Dabin, William Black & James Droll",38,38,0,0,1,1,1,1,239487,2023-08-25 12:00:00,2024-02-20 23:34:03,2023-09-07 10:21:41,,,,English Dance,,1701503013,CA5KR2374313,
1906,7390,7689,True,True,Dreams (Coming True) [feat. She Is Jules],Dreams (Coming True) [feat. She Is Jules],"957104875, 1516882665","KEPIK, She Is Jules",KEPIK,KEPIK,Fragments - EP,Fragments - EP,KEPIK,93,122,0,29,1,1,4,4,248276,2023-08-09 12:00:00,2024-02-20 23:34:06,2023-09-08 00:31:22,V.F,English,Dance,English Dance,DrumNBass,1770906126,GBUM92300134,Music221/v4/31/6c/24/316c2462-f0cb-b12e-69da-a1b73bb4d67d/5060963262230.png
1907,7392,7691,False,True,Loml,Loml,,,yetep,yetep,Elysian - EP,Elysian - EP,yetep,15,16,0,1,1,1,1,5,165600,2023-07-28 12:00:00,2024-02-20 23:34:13,2023-09-08 00:31:22,,,,English Dance,,1701879014,QM24S2302286,
1908,7396,7695,False,True,Closer,Closer,,,ROY KNOX,ROY KNOX,Closer - Single,Closer - Single,ROY KNOX,29,34,0,5,1,1,1,1,216000,2023-08-10 12:00:00,2024-02-20 23:34:48,2023-09-08 00:31:24,,,,English Dance,,1697938186,GB2LD2310246,
1909,7394,7693,False,True,Nirvana,Nirvana,,,Crystal Skies & AMIDY,Crystal Skies & AMIDY,Nirvana - Single,Nirvana - Single,Crystal Skies & AMIDY,24,26,0,2,1,1,1,1,257032,2023-08-25 12:00:00,2024-02-20 23:34:40,2023-09-08 00:31:24,,,,English Dance,,1697831628,CA5KR2367463,
1910,7398,7697,True,True,Summer's End (feat. Meredith Bull),Summer's End (feat. Meredith Bull),"1562475140, 1332976136, 1116941645","Tatsunoshin, Jade Key, Meredith Bull",Tatsunoshin & Jade Key,Tatsunoshin & Jade Key,Summer's End (feat. Meredith Bull) - Single,Summer's End (feat. Meredith Bull) - Single,"Tatsunoshin, Jade Key",13,34,0,21,1,1,1,1,158431,2023-08-30 12:00:00,2024-02-20 23:34:54,2023-09-08 00:31:25,V.F,English,Dance,Hardcore,Hard.Hardcore,"1700903435, 1869745607",GB2LD2320153,Music126/v4/e8/7c/70/e87c709d-7a0f-a656-9995-c5061cd27cde/5055199564296.png
1911,7400,7699,True,True,Resonate,Resonate,"927736571, 1182551426, 1623571183, 1612230665","Aethral, Hyleo, oxygenetiX, KataribeSan","Aethral, Hyleo, oxygenetiX & KataribeSan","Aethral, Hyleo, oxygenetiX & KataribeSan",Exobolt 010,Exobolt 010,Various Artists,97,183,0,86,1,1,16,18,263314,2023-08-25 12:00:00,2024-02-20 23:34:57,2023-09-08 00:39:36,V.F,English,Dance,English Dance,Hard.Hardcore,1701049406,QZMHM2326268,Music126/v4/6d/dd/84/6ddd84b6-5b0b-460a-5e19-2391b37da9d9/734167253824_cover.jpg
1912,7402,7701,True,True,Waking Shadows (feat. Eili),Waking Shadows (feat. Eili),"1483535568, 1110202240, 1536945071","Sad Keyboard Guy, Gardens, Eili",Sad Keyboard Guy & Gardens,Sad Keyboard Guy & Gardens,Waking Shadows - Single (feat. Eili) - Single,Waking Shadows - Single (feat. Eili) - Single,"Sad Keyboard Guy, Gardens",111,140,0,29,1,1,1,1,351126,2023-08-21 12:00:00,2024-02-20 23:35:00,2023-09-08 00:42:58,V.F,English,Dance,English Dance,Hard.Hardcore,1703251841,TCAHJ2314087,Music116/v4/43/3a/0b/433a0b73-2480-10f4-3dfe-0807407da970/859777189247_cover.jpg
1913,7404,7703,False,True,Unknown Amnasia,Unknown Amnasia,,,MYUKKE.,MYUKKE.,Unknown Amnasia - Single,Unknown Amnasia - Single,MYUKKE.,8,8,0,0,1,1,1,1,154667,2023-08-25 12:00:00,2024-02-20 23:35:11,2023-09-08 00:45:41,,,,English Dance,,1703548590,QZRP52347904,
1914,7406,7705,False,True,Goodbye,Goodbye,,,Miles Away,Miles Away,The Space Between Two Halves of a Heart,The Space Between Two Halves of a Heart,Miles Away,7,7,0,0,1,1,5,8,327273,2023-07-14 12:00:00,2024-02-20 23:35:17,2023-09-09 01:14:59,,,,English Dance,,1693428336,QZTRX2363017,
1915,7408,7707,False,True,Echoed,Echoed,,,PAX JAPONICA GROOVE,PAX JAPONICA GROOVE,Middle of Nowhere,Middle of Nowhere,PAX JAPONICA GROOVE,41,42,0,1,1,1,1,14,249631,2023-06-28 12:00:00,2024-02-20 23:35:23,2023-09-09 02:21:13,,,,House,,1689939450,JPZ922303080,
1916,7410,7709,False,True,Made For (feat. RUNN),Made For (feat. RUNN),,,Hoang & nøll,Hoang & nøll,Made For (feat. RUNN) - Single,Made For (feat. RUNN) - Single,Hoang & nøll,36,36,0,0,1,1,1,1,200870,2023-09-01 12:00:00,2024-02-20 23:35:26,2023-09-14 14:03:06,,,,English Dance,,1700652532,CA5KR2372470,
1917,7412,7711,True,True,Red Thread,Red Thread,"1566078280, 1476844936, 1480958325","shXdow., 4URA, Sydney Grimm","shXdow., 4URA & Sydney Grimm","shXdow., 4URA & Sydney Grimm",Find My Way - EP,Find My Way - EP,shXdow.,140,174,0,34,1,1,3,4,195429,2023-08-14 12:00:00,2024-02-20 23:35:29,2023-09-14 14:10:08,V.F,English,Dance,English Dance,Dubstep.MelodicDubstep,1771609459,GBUM92300132,Music221/v4/29/c1/7d/29c17d1c-2151-5e3a-d885-ed9672c62f22/5060963262445.png
1918,7414,7713,False,True,Cloud Love,Cloud Love,,,Miruku,Miruku,Cloud Love - Single,Cloud Love - Single,Miruku,26,26,0,0,1,1,1,1,276006,2023-08-12 12:00:00,2024-02-20 23:35:34,2023-09-14 14:11:55,,,,House,,1677718320,QZES92369350,
1919,7416,7715,False,True,A Little Louder,A Little Louder,,,Man Cub & Conor Byrne,Man Cub,Before It Gets Better,Before It Gets Better,Man Cub,10,12,0,2,1,1,8,8,208945,2023-08-04 12:00:00,2024-02-20 23:35:38,2023-09-14 14:16:18,,,,English Dance,,1697874699,NLRD52257933,
1920,7418,7717,False,True,The Call (feat. Linney),The Call (feat. Linney),,,SABAI & if found,SABAI & if found,North Star,North Star,SABAI,7,7,0,0,1,1,4,14,201931,2023-08-25 12:00:00,2024-02-20 23:35:57,2023-09-14 14:19:59,,,,English Dance,,1754657970,UKZGC2305510,
1921,7420,7719,False,True,Miss Me More,Miss Me More,,,H4RRIS & Lexi Scatena,H4RRIS & Lexi Scatena,Miss Me More - Single,Miss Me More - Single,H4RRIS & Lexi Scatena,17,18,0,1,1,1,1,1,172000,2023-09-01 12:00:00,2024-02-20 23:36:16,2023-09-14 14:24:25,,,,English Dance,,1700477989,USA2P2338837,
1922,7422,7721,False,True,I Don't Need to Dream,I Don't Need to Dream,,,"Kosling, Samlight & Rory Hope","Kosling, Samlight & Rory Hope",I Don't Need to Dream - Single,I Don't Need to Dream - Single,"Kosling, Samlight & Rory Hope",8,8,0,0,1,1,1,2,199385,2023-09-01 12:00:00,2024-02-20 23:38:05,2023-09-14 14:27:46,,,,English Dance,,1702830815,NLUW22302155,
1923,7424,7723,False,True,Attract Light,Attract Light,,,*Luna & 鏡音レン,*Luna & KAGAMINE LEN,Nobody,Nobody,*Luna & KAGAMINE LEN,21,12,9,9,1,1,8,10,271203,2023-07-12 12:00:00,2024-02-20 23:38:16,2023-09-14 14:40:01,,,,J Rock,,1694251962,JP92Q2301481,
1924,7426,7725,False,True,Light,Light,,,Johny Grimes,Johny Grimes,Light - Single,Light - Single,Johny Grimes,9,10,0,1,1,1,1,2,135400,2023-08-19 12:00:00,2024-02-20 23:38:42,2023-09-14 14:47:04,,,,English Dance,,1713495965,DEZL42304863,
1925,7428,7727,False,True,love in echoes,love in echoes,,,GhostDragon,GhostDragon,pretenders,pretenders,GhostDragon,22,22,0,0,1,1,1,7,120938,2023-07-21 12:00:00,2024-02-20 23:38:49,2023-09-14 14:51:15,,,,English Dance,,1697031052,USA2P2335873,
1926,7430,7729,False,True,Noёl In July,Noёl In July,,,milet,milet,5am,5am,milet,7,7,0,0,1,1,4,15,286840,2023-08-30 12:00:00,2024-02-20 23:38:52,2023-09-14 15:04:00,,,,J Pop,,1698949335,JPU902302996,
1927,7432,7731,False,True,Kyoto,Kyoto,,,PIKASONIC,PIKASONIC,Kyoto - Single,Kyoto - Single,PIKASONIC,37,38,0,1,1,1,1,1,206526,2023-09-15 12:00:00,2024-02-20 23:39:32,2023-09-19 02:38:59,,,,Future Bass,,1704556311,QZTAT2303323,
1928,7434,7733,False,True,Forward,Forward,,,PIKASONIC,PIKASONIC,Forward - Single,Forward - Single,PIKASONIC,37,38,0,1,1,1,1,1,167692,2023-08-11 12:00:00,2024-02-20 23:39:37,2023-09-19 03:04:57,,,,Future Bass,,1700626531,QZNWY2366584,
1929,7436,7735,False,True,Thread,Thread,,,xxsagexx,xxsagexx,Thread - Single,Thread - Single,xxsagexx,11,11,0,0,1,1,1,1,133333,2023-09-13 12:00:00,2024-02-20 23:39:43,2023-09-21 05:59:34,,,,English Hip-Hop/Rap,,1704483001,QZTAS2383268,
1930,7438,7737,True,True,Shoot for the Stars (feat. Micah Martin),Shoot for the Stars (feat. Micah Martin),"957104875, 438867631","KEPIK, Micah Martin",KEPIK,KEPIK,Fragments - EP,Fragments - EP,KEPIK,49,23,26,26,1,1,3,4,202759,2023-07-03 12:00:00,2024-02-20 23:43:22,2023-09-21 13:16:42,V.M,English,Dance,English Dance,"Dubstep.MelodicDubstep, Rock.Influenced",1770906125,GBUM92300109,Music221/v4/31/6c/24/316c2462-f0cb-b12e-69da-a1b73bb4d67d/5060963262230.png
1931,7440,7739,False,True,Hold On,Hold On,,,BoySam,BoySam,Hold On - Single,Hold On - Single,BoySam,34,26,8,8,1,1,1,1,216947,2023-08-25 12:00:00,2024-02-20 23:43:46,2023-09-21 13:18:06,,,,English Rock,,1701716956,GX3HH2331485,
1932,7442,7741,True,True,Missing the Days,Missing the Days,251824775,PAX JAPONICA GROOVE,PAX JAPONICA GROOVE,PAX JAPONICA GROOVE,Middle of Nowhere,Middle of Nowhere,PAX JAPONICA GROOVE,66,67,0,1,1,1,10,14,256375,2023-06-28 12:00:00,2024-02-20 23:43:50,2023-09-21 13:20:28,A,-,Instrumental,Instrumental,Dance.Influenced,1689939464,JPZ922303090,Music126/v4/0b/c9/04/0bc904cc-1247-2304-d01d-08b9bbe44a61/4948722569503_cover.png
1933,7444,7743,True,True,Remnants,面影,1022677279,Novelbright,Novelbright,Novelbright,Remnants - Single,CIRCUS,Novelbright,13,17,0,4,1,1,14,15,221467,2023-09-13 12:00:00,2024-02-20 23:40:12,2023-09-21 13:23:49,V.M,Japanese,Pop,J Rock,Rock.Influenced,"1704252466, 1733821863",JPPO02302832,Music122/v4/17/34/55/17345510-84fe-43d2-ba3a-683cc0166423/24UMGIM20787.rgb.jpg
1934,7446,7745,True,True,S.A.T.E.L.L.I.T.E.,S.A.T.E.L.L.I.T.E.,566485174,かめりあ,Camellia,かめりあ,heart of android,heart of android,かめりあ,82,59,23,23,1,1,7,15,297000,2018-12-30 12:00:00,2024-02-20 23:43:53,2023-09-22 00:21:56,V.M,Japanese,Dance,J Dance,"Hard.HardStyle, Soundtrack.VideoGame.Phigros",1448847049,TCJPI1942902,Music114/v4/f5/52/c9/f552c96d-1574-b2a1-9bf9-038d7a9cb926/859754662664_cover.jpg
1935,7448,7747,False,True,ゴースト,ゴースト,,,Kaerinokai,Kaerinokai,太陽の眩しさだけ - EP,太陽の眩しさだけ - EP,Kaerinokai,9,9,0,0,1,1,1,4,282514,2022-12-07 12:00:00,2024-02-20 23:44:20,2023-09-24 05:21:40,,,,J Rock,,1655634805,JP92N2277366,
1936,7450,7749,False,True,Deep Blue (feat. Monika Santucci),Deep Blue (feat. Monika Santucci),,,William Black,William Black,Pages,Pages,William Black,14,14,0,0,1,1,9,10,201600,2019-08-22 12:00:00,2024-02-20 23:44:24,2023-09-25 00:47:29,,,,English Dance,,1652371778,GBKPL1959995,
1937,7452,7751,True,True,Straightforward (feat. Hatsune Miku),Straightforward (feat. 初音未來),"1437839651, 307078957","Mwk, 初音未來",Mwk,Mwk,Regret (feat. 初音ミク),Regret (feat. 初音未來),Mwk,79,82,0,3,1,1,6,7,252706,2021-09-03 12:00:00,2024-08-30 00:54:00,2023-10-02 15:18:17,V.F,Japanese,Dance,J Dance,Hard.Hardcore,1583503416,JPE562107619,Music115/v4/2c/66/46/2c6646ec-c365-a19b-b3e3-02b4122fe7af/4511820-95342.jpg
1938,7454,7753,False,True,Twenty Five,Twenty Five,,,if found & Luma,if found & Luma,False / Youth - Single,False / Youth - Single,if found,11,11,0,0,1,1,2,3,198621,2022-11-08 12:00:00,2024-02-20 23:46:42,2023-10-02 16:21:36,,,,English Dance,,1652735208,GB2LD2210361,
1939,7456,7755,True,True,Traveller (feat. moimoi),Traveller (feat. Moimoi),"213424137, 566485174, 949368057","DJ Genki, かめりあ, Moimoi",DJ Genki & Camellia,DJ Genki & かめりあ,ULTIMATE HAPPY CARNIVAL,ULTIMATE HAPPY CARNIVAL,DJ Genki,50,50,0,0,1,1,11,18,353973,2021-01-04 12:00:00,2024-02-20 23:46:47,2023-10-04 17:27:23,V.F,Japanese,Dance,J Dance,Hard.HappyCore,1545826298,TCJPN2042040,Music114/v4/99/ac/7c/99ac7c3d-1574-9bdc-95ae-549e6cd895b6/859756457114_cover.png
1940,7458,7757,False,True,Swift,Swift,,,Synthion,Synthion,Fairy Tale - EP,Fairy Tale - EP,Synthion,6,8,0,2,1,1,4,6,168981,2020-07-10 12:00:00,2024-02-20 23:46:54,2023-10-04 17:41:37,,,,English Dance,,1517710171,QM24S2006250,
1941,7460,7759,True,True,Start Again,Start Again,"1487004063, 5785202","VNDETTA, Linney",VNDETTA & Linney,VNDETTA & Linney,Start Again - Single,Start Again - Single,"VNDETTA, Linney",100,124,0,24,1,1,1,1,210000,2023-01-27 12:00:00,2024-02-20 23:47:41,2023-10-04 18:06:24,V.F,English,Dance,English Dance,Bass.FutureBass,1664418033,USA2P2301501,Music113/v4/36/f0/35/36f03554-1476-785b-ea0c-855eb424eb9e/196922329166_Cover.jpg
1942,7462,7761,True,True,Only You,Only You,1446484491,Chill Satellite,Chill Satellite,Chill Satellite,Only You - Single,Only You - Single,Chill Satellite,132,137,0,5,1,1,1,1,184200,2020-04-17 12:00:00,2024-02-20 23:50:03,2023-10-04 18:43:19,V.M,English,Dance,English Dance,Trap,1502237139,NLRD51967435,Music123/v4/32/d7/cb/32d7cbb8-ed13-e953-6920-ed12a00ba251/8718857990581.png
1943,7464,7763,False,True,Need You Now,Need You Now,,,William Black & Forester,William Black & Forester,Pieces,Pieces,William Black,24,24,0,0,1,1,5,13,203721,2021-11-05 12:00:00,2024-02-20 23:50:09,2023-10-04 18:46:46,,,,English Dance,,1638003862,GBKPL2166113,
1944,7466,7765,True,True,Butterfly,Butterfly,"1513459267, 1551780537","SPIRIT LINK, Sofuu",SPIRIT LINK & Sofuu,SPIRIT LINK & Sofuu,Butterfly - Single,Butterfly - Single,"SPIRIT LINK, Sofuu",76,86,0,10,1,1,1,1,209177,2022-02-11 12:00:00,2024-02-20 23:50:50,2023-10-04 19:09:07,V.F,English,Dance,English Dance,Dubstep.MelodicDubstep,1603631966,GX38U2210390,Music116/v4/05/67/4c/05674c24-708c-6729-ff1b-6d0892edcebf/5063010168035_cover.jpg
1945,7468,7767,False,True,about you,about you,,,NOTD & Nightly,NOTD & Nightly,NOTED...EP - EP,NOTED...EP - EP,NOTD,20,20,0,0,1,1,5,6,167069,2022-03-11 12:00:00,2024-02-20 23:51:15,2023-10-06 00:39:02,,,,English Pop,,1641925294,SEUM72200260,
1946,7470,7769,False,True,Next Journey,Next Journey,,,Srav3R,Srav3R,Next Journey - Single,Next Journey - Single,Srav3R,10,11,0,1,1,1,1,1,193371,2022-03-15 12:00:00,2024-02-20 23:52:48,2023-10-06 00:44:33,,,,Hardcore,,1613488529,TCJPR2234411,
1947,7472,7771,False,True,Stop Blaming Love (feat. Micah Martin),Stop Blaming Love (feat. Micah Martin),,,Jason Ross,Jason Ross,Convergence - EP,Convergence - EP,Jason Ross,20,20,0,0,1,1,2,4,216000,2021-05-21 12:00:00,2024-02-21 08:23:18,2023-10-06 01:02:28,,,,English Dance,,1806750991,GBEWA2102760,
1948,7476,7773,False,True,白色蜉蝣,白色蜉蝣,,,Aimer,Aimer,白色蜉蝣 - Single,白色蜉蝣 - Single,Aimer,24,24,0,0,1,1,1,1,191804,2023-10-04 12:00:00,2024-02-21 08:25:30,2023-11-01 05:30:38,,,,J Pop,,1708217915,JPU902303957,
1949,7478,7775,True,True,see you again,再去見尓,1444816933,culenasm,culenasm,culenasm,Whisper of the heart,Whisper of the heart,culenasm,56,58,0,2,1,1,7,8,192255,2023-10-18 12:00:00,2024-02-21 08:25:41,2023-11-01 06:14:15,V.F,Japanese,Rock,J Rock,Pop.Influenced,1707984165,JPP302300531,Music116/v4/3c/d6/ad/3cd6add5-11c7-1258-70ff-1e8344837338/197189845963.jpg
1950,7480,7777,True,True,Cloudspin (feat. BB Yukus),Cloudspin (feat. BB Yukus),"1490208494, 1492611156","Electric Dad, BB Yukus",Electric Dad,Electric Dad,Cloudspin (feat. BB Yukus) - Single,Cloudspin (feat. BB Yukus) - Single,Electric Dad,161,163,0,2,1,1,1,1,185294,2020-05-15 12:00:00,2024-02-21 08:26:14,2023-11-02 01:38:01,A,-,Dance,Jungle/Drum'n'bass,"Bass.FutureBass, Bass.KawaiiBass, DrumNBass",1513212104,QZES92037209,Music123/v4/ca/cf/82/cacf8237-8082-2fda-79fa-5fb139161ccf/artwork.jpg
1951,7482,7779,False,True,Hidden Wisdom,Hidden Wisdom,,,Samuel Lux,Samuel Lux,Hidden Wisdom - Single,Hidden Wisdom - Single,Samuel Lux,21,14,7,7,1,1,1,1,243801,2018-01-01 12:00:00,2024-02-21 08:26:27,2023-11-02 01:55:48,,,,Downtempo,,1545894896,QZNWZ2055755,
1952,7484,7781,False,True,Dreamland,Dreamland,,,Iam.Zion & Kyrrin,Iam.Zion & Kyrrin,Gifts of Xmas,Gifts of Xmas,Various Artists,7,10,0,3,1,1,1,11,184750,2021-12-27 12:00:00,2024-02-21 08:26:45,2023-11-03 07:44:42,,,,English Dance,,1601668509,AUBEC2165896,
1953,7486,7783,False,True,Gravity,Gravity,,,Synthion,Synthion,Jersey club Re:Bible 001,Jersey club Re:Bible 001,Various Artists,11,8,3,3,1,1,11,14,229451,2020-03-01 12:00:00,2024-02-21 08:27:02,2023-11-04 01:52:55,,,,Future Bass,,1507868936,TCJPK2098832,
1954,7488,7785,False,True,海と月,海と月,,,KuMO,KuMO,Kawaii Box,Kawaii Box,KuMO,50,43,7,7,1,1,1,8,139500,2022-04-30 12:00:00,2024-08-30 00:55:23,2023-11-04 01:58:16,,,,Soundtrack,,1657043101,QZTB42240183,
1955,7490,7787,True,True,Wasted Summer,Wasted Summer,1490208494,Electric Dad,Electric Dad,Electric Dad,Wasted Summer - Single,Wasted Summer - Single,Electric Dad,95,93,2,2,1,1,1,1,188903,2020-03-22 12:00:00,2024-02-21 08:27:33,2023-11-04 03:13:54,A,-,Dance,Jungle/Drum'n'bass,Bass.FutureBass,1504010105,QZFP52026340,Music123/v4/6c/dd/2e/6cdd2eca-a8d6-307e-9602-ba66c99840d0/artwork.jpg
1956,7492,7789,False,True,Afterlife,Afterlife,,,Sowyn,Sowyn,Afterlife - Single,Afterlife - Single,Sowyn,34,20,14,14,1,1,1,1,216686,2023-10-24 12:00:00,2024-02-21 08:27:50,2023-11-04 03:19:30,,,,Future Bass,,1713452817,QZTBA2374180,
1957,7494,7791,True,True,Thousand Stars,Thousand Stars,1407376509,Couple N,Couple N,Couple N,Starry Night - Single,Starry Night - Single,Couple N,57,53,4,4,1,1,2,2,240000,2018-12-23 12:00:00,2024-02-21 08:29:01,2023-11-04 03:36:13,A,-,Dance,Future Bass,"Bass.FutureBass, Bass.KawaiiBass",1447541275,QZES91889730,Music115/v4/a5/66/00/a56600a1-c586-52b1-4cae-2fdb0c46beed/artwork.jpg
1958,7496,7793,False,True,Daydream (feat. Mihony),Daydream (feat. Mihony),,,Bedhair,Bedhair,Daydream (feat. Mihony) - Single,Daydream (feat. Mihony) - Single,Bedhair,40,41,0,1,1,1,1,1,198665,2020-08-09 12:00:00,2024-02-21 08:29:43,2023-11-04 03:46:27,,,,Jungle/Drum'n'bass,,1527142710,QZK6N2033343,
1959,7498,7795,True,True,Fly Again,Fly Again,1472570785,Fujiyori,Fujiyori,Fujiyori,Fly Again - Single,Fly Again - Single,Fujiyori,89,84,5,5,1,1,1,1,152286,2021-11-26 12:00:00,2024-02-21 08:30:16,2023-11-04 04:07:09,A,-,Dance,Dubstep,"Bass.FutureBass, Soundtrack.VideoGame.Lanota, Soundtrack.VideoGame.Rotaeno",1767132111,GX5MX2165326,Music221/v4/c0/19/18/c019183a-f8a3-e9d3-88eb-f0c06a2df619/5063549793678_cover.jpg
1960,7500,7797,False,True,Unconditionally,Unconditionally,,,Broken Elegance,Broken Elegance,Unconditionally - Single,Unconditionally - Single,Broken Elegance,27,11,16,16,1,1,1,1,244385,2018-04-10 12:00:00,2024-02-21 08:30:51,2023-11-07 13:14:53,,,,Downtempo,,1370545584,QM4DW1884658,
1961,7502,7799,True,True,Colors (feat. Shion Lee),Colors (feat. Shion Lee),"1462844482, 1479310100","Kirara Magic, Shion Lee",Kirara Magic,Kirara Magic,Colors (feat. Shion Lee) - Single,Colors (feat. Shion Lee) - Single,Kirara Magic,59,49,10,10,1,1,1,1,230141,2020-02-09 12:00:00,2024-02-21 08:31:31,2023-11-07 15:15:45,V.F,Japanese,Dance,J Dance,"Bass.FutureBass, Bass.KawaiiBass",1497589938,QZFYZ2093110,Music123/v4/5c/d8/ae/5cd8aea0-93f6-c34d-4961-d2b240c3f5ca/artwork.jpg
1962,7504,7801,False,True,Joyride,Joyride,,,"Kitsune, Ryoo & Closki","Kitsune, Ryoo & Closki",Joyride - Single,Joyride - Single,"Kitsune, Ryoo & Closki",16,16,0,0,1,1,1,1,216138,2020-09-03 12:00:00,2024-02-21 08:32:23,2023-11-07 15:42:46,,,,Future Bass,,1535684782,GBSMU8845933,
1963,7506,7803,True,True,Starlight Wonder,Starlight Wonder,1505662952,Seina,Seina,Seina,Starlight Wonder - Single,Starlight Wonder - Single,Seina,82,86,0,4,1,1,1,1,212118,2020-07-24 12:00:00,2024-02-21 08:32:54,2023-11-07 15:46:54,V.F,Japanese,Dance,J Dance,"Bass.FutureBass, Bass.KawaiiBass, Hard.FutureCore",1523956030,QZHNB2087398,Music124/v4/88/68/fd/8868fde6-b8bf-9e12-b4d1-d40f4720ddee/artwork.jpg
1964,7508,7805,False,True,Heroes,Heroes,,,Zayde Wølf,Zayde Wølf,Rare Breed,Rare Breed,Zayde Wølf,5,5,0,0,1,1,6,7,222414,2016-04-01 12:00:00,2024-02-21 08:33:57,2023-11-19 09:06:34,,,,English Pop,,1676646553,TCACM1664520,
1965,7510,7807,True,True,Long shot,Long shot,1458736251,前島麻由,Mayu Maeshima,前島麻由,TVアニメ「Re:ゼロから始める異世界生活」2nd season 後期オープニングテーマ「Long shot」 - EP,TVアニメ「Re:ゼロから始める異世界生活」2nd season 後期オープニングテーマ「Long shot」 - EP,MAYU MAESHIMA,105,107,0,2,1,1,1,4,255132,2021-02-24 12:00:00,2024-02-21 08:34:08,2023-11-24 12:32:59,V.F,English,Pop,Anime,"Dance.Influenced, Soundtrack.Anime",1550230067,JPD732000473,Music124/v4/35/04/cd/3504cdef-a8ba-2090-b55a-83be74f1984d/JK_ZMCZ-14611.jpg
1966,7512,7809,True,True,New Day,New Day,1707228240,Montana Birds,Montana Birds,Montana Birds,Cities: Skylines II - The Vibe (Original Game Soundtrack),Cities: Skylines II - The Vibe (Original Game Soundtrack),Various Artists,47,53,0,6,1,1,3,15,255118,2023-10-06 12:00:00,2023-12-04 19:19:00,2023-12-04 19:19:00,A,-,Instrumental,Soundtrack,Soundtrack.VideoGame.CitiesSkylines,1707366828,SE6CZ2301603,Music116/v4/13/7a/f6/137af6d8-5e85-a929-ce7a-4b068d8a1a08/8720996776810.png
1967,7514,7811,True,True,A New Tomorrow,A New Tomorrow,1707228352,Julian Lee,Julian Lee,Julian Lee,Cities: Skylines II - The Vibe (Original Game Soundtrack),Cities: Skylines II - The Vibe (Original Game Soundtrack),Various Artists,48,56,0,8,1,1,1,15,237000,2023-10-06 12:00:00,2023-12-04 19:19:19,2023-12-04 19:19:19,A,-,Rock,Soundtrack,"Soft, Soundtrack.VideoGame.CitiesSkylines",1707366645,SE6CZ2301601,Music116/v4/13/7a/f6/137af6d8-5e85-a929-ce7a-4b068d8a1a08/8720996776810.png
1968,7516,7813,True,True,Growing Up,Growing Up,1707228352,Julian Lee,Julian Lee,Julian Lee,Cities: Skylines II - The Vibe (Original Game Soundtrack),Cities: Skylines II - The Vibe (Original Game Soundtrack),Various Artists,51,57,0,6,1,1,8,15,224559,2023-10-06 12:00:00,2023-12-04 19:20:42,2023-12-04 19:20:42,A,-,Instrumental,Soundtrack,Soundtrack.VideoGame.CitiesSkylines,1707366834,SE6CZ2301608,Music116/v4/13/7a/f6/137af6d8-5e85-a929-ce7a-4b068d8a1a08/8720996776810.png
1969,7518,7815,True,True,Main Street,Main Street,1707228441,The New Control,The New Control,The New Control,Cities: Skylines II - The Vibe (Original Game Soundtrack),Cities: Skylines II - The Vibe (Original Game Soundtrack),Various Artists,52,59,0,7,1,1,9,15,245000,2023-10-06 12:00:00,2023-12-04 19:20:56,2023-12-04 19:20:56,A,-,Rock,Soundtrack,"Soft, Soundtrack.VideoGame.CitiesSkylines",1707366835,SE6CZ2301609,Music116/v4/13/7a/f6/137af6d8-5e85-a929-ce7a-4b068d8a1a08/8720996776810.png
1970,7520,7817,True,True,Afternoon Rain,Afternoon Rain,1707228352,Julian Lee,Julian Lee,Julian Lee,Cities: Skylines II - The Vibe (Original Game Soundtrack),Cities: Skylines II - The Vibe (Original Game Soundtrack),Various Artists,52,57,0,5,1,1,11,15,247407,2023-10-06 12:00:00,2023-12-04 19:21:20,2023-12-04 19:21:20,A,-,Instrumental,Soundtrack,"Rock.Influenced, Soundtrack.VideoGame.CitiesSkylines",1707366837,SE6CZ2301611,Music116/v4/13/7a/f6/137af6d8-5e85-a929-ce7a-4b068d8a1a08/8720996776810.png
1971,7522,7819,True,True,Back Home,Back Home,1707228441,The New Control,The New Control,The New Control,Cities: Skylines II - The Vibe (Original Game Soundtrack),Cities: Skylines II - The Vibe (Original Game Soundtrack),Various Artists,49,54,0,5,1,1,13,15,241846,2023-10-06 12:00:00,2023-12-04 19:21:29,2023-12-04 19:21:29,A,-,Rock,Soundtrack,"Soft, Soundtrack.VideoGame.CitiesSkylines",1707366839,SE6CZ2301613,Music116/v4/13/7a/f6/137af6d8-5e85-a929-ce7a-4b068d8a1a08/8720996776810.png
1972,7524,7821,False,True,誓い言～スコシだけもう一度～,誓い言～スコシだけもう一度～,,,IKU,IKU,ユアウエア,ユアウエア,IKU,17,19,0,2,1,1,12,13,266880,2009-02-25 12:00:00,2024-02-21 08:35:34,2023-12-18 15:57:55,,,,Anime,,1804642973,JPPI00951350,
1973,7526,7823,True,True,テリトリーバトル,テリトリーバトル,1502338787,TUYU,TUYU,TUYU,貴方を不幸に誘いますね,貴方を不幸に誘いますね,TUYU,65,67,0,2,1,1,9,12,150592,2021-07-14 12:00:00,2024-02-21 08:35:47,2023-12-19 04:09:58,V.F,Japanese,Rock,J Dance,"Dance.Influenced, Soundtrack.VideoGame.Phigros",1576364815,TCJPP2121516,Music115/v4/fa/25/23/fa252383-e001-62c5-7eaa-371177d251ba/4522197138008_cover.jpg
1974,7528,7825,False,True,M3,M3,,,Les Apollo,Les Apollo,M3 - Single,M3 - Single,Les Apollo,33,33,0,0,1,1,1,1,199290,2023-10-25 12:00:00,2024-02-21 08:36:16,2023-12-29 09:28:09,,,,Dance,,1807298895,QZTBF2336377,
1975,7530,7827,False,True,Junkan,循環,,,HoneyComeBear,HoneyComeBear,Junkan - Single,循環 - Single,HoneyComeBear,40,42,0,2,1,1,1,1,203280,2023-11-11 12:00:00,2024-02-21 08:36:41,2023-12-31 12:06:27,,,,J Rock,,1714001888,TCJPX2390878,
1976,7532,7829,False,True,もしも,もしも,,,"ナナツカゼ, PIKASONIC & Dankidz",ナナツカゼ & Dankidz,もしも - Single,もしも - Single,"Nanatsukaze, PIKASONIC & Dankidz",36,37,0,1,1,1,1,1,202500,2023-12-31 12:00:00,2024-02-21 08:36:59,2024-01-02 05:53:15,,,,J Dance,,1718004168,QZWFG2329302,
1977,7534,7831,False,True,You Don't Ignore (Midnight),You Don't Ignore (Midnight),,,Petit Biscuit,Petit Biscuit,You Don't Ignore: Later - Single,You Don't Ignore: Later - Single,Petit Biscuit,13,14,0,1,1,1,1,3,189240,2023-11-10 12:00:00,2024-02-21 08:37:05,2024-01-08 03:00:31,,,,English Pop,,1712140738,FR8PF2300470,
1978,7536,7833,False,True,Kanna,カンナ,,,indigo la End,indigo la End,Aishuengeki,哀愁演劇,indigo la End,10,10,0,0,1,1,1,15,282670,2023-10-25 12:00:00,2024-02-21 08:37:40,2024-01-08 03:50:53,,,,J Rock,,1700848374,JPWP02300913,
1979,7538,7835,False,True,械物,械物,,,Tani Yuuki,Tani Yuuki,械物 - Single,械物 - Single,Tani Yuuki,17,18,0,1,1,1,1,1,223967,2023-06-28 12:00:00,2024-02-21 08:39:12,2024-01-08 04:24:36,,,,J Rock,,1690385042,JPY742300016,
1980,7540,7837,False,True,Aisubekihibiyo,Aisubekihibiyo,,,yangskinny,yangskinny,Donnakotonidemoshiawasewokanjirukotogadekitanara - EP,Donnakotonidemoshiawasewokanjirukotogadekitanara - EP,yangskinny,11,12,0,1,1,1,2,5,278227,2023-09-27 12:00:00,2024-02-21 08:39:54,2024-01-08 04:47:10,,,,J Rock,,1706799274,JPVI02303453,
1981,7542,7839,False,True,Be Nothing,Be Nothing,,,Newspeak,Newspeak,Be Nothing - Single,Be Nothing - Single,Newspeak,37,37,0,0,1,1,1,1,212013,2023-11-17 12:00:00,2024-02-21 08:41:19,2024-01-08 05:23:45,,,,English Rock,,1715326646,JPWP02301209,
1982,7544,7841,True,True,seeker,seeker,1022677279,Novelbright,Novelbright,Novelbright,Assort,Assort,Novelbright,12,14,0,2,1,1,3,13,230080,2021-11-23 12:00:00,2024-02-21 08:40:53,2024-01-09 03:35:51,V.M,Japanese,Rock,J Rock,Pop.Influenced,1617575009,JPPO02103922,Music122/v4/b4/0d/e0/b40de0c9-a327-6063-3bd1-cd11acd72c44/22UMGIM31002.rgb.jpg
1983,7546,7843,False,True,だから僕は音楽を辞めた,だから僕は音楽を辞めた,,,Yorushika,ヨルシカ,だから僕は音楽を辞めた,だから僕は音楽を辞めた,Yorushika,23,24,0,1,1,1,14,14,242913,2019-04-10 12:00:00,2024-02-21 08:41:31,2024-01-09 04:03:08,,,,J Rock,,1648877323,JPA651904585,
1984,7548,7845,False,True,Mouichido (Album Ver.),Mouichido (Album Ver.),,,Tani Yuuki,Tani Yuuki,Tamentai,Tamentai,Tani Yuuki,9,9,0,0,1,1,5,12,267361,2022-09-21 07:00:00,2024-02-21 08:41:41,2024-01-09 04:14:52,,,,J Rock,,1677103374,JPY742300011,
1985,7550,7847,False,True,Emptiness,Emptiness,,,PIKASONIC,PIKASONIC,Emptiness - Single,Emptiness - Single,PIKASONIC,37,40,0,3,1,1,1,1,181368,2020-10-17 12:00:00,2024-02-21 08:44:34,2024-01-09 07:26:07,,,,Future Bass,,1535374491,AUBEC2057345,
1986,7552,7849,False,True,君を掬う,君を掬う,,,nayuta,nayuta,透明な君を掬う,透明な君を掬う,nayuta,11,11,0,0,1,1,7,7,281560,2021-04-25 12:00:00,2024-02-21 14:22:19,2024-01-09 07:35:51,,,,J Pop,,1566499450,TCJPO2166744,
1987,7554,7851,False,True,ただ声一つ,ただ声一つ,,,Rokudenashi,ロクデナシ,ただ声一つ - Single,ただ声一つ - Single,Rokudenashi,43,44,0,1,1,1,1,1,161561,2021-12-22 12:00:00,2024-08-30 00:59:15,2024-01-09 07:45:38,,,,J Pop,,1599674592,JPPO02104849,
1988,7558,7855,False,True,This Far (feat. Nino Lucarelli) [RudeLies Remix],This Far (feat. Nino Lucarelli) [RudeLies Remix],,,Raven & Kreyn,Raven & Kreyn,This Far (feat. Nino Lucarelli) [Remixes] - EP,This Far (feat. Nino Lucarelli) [Remixes] - EP,Raven & Kreyn,44,44,0,0,1,1,5,5,157619,2020-02-24 12:00:00,2024-08-30 01:21:17,2024-01-13 05:11:41,,,,House,,1607721447,FR10S2275084,
1989,7560,7857,False,True,Mean It,Mean It,,,"GhostDragon, shXdow. & Daye","GhostDragon, shXdow. & Daye",Mean It - Single,Mean It - Single,"GhostDragon, shXdow. & Daye",33,30,3,3,1,1,1,1,235200,2024-01-11 12:00:00,2024-02-21 14:23:18,2024-01-14 05:28:11,,,,English Dance,,1721932246,USA2P2362064,
1990,7562,7859,True,True,Avid (feat. mizuki),Avid (feat. mizuki),"912316913, 1033064361","SawanoHiroyuki[nZk], mizuki",SawanoHiroyuki[nZk],SawanoHiroyuki[nZk],Avid / Hands Up to the Sky - EP,V,SawanoHiroyuki[nZk],101,94,7,7,1,1,9,12,250293,2021-04-25 12:00:00,2024-02-21 14:24:41,2024-01-25 04:24:34,V.F,English,Pop,Anime,Soundtrack.Anime,"1568248141, 1658982442",JPU902100814,Music122/v4/8f/f9/88/8ff988ea-add7-55a9-7ab7-b2bde8a3d357/4547366600513.jpg
1991,7564,7861,True,True,Hands Up to the Sky (feat. Laco),Hands Up to the Sky (feat. Laco),"912316913, 1452467096","SawanoHiroyuki[nZk], Laco",SawanoHiroyuki[nZk],SawanoHiroyuki[nZk],Avid / Hands Up to the Sky - EP,V,SawanoHiroyuki[nZk],136,134,2,2,1,1,7,12,212147,2021-06-09 12:00:00,2024-02-21 14:24:49,2024-01-25 04:24:43,V.F,Japanese,Pop,Anime,Soundtrack.Anime,"1568248144, 1658982440",JPU902100815,Music122/v4/8f/f9/88/8ff988ea-add7-55a9-7ab7-b2bde8a3d357/4547366600513.jpg
1992,7566,7863,True,True,LilaS (feat. たかはしほのか),LilaS (feat. たかはしほのか),"912316913, 1361500746","SawanoHiroyuki[nZk], たかはしほのか",SawanoHiroyuki[nZk],SawanoHiroyuki[nZk],LilaS (feat. たかはしほのか) - Single,V,SawanoHiroyuki[nZk],193,180,13,13,1,1,8,12,245397,2022-03-20 12:00:00,2024-02-21 14:24:54,2024-01-26 04:52:07,V.F,Japanese,Pop,Anime,Soundtrack.Anime,"1612435091, 1658982441",JPU902104489,Music122/v4/8f/f9/88/8ff988ea-add7-55a9-7ab7-b2bde8a3d357/4547366600513.jpg
1993,7568,7865,False,True,Memories,Memories,,,Juggernaut. & flatt,Juggernaut. & flatt,Landscape,Landscape,Juggernaut.,34,35,0,1,1,1,2,13,279529,2020-09-11 12:00:00,2024-02-21 14:24:59,2024-02-03 13:35:01,,,,Hardcore,,1531527184,CAGOO2018784,
1994,7570,7867,True,True,Abiogenesis,Abiogenesis,1465842940,Juggernaut.,Juggernaut.,Juggernaut.,AD:PIANO VII -Alternative-,AD:PIANO VII -Alternative-,Various Artists,66,68,0,2,1,1,9,16,281674,2019-12-31 12:00:00,2024-02-21 14:25:03,2024-02-03 13:35:39,A,-,Dance,Instrumental,Trap,1501132027,TCJPK2061145,Music114/v4/38/4b/ba/384bba14-4967-4d25-fae0-6e3abf599b40/4582451411254_cover.jpg
1995,7578,7871,False,True,As Time Goes On (Intro),As Time Goes On,,,MitiS,MitiS,Unity,Unity,MitiS,87,87,0,0,1,1,1,10,102000,2024-02-09 12:00:00,2024-02-21 14:25:59,2024-02-12 13:32:46,,,,Instrumental,,1805976616,GBEWA2307480,
1996,7580,7873,True,True,Falling Into Mystery (feat. Dia Frampton),Falling Into Mystery (feat. Dia Frampton),"476609914, 432647731","MitiS, Dia Frampton",MitiS,MitiS,Unity,Unity,MitiS,86,95,0,9,1,1,2,10,227200,2023-12-01 12:00:00,2024-02-21 14:26:45,2024-02-12 13:35:44,V.F,English,Dance,English Dance,Dubstep.MelodicDubstep,1805976617,GBEWA2306070,Music221/v4/fc/d4/a4/fcd4a47e-bd69-bd50-c97f-a863306a9d2b/5039060963692.jpg
1997,7582,7875,True,True,I Wanna Know (feat. Natalie Taylor),I Wanna Know (feat. Natalie Taylor),"476609914, 461065242, 400555769","MitiS, Seven Lions, Natalie Taylor",MitiS & Seven Lions,MitiS & Seven Lions,Unity,Unity,MitiS,164,185,0,21,1,1,3,10,193600,2024-02-09 12:00:00,2024-02-21 14:26:47,2024-02-12 13:39:06,V.F,English,Dance,English Dance,Dubstep.MelodicDubstep,1805976618,GBEWA2307481,Music221/v4/fc/d4/a4/fcd4a47e-bd69-bd50-c97f-a863306a9d2b/5039060963692.jpg
1998,7584,7877,True,True,Stay (feat. gavn!),Stay (feat. gavn!),"476609914, 855969919, 1351519782","MitiS, Crystal Skies, gavn!",MitiS & Crystal Skies,MitiS & Crystal Skies,Unity,Unity,MitiS,86,93,0,7,1,1,7,10,257600,2024-02-09 12:00:00,2024-02-21 14:26:50,2024-02-12 13:51:26,V.M,English,Dance,English Dance,Dubstep.Brostep,1805976862,GBEWA2307484,Music221/v4/fc/d4/a4/fcd4a47e-bd69-bd50-c97f-a863306a9d2b/5039060963692.jpg
1999,7586,7879,True,True,"Sometimes, Always","Sometimes, Always",476609914,MitiS,MitiS,MitiS,Unity,Unity,MitiS,72,73,0,1,1,1,8,10,147177,2024-02-09 12:00:00,2024-02-21 14:26:52,2024-02-12 13:56:02,A,-,Dance,Dance,DrumNBass,1805976863,GBEWA2307485,Music221/v4/fc/d4/a4/fcd4a47e-bd69-bd50-c97f-a863306a9d2b/5039060963692.jpg
2000,7588,7881,False,True,Falling Into Mystery (feat. Dia Frampton) [Instrumental],Falling Into Mystery (feat. Dia Frampton) [Instrumental],,,MitiS,MitiS,Unity,Unity,MitiS,37,37,0,0,1,1,2,4,227200,2023-12-01 12:00:00,2024-02-21 14:26:55,2024-02-12 14:08:19,,,,Electronic,,1808196635,GBEWA2306071,
2001,7590,7883,True,True,New Day,New Day,1658974213,Half Asleep Games,Half Asleep Games,Half Asleep Games,Melatonin (Original Game Soundtrack),Melatonin (Original Game Soundtrack),Half Asleep Games,98,109,0,11,1,1,18,18,232458,2022-12-15 12:00:00,2024-02-21 14:26:57,2024-02-14 02:13:13,A,-,Dance,Soundtrack,House.ProgressiveHouse,1659149201,QZTB62281664,Music122/v4/f9/21/60/f92160d2-6e4c-850f-7bf1-ed016ed2821c/artwork.jpg
2002,7592,7885,False,True,Villain,Villain,,,Rosie Darling,Rosie Darling,Lanterns,Lanterns,Rosie Darling,2,2,0,0,1,1,6,11,189133,2023-08-25 12:00:00,2024-02-20 23:39:07,2024-02-20 23:39:07,,,,English Pop,,1708068423,CAN112301452,
2003,7594,7887,False,True,Summertime Friends,Summertime Friends,,,The Chainsmokers,The Chainsmokers,Summertime Friends,Summertime Friends,The Chainsmokers,4,5,0,1,1,1,1,8,136586,2023-09-08 07:00:00,2024-02-20 23:40:37,2024-02-20 23:40:37,,,,English Dance,,1710237093,USQX92304752,
2004,7596,7889,False,True,Starry,Starry,,,RuYA,RuYA,Glight - EP,Glight - EP,RuYA,12,13,0,1,1,1,2,5,304500,2021-06-24 12:00:00,2024-02-21 08:33:25,2024-02-21 08:33:25,,,,House,,1654964756,QZMHK2031560,
2005,7598,7891,True,True,Time Factor,タイムファクター,1054498455,神不擲骰子,KAMI WA SAIKORO WO FURANAI,神不擲骰子,Event Horizon,事象の地平線,神不擲骰子,9,9,0,0,1,1,2,20,225567,2021-10-17 12:00:00,2024-02-21 08:40:21,2024-02-21 08:40:21,V.M,Japanese,Rock,J Rock,,1610443928,JPPO02103652,Music116/v4/72/cf/b4/72cfb428-a552-afff-0da3-1dc66962fc48/22UMGIM13206.rgb.jpg
2006,7600,7893,False,True,ghost,ghost,,,"GhostDragon, lama, MKC & Hannah Zhao","GhostDragon, lama, MKC & Hannah Zhao",pretenders,pretenders,GhostDragon,14,16,0,2,1,1,3,7,212861,2023-07-06 12:00:00,2024-02-21 14:25:37,2024-02-21 14:25:37,,,,English Dance,,1697031058,USA2P2334440,
2007,7602,7895,False,True,Stuck in Your Ways,Stuck in Your Ways,,,Red Comet,Red Comet,Lifeline - EP,Lifeline - EP,Red Comet,45,45,0,0,1,1,4,4,181714,2024-02-28 12:00:00,2024-08-30 01:35:25,2024-03-03 13:41:23,,,,English Dance,,1770905141,GBUM92300221,
2008,7604,7897,False,True,Breakin' Away,Breakin' Away,,,Tatsunoshin & Aurede,Tatsunoshin & Aurede,Breakin' Away - Single,Breakin' Away - Single,Tatsunoshin & Aurede,49,40,9,9,1,1,1,1,202875,2024-02-23 12:00:00,2024-08-30 01:37:46,2024-03-03 13:45:07,,,,English Dance,,1730510626,DEPI82403760,
2009,7606,7899,True,True,XROSS WAVE,XROSS WAVE,"1437839651, 1271250115, 307078957, 314247790","Mwk, 書店太郎, 初音未來, 巡音流歌","Mwk, 書店太郎, Hatsune Miku & Megurine Luka","Mwk, 書店太郎, 初音未來 & 巡音流歌",XROSS WAVE,XROSS WAVE,"Mwk, 書店太郎, 初音未來, 巡音流歌",252,254,0,2,1,1,1,8,216513,2024-02-26 12:00:00,2024-08-30 01:39:04,2024-03-03 13:48:08,V.F,Japanese,Dance,J Dance,"Hard.Hardcore, Rock.Influenced",1729746450,JP92Q2400179,Music126/v4/d1/5f/a8/d15fa890-7aca-1196-d1a2-c1a0a8d06073/4511820-60068.jpg
2010,7608,7901,True,True,Dazzling,Dazzling,1609545753,Kei Morimoto,Kei Morimoto,Kei Morimoto,Dazzling - Single,STORIES vol.3,Kei Morimoto,47,50,0,3,1,1,3,14,143478,2024-02-17 12:00:00,2024-08-30 01:43:04,2024-03-03 13:56:04,A,-,Dance,Future Bass,"Bass.FutureBass, Bass.KawaiiBass","1730017320, 1839712690",TCJPZ2420695,Music211/v4/9d/8e/e2/9d8ee243-acdf-0ec0-a307-1a065e41e56c/4550712688479_cover.png
2011,7610,7903,True,True,Last Forever,Last Forever,1448986037,aran,aran,aran,Bright Colors 6,Bright Colors 6,Various Artists,188,200,0,12,1,1,3,10,224551,2022-04-25 12:00:00,2024-08-30 01:44:47,2024-03-06 12:20:14,V.F,English,Dance,English Dance,Hard.HardStyle,1620124530,TCJPR2236476,Music116/v4/b3/b7/0f/b3b70fb5-980f-b7a5-4bb0-69000115bafe/859758124113_cover.png
2012,7612,7905,False,True,Comfortable Attractions,Comfortable Attractions,,,DJ Genki,DJ Genki,Bright Colors 6,Bright Colors 6,Various Artists,37,37,0,0,1,1,4,10,213677,2022-04-05 12:00:00,2024-08-30 01:44:51,2024-03-06 12:22:37,,,,English Dance,,1620124534,TCJPR2251519,
2013,7614,7907,False,True,Dreaming,Dreaming,,,RUQOA,RUQOA,Dreaming - Single,Dreaming - Single,RUQOA,42,34,8,8,1,1,1,1,210074,2021-02-10 12:00:00,2024-08-30 01:47:47,2024-03-07 13:42:34,,,,House,,1550360230,QZKDK2102254,
2014,7616,7909,False,True,Stay With Me,Stay With Me,,,RUQOA & Shion,RUQOA & Shion,Stay With Me - EP,Stay With Me - EP,"RUQOA, Shion & Taste",47,43,4,4,1,1,3,4,224601,2022-12-25 12:00:00,2024-08-30 02:39:18,2024-03-07 13:59:03,,,,J Dance,,1656187160,QZS662247965,
2015,7618,7911,True,True,Abandoned,Abandoned,1416769276,RUQOA,RUQOA,RUQOA,Abandoned - Single,Abandoned - Single,RUQOA,86,79,7,7,1,1,1,1,195176,2022-08-16 12:00:00,2024-08-30 02:32:55,2024-03-07 15:01:28,A,-,Dance,Instrumental,"Dubstep.Chillstep, Hard.Hardcore",1640030404,QZMHL2235389,Music122/v4/66/e2/4b/66e24bf0-a224-dc1c-e8a9-529e6e7cb952/732138357861_cover.jpg
2016,7620,7913,True,True,Metanoia (feat. SOLARIA),Metanoia (feat. SOLARIA),"1366383804, 1604618142","Aika, SOLARIA",Aika,Aika,Metanoia (feat. SOLARIA) - Single,Aika,Aika,83,90,0,7,1,1,2,25,336461,2024-03-01 12:00:00,2024-08-30 02:41:29,2024-03-09 13:21:43,V.F,English,Dance,English Dance,Bass.MelodicBass,"1731229757, 1805480122",QZDA82417609,Music211/v4/ce/52/14/ce5214e7-0403-6636-4268-2142ef496256/artwork.jpg
2017,7622,7915,True,True,Other Side,Other Side,"855969919, 1266089690","Crystal Skies, Luxtides",Crystal Skies & Luxtides,Crystal Skies & Luxtides,Stardust,Stardust,Crystal Skies,55,59,0,4,1,1,4,10,200000,2024-02-22 12:00:00,2024-08-30 02:43:56,2024-03-10 14:12:17,V.F,English,Dance,English Dance,Dubstep.MelodicDubstep,1726097254,CA5KR2419904,Music126/v4/8a/9b/00/8a9b0059-0b1e-e3ae-7d29-706eb7179704/cover.jpg
2018,7624,7917,True,True,じゃあな,じゃあな,1401871894,ReoNa,ReoNa,ReoNa,ガジュマル ～Heaven in the Rain～(Special Edition) - EP,ガジュマル ～Heaven in the Rain～(Special Edition) - EP,ReoNa,64,65,0,1,1,1,2,6,288973,2024-02-28 12:00:00,2024-08-30 02:47:10,2024-03-10 14:16:43,V.F,Japanese,Rock,J Rock,,1727997544,JPU902400236,Music126/v4/a4/67/13/a4671367-adaa-6e59-d791-01d93da24053/4547366668469.jpg
2019,7626,7919,False,True,Heart Beat,Heart Beat,,,Hakubi,Hakubi,throw,throw,Hakubi,30,31,0,1,1,1,2,7,293306,2024-02-28 08:00:00,2024-08-30 02:48:19,2024-03-10 14:22:24,,,,J Rock,,1729969108,JPPC02410360,
2020,7628,7921,False,True,共鳴 (feat. Yuneko),共鳴 (feat. Yuneko),,,市瀬るぽ,市瀬るぽ,共鳴 (feat. Yuneko) - Single,共鳴 (feat. Yuneko) - Single,Ichinose LUPO,37,37,0,0,1,1,1,1,221200,2024-03-06 12:00:00,2024-08-30 05:47:34,2024-03-10 14:42:08,,,,J Pop,,1731978814,JPU902400522,
2021,7630,7923,False,True,Thinkin’ Bout,Thinkin’ Bout,,,肯尼薛士尼,Kenny Chesney,Born,Born,Kenny Chesney,29,29,0,0,1,1,5,14,214187,2024-02-23 08:00:00,2024-08-30 05:49:21,2024-03-10 14:57:11,,,,English Country,,1729697356,USWB12400046,
2022,7632,7925,False,True,Timeless (feat. Mahiru),Timeless (feat. Mahiru),,,Toya Takase,高瀬統也,Love°C,Love°C,Toya Takase,41,41,0,0,1,1,12,13,174893,2023-12-13 12:00:00,2024-08-30 05:49:33,2024-03-10 15:06:16,,,,J Pop,,1719148357,TCJPY2326410,
2023,7634,7927,True,True,Drown (ft. Meggie York),Drown (feat. Meggie York),"1391033175, 1345535220","Aaron Shirk, Meggie York",Aaron Shirk,Aaron Shirk,Drown (ft. Meggie York) - Single,Drown (feat. Meggie York) - Single,Aaron Shirk,105,126,0,21,1,1,1,1,229818,2022-04-06 12:00:00,2024-08-30 05:50:24,2024-03-12 05:35:45,V.F,English,Dance,English Dance,Dubstep.MelodicDubstep,1617128842,GB2LD2210096,Music126/v4/5f/61/83/5f61831d-5e95-6dc2-d8fc-8df114f33225/cover.jpg
2024,7636,7929,True,True,Memories of the Past (feat. メトロミュー),Memories of the Past (feat. Metro Mew),"1657994773, 1450107287, 1517044394","Motto Music, Mameyudoufu, Metro Mew",Motto Music & Mameyudoufu,Motto Music & Mameyudoufu,Harmony.,Harmony.,Motto Music,79,80,0,1,1,1,2,10,257665,2021-03-28 12:00:00,2024-08-30 05:50:36,2024-03-13 07:16:24,V.F,Japanese,Pop,J Dance,Dance.Influenced,1558320666,TCJPO2119142,Music114/v4/54/07/52/540752f8-9dac-7402-f24f-26e5ee857921/859756718253_cover.jpg
2025,7638,7931,False,True,Journey,Journey,,,"beignet, Nor & YUC'e","beignet, Nor & YUC'e",Stevia - EP,Stevia - EP,"beignet, Nor & YUC'e",41,41,0,0,1,1,3,6,189072,2018-08-10 12:00:00,2024-08-30 05:51:22,2024-03-15 12:22:33,,,,J Dance,,1616163232,TCJPR2248201,
2026,7640,7933,True,True,Fragile (feat. Melanie Fontana),Fragile (feat. Melanie Fontana),"885439866, 473973628","ARMNHMR, Melanie Fontana",ARMNHMR,ARMNHMR,A Thousand Dreams - EP,A Thousand Dreams - EP,ARMNHMR,65,77,0,12,1,1,1,6,233913,2020-11-06 12:00:00,2024-08-30 05:57:00,2024-03-15 12:25:38,V.F,English,Dance,English Dance,Dubstep.MelodicDubstep,1539905420,USDM32028901,Music124/v4/32/39/92/32399279-8b7a-8ec6-1e28-2caa2874a653/810012535878.png
2027,7642,7935,False,True,あさひ,あさひ,,,KAF & Ayane Sakura,KAF & Ayane Sakura,あさひ - Single,あさひ - Single,KAF & Ayane Sakura,43,39,4,4,1,1,1,1,443340,2021-12-08 12:00:00,2024-08-30 06:03:52,2024-03-16 03:22:26,,,,J Pop,,1688351642,JPB602144268,
2028,7644,7937,True,True,渉り星 (feat. Sando Aoi & 夕凪夜),渉り星 (feat. Sando Aoi & 夕凪夜),"1467168059, 1482349699, 1507550235","Islet, Sando Aoi, 夕凪夜",Islet,Islet,渉り星 (feat. Sando Aoi & 夕凪夜) - Single,渉り星 (feat. Sando Aoi & 夕凪夜) - Single,Islet,102,97,5,5,1,1,1,1,293143,2020-07-15 12:00:00,2024-08-30 06:04:43,2024-03-16 04:36:36,V.F,Japanese,Pop,J Pop,Rock.Influenced,1523419261,TCJPM2006988,Music124/v4/03/91/f8/0391f810-6385-e814-ad39-a225deafd476/859755986219_cover.jpg
2029,7646,7939,True,True,Tiny Fate,Tiny Fate,1309453685,Capchii,Capchii,Capchii,Fairly Brave - Single,Fairly Brave - Single,Capchii,58,59,0,1,1,1,3,3,149344,2021-09-25 12:00:00,2024-08-30 06:06:24,2024-03-17 03:02:53,A,-,Dance,Hardcore,Hard.JCore,1587133049,QZS652136300,Music115/v4/f5/f6/f7/f5f6f755-1098-2ebe-9cff-10709e7f1f02/689690727604_cover.jpg
2030,7648,7941,True,True,Dream of Dreaming,dream of dreaming,"1612016230, 1238151061","capo2, KOTONOHOUSE",capo2 & KOTONOHOUSE,capo2 & KOTONOHOUSE,Dream of Dreaming - Single,Dream of Dreaming - Single,"capo2, KOTONOHOUSE",55,55,0,0,1,1,1,2,188571,2024-03-13 12:00:00,2024-08-30 06:07:31,2024-03-17 03:09:54,V.F,Japanese,Pop,J Dance,,1734550554,TCJPZ2456500,Music112/v4/3d/a0/de/3da0de3f-7e1e-80c0-5e26-ab83cb3ea86d/3617222646816_cover.png
2031,7650,7943,False,True,Slowly,Slowly,,,Rokudenashi,ロクデナシ,The Flower of Love,The Flower of Love,Rokudenashi,30,30,0,0,1,1,6,12,235333,2023-12-27 12:00:00,2024-08-30 06:48:19,2024-03-17 03:22:01,,,,J Pop,,1720675421,JPVI02304632,
2032,7652,7945,False,True,Say It Like You Mean It (feat. Ridgely),Say It Like You Mean It (feat. Ridgely),,,Elephante & SABAI,Elephante & SABAI,North Star,North Star,SABAI,27,27,0,0,1,1,7,14,222400,2024-03-08 12:00:00,2024-08-30 06:49:07,2024-03-17 03:48:40,,,,English Dance,,1754658089,QM24S2400754,
2033,7654,7947,False,True,HELLO WORLD,HELLO WORLD,,,LiSA,LiSA,HELLO WORLD - Single,HELLO WORLD - Single,LiSA,23,24,0,1,1,1,1,1,293013,2024-02-21 12:00:00,2024-08-30 06:49:22,2024-03-17 04:02:11,,,,J Rock,,1729363455,JPU902304391,
2034,7656,7949,True,True,Till I Met You,Till I Met You,"867638609, 1578391705","Said The Sky, good problem",Said The Sky & good problem,Said The Sky & good problem,Till I Met You - Single,Till I Met You - Single,"Said The Sky, good problem",71,73,0,2,1,1,1,1,195211,2024-02-14 12:00:00,2024-08-30 06:49:31,2024-03-17 04:06:58,V.M,English,Rock,English Dance,Dance.Influenced,1726057064,NLRD52258002,Music126/v4/6f/91/91/6f9191a5-3831-968f-cb0b-156cfaa505e9/8721056475605.png
2035,7658,7951,True,True,Crazy,Crazy,"1650426055, 1517887330","FLOTE, Violyt",FLOTE & Violyt,FLOTE & Violyt,Crazy - Single,Crazy - Single,"FLOTE, Violyt",61,89,0,28,1,1,1,1,207031,2024-03-01 12:00:00,2024-08-30 06:49:38,2024-03-17 06:50:45,V.F,English,Dance,English Dance,Bass.FutureBass,1731467474,QZDA82454505,Music122/v4/3f/f4/30/3ff4300a-2604-318a-40a9-4c1e801401b5/artwork.jpg
2036,7660,7953,True,True,Quickest Draw,Quickest Draw,1490208494,Electric Dad,Electric Dad,Electric Dad,This Town - EP,This Town - EP,Electric Dad,71,84,0,13,1,1,2,5,230400,2024-02-29 12:00:00,2024-08-30 06:48:58,2024-03-17 07:29:49,A,-,Dance,Dubstep,Dubstep.MelodicDubstep,1770734344,GBUM92300245,Music211/v4/8d/5c/a9/8d5ca9c6-796d-dd63-b3eb-ba997faf170c/5060963263183.png
2037,7662,7955,False,True,Masquerade Legion,Masquerade Legion,,,Srav3R & DJ Noriken,Srav3R & DJ Noriken,Masquerade Legion - Single,Masquerade Legion - Single,Srav3R & DJ Noriken,26,27,0,1,1,1,1,1,146743,2024-03-11 12:00:00,2024-08-30 06:19:54,2024-03-21 00:53:32,,,,Soundtrack,,1734733715,TCJPZ2454105,
2038,7664,7957,True,True,In the End,In the End,"489858182, 867638609, 1004520161","Dabin, Said The Sky, Clara Mae","Dabin, Said The Sky & Clara Mae","Dabin, Said The Sky & Clara Mae",In the End - Single,Aura Park,Dabin,83,91,0,8,1,1,12,13,204666,2024-03-15 12:00:00,2024-08-30 06:51:41,2024-03-29 04:51:40,V.F,English,Dance,English Dance,Bass.FutureBass,"1731485300, 1807400191",CA5KR2433043,Music211/v4/a1/a6/e1/a1a6e103-35c5-ea30-90b4-404894d460ff/220.jpg
2039,7666,7959,False,True,A Better World (feat. Chris Howard),A Better World (feat. Chris Howard),,,SLANDER & Trivecta,SLANDER & Trivecta,A Better World (feat. Chris Howard) - Single,A Better World (feat. Chris Howard) - Single,SLANDER & Trivecta,43,43,0,0,1,1,1,1,230069,2024-03-15 12:00:00,2024-08-30 06:52:41,2024-03-29 04:52:04,,,,English Dance,,1732344369,NL8RL2405481,
2040,7668,7961,True,True,Something to Hold on To,Something to Hold on To,"1478647091, 1391033175, 1287604021","Star Seed, Aaron Shirk, Sara Benyo","Star Seed, Aaron Shirk & Sara Benyo","Star Seed, Aaron Shirk & Sara Benyo",Something to Hold on To - Single,Something to Hold on To - Single,"Star Seed, Aaron Shirk, Sara Benyo",49,53,0,4,1,1,1,1,258207,2024-03-29 12:00:00,2024-08-30 07:11:03,2024-04-05 09:38:28,V.F,English,Dance,English Dance,Dubstep.MelodicDubstep,1732787770,NL8RL2405802,Music221/v4/ca/86/3d/ca863d05-eeb9-bfd6-488d-c04f7471cd61/8721056723522.png
2041,7670,7963,True,True,The Weather,The Weather,1046396707,Fly By Midnight,Fly By Midnight,Fly By Midnight,The Weather - Single,The Fastest Time Of Our Lives,Fly By Midnight,52,55,0,3,1,1,1,11,196471,2024-04-03 12:00:00,2024-08-30 07:13:59,2024-04-05 09:40:41,V.M,English,Pop,English Pop,,"1742087681, 1812455079",QZHN52410313,Music221/v4/3f/06/d7/3f06d795-51c8-3b3e-e052-2a520c105913/193436426541_FBMTFTOULALBUMARTFINAL.jpg
2042,7672,7965,True,True,Epiphany,Epiphany,"1125931618, 281093856","Pure 100%, Donna Tella",Pure 100% & Donna Tella,Pure 100% & Donna Tella,Epiphany - Single,Epiphany - Single,"Pure 100%, Donna Tella",92,107,0,15,1,1,1,1,199031,2024-03-20 12:00:00,2024-08-30 07:14:51,2024-04-05 14:29:08,V.F,English,Dance,English Dance,Hard.HappyCore,1732542592,AUXWK2300213,Music122/v4/e9/f9/ff/e9f9ffe7-0fb9-0722-a454-c416ddffe325/cover.jpg
2043,7674,7967,True,True,Love Hate,Love Hate,"1585228762, 1377916527","laikd, Neuhaus",laikd & Neuhaus,laikd & Neuhaus,Love Hate - Single,Love Hate - Single,"laikd, Neuhaus",46,48,0,2,1,1,1,1,182282,2024-03-29 12:00:00,2024-08-30 07:15:11,2024-04-09 13:21:48,V.M,English,Rock,English Rock,Pop.Influenced,1733018528,USA2P2411748,Music112/v4/c6/d1/2b/c6d12ba4-374f-0d1c-2050-ddd02e5034bd/196922869143_Cover.jpg
2044,7676,7969,True,True,One Feeling (feat. Moon Jelly),One Feeling (feat. Moon Jelly),"1527713540, 1530223650","HYPERLOCK, Moon Jelly",HYPERLOCK,HYPERLOCK,One Feeling (feat. Moon Jelly) - Single,One Feeling (feat. Moon Jelly) - Single,HYPERLOCK,141,151,0,10,1,1,1,1,205935,2024-03-29 12:00:00,2024-08-30 07:15:29,2024-04-09 13:32:55,V.F,English,Dance,English Dance,Trance,1737409754,QZHN82433471,Music211/v4/d3/d2/31/d3d23133-02bc-d544-16d8-a6ffa785276f/artwork.jpg
2045,7678,7971,True,True,Jingle,Jingle,484365136,DJ Noriken,DJ Noriken,DJ Noriken,#From_Ten_Wonderland,#From_Ten_Wonderland,DJ Noriken,70,85,0,15,1,1,10,14,323408,2014-09-03 12:00:00,2024-08-30 07:16:20,2024-04-11 09:22:56,V.M,Japanese,Dance,J Dance,"Hard.Hardcore, Soundtrack.VideoGame.Arcaea",994145710,GBLFP1520747,Music211/v4/ff/bc/2a/ffbc2afe-289d-eb25-ba31-9c9ed2905928/5055834122522_cover.jpg
2046,7680,7973,True,True,Replay,再生,1685618009,ナナツカゼ,"ナナツカゼ, PIKASONIC & nakotanmaru",ナナツカゼ,Replay - Single,再生 - Single,ナナツカゼ,68,72,0,4,1,1,1,1,161379,2024-04-05 12:00:00,2024-08-30 07:17:51,2024-04-13 06:56:48,V.F,Japanese,Dance,J Dance,House.ProgressiveHouse,1734972655,TCJPZ2460761,Music211/v4/41/d2/ee/41d2ee63-3463-3207-e76a-eebf2c6ddc2f/0198448010788_cover.jpg
2047,7682,7975,False,True,This Town,This Town,,,Electric Dad,Electric Dad,This Town - EP,This Town - EP,Electric Dad,39,42,0,3,1,1,1,5,208000,2024-02-29 12:00:00,2024-08-30 07:05:32,2024-04-13 06:56:53,,,,Dubstep,,1770734343,GBUM92300244,
2048,7684,7977,True,True,Innocent White,Innocent White,1508879127,影虎。,影虎。,影虎。,Innocent White - Single,Innocent White - Single,影虎。,160,176,0,16,1,1,1,1,124667,2024-03-28 12:00:00,2024-08-30 07:21:33,2024-04-13 07:28:51,A,-,Dance,Hardcore,"Hard.Artcore, DrumNBass",1737775440,TCJPZ2484324,Music221/v4/98/64/36/98643637-6569-1436-5300-a3a2124ac175/0198448089067_cover.png
2049,7686,7979,True,True,Next Life,Next Life,"1485181337, 1457913537, 1380983045","SadBois, Sam Varga, Natalia Taylar","SadBois, Sam Varga & Natalia Taylar","SadBois, Sam Varga & Natalia Taylar",Next Life - Single,Next Life - Single,"SadBois, Sam Varga, Natalia Taylar",395,421,0,26,1,1,1,1,160000,2024-04-05 12:00:00,2024-08-30 07:22:42,2024-04-13 07:43:11,V.M,English,Dance,English Dance,"Bass.FutureBass, Rock.Influenced",1735859643,GBRKQ2471487,Music221/v4/3a/bd/c4/3abdc44f-a113-54a4-425b-bb0913ad3f62/198342342596_cover.jpg
2050,7688,7981,False,True,Coffee Shop,Coffee Shop,,,capo2,capo2,Coffee Shop - Single,Coffee Shop - Single,capo2,29,29,0,0,1,1,1,1,235636,2024-01-13 12:00:00,2024-08-30 07:23:17,2024-04-14 03:00:56,,,,J Pop,,1725459497,TCJPY2480633,
2051,7690,7983,False,True,Volatile,Volatile,,,Dreem,Dreem,City Echoes,City Echoes,Dreem,43,44,0,1,1,1,7,7,166112,2022-02-04 12:00:00,2024-08-30 07:23:42,2024-04-17 05:52:18,,,,Downtempo,,1605584760,SE5Q52104173,
2052,7692,7985,False,True,Whiplash,Whiplash,,,William Black,William Black,The Nature of Hope,The Nature of Hope,William Black,26,26,0,0,1,1,9,14,214286,2023-11-03 12:00:00,2024-08-30 07:46:05,2024-04-17 06:03:05,,,,English Dance,,1710813066,CA5KR2389987,
2053,7694,7987,True,True,Aorist,Aorist,"1110002531, 1289422561","nayuta, ARForest",nayuta & ARForest,nayuta & ARForest,Imaginary Arcadia,Imaginary Arcadia,"nayuta, ARForest",58,59,0,1,1,1,3,7,253378,2021-10-31 12:00:00,2024-08-30 07:46:11,2024-04-17 06:45:19,V.F,Japanese,Rock,J Rock,,1597054634,TCJPQ2142170,Music116/v4/20/68/37/20683779-66ea-1ff1-a191-dc6278029744/859757591046_cover.png
2054,7696,7989,True,True,Stay,Stay,"1447946239, 1336196745, 1087929994","if found, Vaance, Bertie Scott","if found, Vaance & Bertie Scott","if found, Vaance & Bertie Scott",Social Su!c!de Pact - EP,Social Su!c!de Pact - EP,"if found, Bertie Scott, Vaance",203,238,0,35,1,1,2,5,258688,2024-01-12 12:00:00,2024-08-30 07:47:23,2024-04-17 07:22:30,V.M,English,Dance,English Dance,"DrumNBass, Bass.FutureBass, Pop.Influenced",1824556496,QZZ662371617,Music211/v4/9c/4e/db/9c4edb04-5d68-85d8-9d4e-0d3b87101919/810072.jpg
2055,7698,7991,True,True,Changing Skies,Changing Skies,"1476844936, 1453079803, 691824272, ","4URA, DVRKCLOUD, Holly Terrens","4URA, DVRKCLOUD & Holly Terrens","4URA, DVRKCLOUD & Holly Terrens",Changing Skies - Single,Changing Skies - Single,"4URA, DVRKCLOUD, Holly Terrens",106,124,0,18,1,1,1,1,169500,2021-11-05 12:00:00,2024-08-30 07:49:18,2024-04-17 07:41:15,V.F,English,Dance,English Dance,Dubstep.MelodicDubstep,1591922722,GB2LD2110331,Music126/v4/8b/ad/45/8bad45c4-c329-4e91-f736-316b4f0b3f08/cover.jpg
2056,7700,7993,True,True,Emptiness (feat. 初音ミク),Emptiness (feat. 初音未來),"1437839651, 307078957","Mwk, 初音未來",Mwk,Mwk,Color of Synergy - Single,Color of Synergy - Single,Mwk,191,219,0,28,1,1,1,2,211000,2020-11-27 12:00:00,2024-08-30 07:50:09,2024-04-17 08:01:51,V.F,Japanese,Dance,J Dance,Dubstep.MelodicDubstep,1540912664,JPE562006969,Music114/v4/bc/b5/4c/bcb54ce9-dfb7-12cb-8334-2ef51e1bcb16/4511820-95178.jpg
2057,7702,7995,False,True,Frost Flower (feat. Hatsune Miku),Frost Flower (feat. 初音未來),,,Mwk,Mwk,Frost Flower - Single,Frost Flower - Single,Mwk,47,32,15,15,1,1,1,1,240000,2022-02-25 12:00:00,2024-08-30 07:52:29,2024-04-19 13:08:51,,,,J Dance,,1610095693,CAENV2130060,
2058,7704,7997,False,True,Echo,Echo,,,driftcat,driftcat,Echo - Single,Echo - Single,driftcat,28,27,1,1,1,1,1,1,325806,2020-05-22 12:00:00,2024-08-30 07:53:10,2024-04-25 13:17:07,,,,English Rock,,1546327465,QZPLR2005207,
2059,7706,7999,False,True,Let Go,Let Go,,,FLOTE & Bertie Scott,FLOTE & Bertie Scott,Let Go - Single,Let Go - Single,FLOTE & Bertie Scott,27,26,1,1,1,1,1,1,166345,2023-02-24 12:00:00,2024-08-30 07:54:22,2024-04-25 13:49:26,,,,English Dance,,1667277236,QZFZ42316660,
2060,7708,8001,True,True,Innocent Prayer (feat. Tsugumi Nagahara),Innocent Prayer (feat. 長原つぐみ),"1562475140, 1529217834","Tatsunoshin, 長原つぐみ",Tatsunoshin,Tatsunoshin,Innocent Prayer (feat. Tsugumi Nagahara) - Single,Innocent Prayer (feat. 長原つぐみ) - Single,Tatsunoshin,77,80,0,3,1,1,1,1,252308,2022-12-14 12:00:00,2024-08-30 07:54:57,2024-04-25 14:13:27,V.F,Japanese,Dance,J Dance,Dubstep.MelodicDubstep,1657100575,JPB602204721,Music122/v4/d6/0e/7b/d60e7bef-81da-7762-2501-a9070751bd8d/ANTCD-A0000008980.jpg
2061,7710,8003,True,True,Too Long,Too Long,"1447946239, 695232897","if found, Monika Santucci",if found & Monika Santucci,if found & Monika Santucci,Ophelia Presents: Advent Volume 4,Ophelia Presents: Advent Volume 4,Various Artists,49,53,0,4,1,1,1,7,189455,2022-02-04 12:00:00,2024-08-30 08:42:21,2024-04-25 16:29:05,V.F,English,Dance,English Dance,Bass.FutureBass,1806730091,GBEWA2200480,Music211/v4/dc/87/68/dc8768e5-f16c-318b-685c-8be267706bb7/5039060728796.jpg
2062,7712,8005,True,True,History,History,"1545436556, 1478092221","PatFromLastYear, Rachel Leycroft",PatFromLastYear & Rachel Leycroft,PatFromLastYear & Rachel Leycroft,History - Single,History - Single,"PatFromLastYear, Rachel Leycroft",46,47,0,1,1,1,1,1,264000,2021-12-10 12:00:00,2024-08-30 08:42:56,2024-04-25 17:44:59,V.F,English,Dance,English Dance,Bass.FutureBass,1708972597,USA2P2151468,Music126/v4/22/dc/b9/22dcb97a-15c8-1022-30c2-03317c8ebec9/192641893339.png
2063,7714,8007,False,True,Reality (feat. Krysta Youngs),Reality (feat. Krysta Youngs),,,Ayon,Ayon,Equilibrium,Equilibrium,Ayon,29,28,1,1,1,1,6,10,241655,2020-07-30 12:00:00,2024-08-30 08:43:14,2024-04-25 17:55:16,,,,English Dance,,1552603537,TCAEZ2045786,
2064,7716,8009,False,True,Start Again (feat. Glasscat),Start Again (feat. Glasscat),,,Iwamoto,Iwamoto,Start Again (feat. Glasscat) - Single,Start Again (feat. Glasscat) - Single,Iwamoto,37,36,1,1,1,1,1,1,264828,2021-02-04 12:00:00,2024-08-30 08:44:03,2024-04-25 19:59:03,,,,English Dance,,1708973500,USA2P2100829,
2065,7726,8011,False,True,End up Alone,End up Alone,,,Dylan Matthew,Dylan Matthew,End up Alone - Single,End up Alone - Single,Dylan Matthew,24,23,1,1,1,1,1,1,159750,2022-07-29 12:00:00,2024-08-30 08:44:23,2024-05-01 07:36:22,,,,English Pop,,1700472124,USA2P2231513,
2066,7732,8017,False,True,Deep End,Deep End,,,"yetep, Lockbox & artemis orion","yetep, Lockbox & artemis orion",Deep End - Single,Deep End - Single,"yetep, Lockbox & artemis orion",36,36,0,0,1,1,1,1,205424,2024-04-26 12:00:00,2024-08-30 08:46:19,2024-05-03 12:36:36,,,,English Dance,,1734908523,CA5KR2436331,
2067,7734,8019,False,True,Rescue,Rescue,,,"JONJEN, KRANEZ & Kindred","JONJEN, KRANEZ & Kindred",Rescue - Single,Rescue - Single,"JONJEN, KRANEZ & Kindred",28,28,0,0,1,1,1,1,229859,2024-04-26 12:00:00,2024-08-30 08:46:54,2024-05-03 12:37:32,,,,English Dance,,1783160534,CA5KR2446089,
2068,7736,8021,False,True,Keep U Warm (feat. Jordan Shaw),Keep U Warm (feat. Jordan Shaw),,,SLANDER & William Black,SLANDER & William Black,Keep U Warm (feat. Jordan Shaw) - Single,Keep U Warm (feat. Jordan Shaw) - Single,SLANDER & William Black,34,34,0,0,1,1,1,1,222857,2024-04-26 12:00:00,2024-08-30 06:53:06,2024-05-03 12:37:44,,,,English Dance,,1740840745,NL8RL2414734,
2069,7738,8023,True,True,Hakumei28zi,ハクメイ28zi,1493143559,紙崎ねい,紙崎ねい,紙崎ねい,Astronomiq,Astronomiq,紙崎ねい,170,207,0,37,1,1,2,8,218057,2024-05-01 12:00:00,2024-08-30 08:47:04,2024-05-03 12:38:20,V.X,Japanese,Dance,J Dance,DrumNBass,1741537295,TCJPA2407760,Music211/v4/10/6b/ff/106bff47-5f2a-bd07-024f-bd84aa1f39bc/0198448193276_cover.png
2070,7740,8025,True,False,Can't Pretend,Can't Pretend,1471854413,Nyman,Nyman,Nyman,Can't Pretend - Single,Can't Pretend - Single,Nyman,35,49,0,14,1,1,1,1,201601,2024-03-29 12:00:00,2025-12-20 12:59:37,2024-05-03 12:41:11,V.M,English,Pop,Pop,,1734422144,QZHN32450270,Music112/v4/76/00/34/760034f5-3331-0277-32bb-11c769f92e30/artwork.jpg
2071,7742,8027,False,False,Before We Say Goodbye (feat. Trella),Before We Say Goodbye (feat. Trella),,,GhostDragon,GhostDragon,Before We Say Goodbye (feat. Trella) - Single,Before We Say Goodbye (feat. Trella) - Single,GhostDragon,35,45,0,10,1,1,1,1,220800,2024-05-03 12:00:00,2025-12-20 12:59:37,2024-05-10 02:53:23,V.F,English,Dance,Dubstep,Bass.FutureBass,1741639059,USA2P2421340,
2072,7744,8029,True,False,Springtime,Springtime,1366383804,Aika,Aika,Aika,Springtime - Single,Aika,Aika,32,42,0,10,1,1,12,25,210188,2024-05-03 12:00:00,2025-12-20 12:59:37,2024-05-10 04:10:44,A,-,Dance,Dance,Hard.FutureCore,"1739445281, 1805480132",QZHNB2498608,Music211/v4/ce/52/14/ce5214e7-0403-6636-4268-2142ef496256/artwork.jpg
2073,7746,8031,True,False,Searching... (Cyberworld Pt. II),Searching... (Cyberworld Pt. II),1610290918,MOKKAI,MOKKAI,MOKKAI,Searching... (Cyberworld Pt. II) - Single,Searching... (Cyberworld Pt. II) - Single,MOKKAI,37,46,0,9,1,1,1,1,212641,2024-05-04 12:00:00,2025-12-20 12:59:37,2024-05-10 04:13:43,A,-,Dance,Dubstep,Dubstep.MelodicDubstep,1744175878,QZK6H2419717,Music221/v4/7f/ef/c9/7fefc9b3-ba9a-1666-0d2f-6f44c5913ffa/artwork.jpg
2074,7748,8033,True,False,ギターと孤独と蒼い惑星,ギターと孤独と蒼い惑星,1646020674,kessoku band,kessoku band,結束バンド,結束バンド,結束バンド,kessoku band,42,51,0,9,1,1,5,14,228960,2022-11-06 12:00:00,2025-12-20 12:59:37,2024-05-14 12:57:39,V.F,English,Rock,Anime,Soundtrack.Anime,1657318765,JPE302201022,Music122/v4/51/3b/00/513b003d-5583-4533-168b-f213c245b53f/4534530141828.jpg
2075,7750,8035,False,False,Daisies,Daisies,,,Linney,Linney,Daisies - Single,Daisies - Single,Linney,35,44,0,9,1,1,1,1,199616,2024-03-29 12:00:00,2025-12-20 12:59:37,2024-05-16 13:58:05,,,,Dance,,1735970692,QZUCN2201574,
2076,7752,8037,True,True,Panic Room,Panic Room,"332465235, 1073744484","Fairlane, Wind Walkers",Fairlane & Wind Walkers,Fairlane & Wind Walkers,Genesis - EP,Genesis - EP,Fairlane,52,56,0,4,1,1,5,5,226623,2024-04-05 12:00:00,2024-08-30 01:33:52,2024-05-16 14:15:35,V.M,English,Dance,English Dance,"Dubstep.MelodicDubstep, Dubstep.Brostep",1734365210,CA6D22400146,Music112/v4/4c/c6/0b/4cc60be5-ca94-a506-0455-a1b7cc1966a5/742779551658.png
2077,7754,8039,True,False,Lie Awake,Lie Awake,"1485181337, 926716679, 281093856","SadBois, Xyan, Donna Tella","SadBois, Xyan & Donna Tella","SadBois, Xyan & Donna Tella",Lie Awake - Single,Lie Awake - Single,"SadBois, Xyan, Donna Tella",52,60,0,8,1,1,1,1,174545,2024-05-03 12:00:00,2025-12-20 12:59:37,2024-05-16 16:29:40,V.F,English,Rock,Electronic,,1740842824,QZSYP2444652,Music211/v4/92/2a/54/922a5410-e2d1-f871-bb5c-2ffcfc1670bc/797885114310_cover.jpg
2078,7756,8041,True,False,Galaxy Trip,Galaxy Trip,1259244730,DarTokki,DarTokki,DarTokki,Cotton Candy Vol. 2 - EP,Cotton Candy Vol. 2 - EP,Various Artists,67,77,0,10,1,1,2,5,185038,2020-04-05 12:00:00,2025-12-20 12:59:37,2024-05-17 04:53:18,A,-,Dance,Electronic,"Bass.FutureBass, Bass.KawaiiBass",1506251882,QM42K2015686,Music113/v4/4f/89/e8/4f89e8e0-f9f5-dd9c-c610-0ab40a578058/053000475613_cover.jpg
2079,7758,8043,True,False,Moments (Club Edit) [feat. クサカアキラ],Moments (Club Edit) [feat. クサカアキラ],"1450107287, 1516565637","Mameyudoufu, Akira Kusaka",Mameyudoufu,Mameyudoufu,encore plus chapitre 01 (feat. クサカアキラ),encore plus chapitre 01 (feat. クサカアキラ),Various Artists,57,65,0,8,1,1,5,9,266057,2020-06-15 12:00:00,2025-12-20 12:59:37,2024-05-17 06:50:52,V.F,Japanese,Dance,Electronic,Hard.FutureCore,1516972217,TCJPL2080018,Music124/v4/97/51/6a/97516afd-845d-420e-ba1f-35ef96583579/859755892695_cover.jpg
2080,7760,8045,True,False,Dhalia,Dhalia,977843547,Ujico,Ujico,Ujico,Flowers,Flowers,Ujico,56,65,0,9,1,1,3,10,217107,2017-08-11 12:00:00,2025-12-20 12:59:37,2024-05-17 17:00:07,A,-,Rock,Electronic,,1727121488,USCGJ1808787,Music116/v4/59/3a/13/593a13fa-44c0-71cf-fbcb-e37d4ee29860/3617222460122_cover.png
2081,7762,8047,True,False,Lustrous,Lustrous,1366383804,Aika,Aika,Aika,Lustrous - Single,Aika,Aika,30,38,0,8,1,1,15,25,336000,2018-11-09 12:00:00,2025-12-20 12:59:37,2024-05-17 17:14:22,A,-,Dance,Dance,"Bass.FutureBass, Bass.KawaiiBass","1469651319, 1805480135",QZFYY1996776,Music211/v4/ce/52/14/ce5214e7-0403-6636-4268-2142ef496256/artwork.jpg
2082,7764,8049,True,False,Again,Again,1407376509,Couple N,Couple N,Couple N,Again - Single,Again - Single,Couple N,40,46,0,6,1,1,1,1,242564,2018-08-28 12:00:00,2025-12-20 12:59:37,2024-05-17 18:08:31,A,-,Dance,Pop,House.ProgressiveHouse,1434600910,QMPKX1837940,Music123/v4/62/41/d4/6241d4e0-813b-5e06-54e8-7f17939f23fa/artwork.jpg
2083,7766,8051,True,False,Panorama,パノラマ,"1450218337, 1743361002","PIKASONIC, ナツメ・アリー",PIKASONIC & ナツメ・アリー,PIKASONIC & ナツメ・アリー,Panorama - Single,パノラマ - Single,"PIKASONIC, ナツメ・アリー",49,51,0,2,1,1,1,1,238629,2024-05-12 12:00:00,2025-12-20 12:59:37,2024-05-18 05:02:17,V.F,Japanese,Dance,Electronic,Bass.FutureBass,1743393396,TCJPA2422517,Music221/v4/e2/72/d6/e272d61c-1f26-8d54-55cd-32a62f764234/0198448265249_cover.jpg
2084,7768,8053,False,True,16.7km/S,16.7km/S,,,紙崎ねい,紙崎ねい,Astronomiq,Astronomiq,Kamisaki Nei,42,43,0,1,1,1,8,8,240000,2024-05-01 12:00:00,2024-08-30 08:47:08,2024-05-18 05:17:15,,,,J Dance,,1741538125,TCJPA2407749,
2085,7770,8055,False,False,Aster,Aster,,,asuzora,asuzora,Aster - Single,Aster - Single,asuzora,30,32,0,2,1,1,1,1,155859,2024-05-08 12:00:00,2025-12-20 12:59:37,2024-05-18 06:17:46,,,,House,,1745391022,CAENV2357864,
2086,7772,8057,False,False,To Life,To Life,,,"PLEEG, Moav & CHOMPO",PLEEG & Moav,To Life - Single,To Life - Single,PLEEG & Moav,29,31,0,2,1,1,1,1,166230,2024-05-07 12:00:00,2025-12-20 12:59:37,2024-05-18 06:20:48,,,,House,,1846496859,QZK6N2428912,
2087,7774,8059,True,False,Never the Same,Never the Same,"885439866, 550429222","ARMNHMR, Kompany",ARMNHMR & Kompany,ARMNHMR & Kompany,The Mess We Made - EP,The Mess We Made - EP,ARMNHMR,64,66,0,2,1,1,1,3,254897,2024-05-16 12:00:00,2025-12-20 12:59:37,2024-05-18 06:33:03,V.F,English,Dance,Electronic,Dubstep.MelodicDubstep,1745000086,CA5KR2452604,Music221/v4/4f/77/ac/4f77ac15-1d05-7125-c96b-2257291d792b/723277524559.jpg
2088,7776,8061,True,False,Youth,Youth,"1056462843, 1406513104","BoySam, BrillLion",BoySam & BrillLion,BoySam & BrillLion,Youth - Single,Youth - Single,"BoySam, BrillLion",92,99,0,7,1,1,1,1,195649,2024-05-03 12:00:00,2025-12-20 12:59:37,2024-05-18 06:41:50,V.M,English,Dance,Dance,"Bass.FutureBass, Rock.Influenced",1742050254,CAR072400108,Music211/v4/cd/47/08/cd470823-bfbf-fa45-7fc3-506c36201790/8721056970759.png
2089,7778,8063,True,False,Losing You,Losing You,"1362924107, 490974321, 5785202","yetep, Hoang, Linney","yetep, Hoang & Linney","yetep, Hoang & Linney",Losing You - Single,Losing You - Single,"yetep, Hoang, Linney",56,59,0,3,1,1,1,1,187716,2023-10-20 12:00:00,2025-12-20 12:59:37,2024-05-24 08:44:49,V.F,English,Dance,Dance,Bass.FutureBass,1710043922,CA5KR2382306,Music126/v4/55/db/95/55db954f-f560-0e23-1680-02e796758d52/cover.jpg
2090,7784,8069,True,False,To the Night Sky (feat. Nanahira),To the Night Sky (feat. ななひら),"213424137, 1093362377","DJ Genki, ななひら",DJ Genki,DJ Genki,Vivid Refrain - EP,Vivid Refrain - EP,DJ Genki,46,49,0,3,1,1,5,5,280000,2024-04-29 12:00:00,2025-12-20 12:59:37,2024-05-31 01:39:32,V.F,Japanese,Dance,Electronic,Hard.JCore,1743161619,TCJPA2421403,Music211/v4/01/43/ef/0143ef07-994b-0f2f-5a04-409c6a5e8dd8/0198448259064_cover.png
2091,7786,8071,False,False,Feel It,Feel It,,,MK,MK,Evolution Blue - EP,Evolution Blue - EP,MK & Hommarju,24,27,0,3,1,1,2,5,161600,2024-05-29 12:00:00,2025-12-20 12:59:37,2024-05-31 16:27:11,,,,Breakbeat,,1742590225,GBKQU2439679,
2092,7788,8073,False,False,Bloom,Bloom,,,SadBois & Undy,SadBois & UNDY,Bloom - Single,Bloom - Single,SadBois & UNDY,24,27,0,3,1,1,1,2,171871,2024-05-24 12:00:00,2025-12-20 12:59:37,2024-06-01 05:30:47,,,,Bass,,1743065568,QZTRX2429071,
2093,7790,8075,False,False,I'm Alive,I'm Alive,,,"JONJEN, KENDRO & Daye","JONJEN, KENDRO & Daye",I'm Alive - Single,I'm Alive - Single,"JONJEN, KENDRO & Daye",24,28,0,4,1,1,1,1,185806,2024-05-24 12:00:00,2025-12-20 12:59:37,2024-06-01 05:31:34,,,,Dance,,1744460813,USA2P2425072,
2094,7792,8077,False,False,Home,Home,,,culenasm,culenasm,Home - Single,Home - Single,culenasm,23,26,0,3,1,1,1,1,173474,2024-05-01 12:00:00,2025-12-20 12:59:37,2024-06-01 05:34:59,,,,Rock,,1740457542,JPP302400282,
2095,7794,8079,False,False,Back To You,Back To You,,,BrillLion & SUNHO,BrillLion & SUNHO,Back To You - Single,Back To You - Single,BrillLion & SUNHO,22,25,0,3,1,1,1,1,228800,2024-05-31 12:00:00,2025-12-20 12:59:37,2024-06-13 13:36:22,,,,Dubstep,,1744461106,USA2P2425073,
2096,7796,8081,False,False,Pulsar,Pulsar,,,Nio,Nio,Pulsar - Single,Pulsar - Single,Nio,22,26,0,4,1,1,1,1,182571,2024-06-04 12:00:00,2025-12-20 12:59:37,2024-06-13 13:36:51,,,,Trance,,1748209993,USDM32403701,
2097,7798,8083,False,False,Cursed Lazer,Cursed Lazer,,,The Herb Shop & WE DIE YOUNG,The Herb Shop & WE DIE YOUNG,WE DIE YOUNG vol.4,WE DIE YOUNG vol.4,Various Artists,22,25,0,3,1,1,12,13,176650,2024-06-01 12:00:00,2025-12-20 12:59:37,2024-06-13 13:37:54,,,,Dance,,1749361472,SE5752499030,
2098,7800,8085,False,False,Quantize,Quantize,,,R1cefarm & Yuura.,R1cefarm & Yuura.,Quantize - Single,Quantize - Single,R1cefarm & Yuura.,21,25,0,4,1,1,1,1,178133,2024-05-30 12:00:00,2025-12-20 12:59:37,2024-06-13 13:38:26,,,,J-Pop,,1749012572,TCJPA2461048,
2099,7802,8087,False,False,Covert Love Affair,Covert Love Affair,,,capo2,capo2,Covert Love Affair - Single,Covert Love Affair - Single,capo2,21,25,0,4,1,1,1,1,154706,2024-06-01 12:00:00,2025-12-20 12:59:37,2024-06-13 13:40:40,,,,Pop,,1749259136,TCJPA2462135,
2100,7804,8089,False,False,Become an artificial flower,Become an artificial flower,,,市瀬るぽ & 鏡音リン,市瀬るぽ & 鏡音玲,Become an artificial flower - Single,Become an artificial flower - Single,Ichinose LUPO,21,25,0,4,1,1,1,2,183633,2024-05-31 12:00:00,2025-12-20 12:59:37,2024-06-13 13:41:02,,,,Electronic,,1746283187,JP92Q2400566,
2101,7806,8091,True,False,Turn Back Time,Turn Back Time,1022677279,Novelbright,Novelbright,Novelbright,CIRCUS,CIRCUS,Novelbright,21,25,0,4,1,1,13,15,212987,2024-04-03 12:00:00,2025-12-20 12:59:37,2024-06-13 13:41:23,V.M,Japanese,Pop,Rock,,"1733821855, 1733821855",JPPO02400694,Music122/v4/17/34/55/17345510-84fe-43d2-ba3a-683cc0166423/24UMGIM20787.rgb.jpg
2102,7808,8093,True,False,Soulnova (feat. Kasane Teto),Soulnova (feat. 重音テト),"1366383804, 473862838","Aika, 重音テト",Aika,Aika,Soulnova (feat. Kasane Teto) - Single,Aika,Aika,73,65,8,8,1,1,8,25,218516,2024-06-07 12:00:00,2025-12-20 12:59:37,2024-06-18 01:45:42,V.F,English,Dance,Dance,Hard.FutureCore,"1746673248, 1805480128",QZMEM2481660,Music211/v4/ce/52/14/ce5214e7-0403-6636-4268-2142ef496256/artwork.jpg
2103,7810,8095,True,False,Horizon Shift,Horizon Shift,1416769276,RUQOA,RUQOA,RUQOA,Horizon Shift - Single,Horizon Shift - Single,RUQOA,45,49,0,4,1,1,1,1,234152,2024-06-05 12:00:00,2025-12-20 12:59:37,2024-06-18 01:58:21,V.M,English,Dance,Electronic,House.FutureHouse,1774686248,QM6N22495453,Music211/v4/f8/7a/d2/f87ad250-5601-55dc-6a10-c1283b9ad576/085494532718_cover.jpg
2104,7812,8097,False,False,Moments,Moments,,,ARMNHMR & Z3LLA,ARMNHMR & Z3LLA,Moments - Single,Moments - Single,ARMNHMR & Z3LLA,28,32,0,4,1,1,1,1,188571,2024-06-06 12:00:00,2025-12-20 12:59:37,2024-06-18 01:58:27,,,,Dance,,1746416577,CA6D22400280,
2105,7814,8099,False,False,RESONANCE,RESONANCE,,,Mwk & Hatsune Miku,Mwk & 初音未來,RESONANCE - Single,RESONANCE - Single,Mwk,38,42,0,4,1,1,1,2,205091,2024-06-07 12:00:00,2025-12-20 12:59:37,2024-06-18 01:58:31,,,,Dance,,1748935655,JP92Q2400603,
2106,7816,8101,False,False,月並みに輝け,月並みに輝け,,,kessoku band,kessoku band,月並みに輝け / 今、僕、アンダーグラウンドから - Single,月並みに輝け / 今、僕、アンダーグラウンドから - Single,kessoku band,35,40,0,5,1,1,1,2,247427,2024-06-09 12:00:00,2025-12-20 12:59:37,2024-06-18 02:06:44,,,,Anime,,1747836028,JPE302400232,
2107,7818,8103,False,False,Vivid Refrain,Vivid Refrain,,,DJ Genki,DJ Genki,Vivid Refrain - EP,Vivid Refrain - EP,DJ Genki,22,26,0,4,1,1,3,5,229000,2024-04-29 12:00:00,2025-12-20 12:59:37,2024-06-18 03:16:23,,,,Electronic,,1743161611,TCJPA2421394,
2108,7820,8105,False,True,KonjoLost,KonjoLost,,,紙崎ねい,紙崎ねい,Astronomiq,Astronomiq,Kamisaki Nei,29,30,0,1,1,1,7,8,225000,2024-05-01 12:00:00,2024-08-30 08:47:13,2024-06-18 03:17:29,,,,J Dance,,1741537923,TCJPA2407825,
2109,7822,8107,False,False,Upon a Star [Negaigoto],Upon a Star [Negaigoto],,,nayuta,nayuta,ArtemIs,ArtemIs,nayuta,28,32,0,4,1,1,4,7,316642,2024-04-28 12:00:00,2025-12-20 12:59:37,2024-06-18 03:17:41,,,,J-Pop,,1747869524,TCJPA2454794,
2110,7824,8109,False,False,No Man's Dawn,No Man's Dawn,,,Mayu Maeshima,MAYU MAESHIMA,TVアニメ「オーバーロードIV」エンディングテーマ「No Man's Dawn」 - EP,TVアニメ「オーバーロードIV」エンディングテーマ「No Man's Dawn」 - EP,MAYU MAESHIMA,19,23,0,4,1,1,1,4,233452,2022-07-27 12:00:00,2025-12-20 12:59:37,2024-07-04 06:58:32,,,,Anime,,1634362775,JPD732200127,
2111,7826,8111,False,False,Another Day,Another Day,,,"MitiS, HALIENE & Abandoned","MitiS, HALIENE & Abandoned",Another Day - Single,Another Day - Single,"MitiS, HALIENE & Abandoned",20,24,0,4,1,1,1,1,192400,2024-06-21 12:00:00,2025-12-20 12:59:37,2024-07-04 10:49:59,,,,Dance,,1805973738,GBEWA2402710,
2112,7828,8113,False,False,Live It With You,Live It With You,,,"4URA, Falling North & Moav","4URA, Falling North & Moav",Live It With You - Single,Live It With You - Single,"4URA, Falling North & Moav",28,32,0,4,1,1,1,1,160800,2024-05-31 12:00:00,2025-12-20 12:59:37,2024-07-04 11:00:36,,,,Dance,,1748716810,QZMEQ2485195,
2113,7830,8115,False,False,Hoshizora Memory (feat. yukacco),Hoshizora Memory (feat. yukacco),,,DJ Genki,DJ Genki,Vivid Refrain - EP,Vivid Refrain - EP,DJ Genki,20,24,0,4,1,1,4,5,227672,2024-04-29 12:00:00,2025-12-20 12:59:37,2024-07-04 14:37:58,,,,Electronic,,1743161613,TCJPA2421398,
2114,7832,8117,False,False,One More Night,One More Night,,,Red Handed Denial,Red Handed Denial,A Journey Through Virtual Dystopia,A Journey Through Virtual Dystopia,Red Handed Denial,20,24,0,4,1,1,3,10,236033,2024-05-24 12:00:00,2025-12-20 12:59:37,2024-07-04 15:09:16,,,,Hard Rock,,1733687600,GBGLW2400169,
2115,7834,8119,False,False,Nous on sait,Nous on sait,,,Pierre Garnier,Pierre Garnier,Chaque seconde,Chaque seconde,Pierre Garnier,32,41,0,9,1,1,6,14,182547,2024-05-17 12:00:00,2025-08-17 01:13:11,2024-07-16 05:19:44,,,,French Pop,,1745148886,FRZ052400148,
2116,7836,8121,True,False,Instant Crush,Instant Crush,1497716835,Corbyn Kites,Corbyn Kites,Corbyn Kites,Matter of Time,Matter of Time,Corbyn Kites,71,77,0,6,1,1,1,10,117332,2020-01-03 12:00:00,2025-12-20 12:59:37,2024-07-21 12:04:41,A,-,Rock,Alternative,Alternative,1546448718,QZPLR2013179,Music114/v4/52/af/7a/52af7ad6-8358-724b-9f48-8d9ca974421a/artwork.jpg
2117,7864,8127,True,False,Popsicle Beach,Popsicle Beach,820544147,nanobii,nanobii,nanobii,J - Neration 4,J - Neration 4,Various Artists,70,95,0,25,1,1,1,13,168762,2016-04-28 12:00:00,2025-12-20 12:59:37,2024-07-29 01:11:09,A,-,Dance,Dance,Hard.Hardcore,1514222884,CACWV2016964,Music123/v4/6a/7c/62/6a7c622b-edf0-3a57-994d-06c84d5dbe35/672985179295.png
2118,7866,8129,True,False,Retraced,Retraced,"1060269286, 958215438","NURKO, HALIENE",NURKO & HALIENE,Nurko & HALIENE,Retraced - Single,United,NURKO,76,84,0,8,1,1,4,7,249330,2024-07-19 12:00:00,2025-12-20 12:59:37,2024-07-30 02:06:54,V.F,English,Dance,Electronic,Dubstep.MelodicDubstep,"1752521610, 1758746200",QM24S2403803,Music221/v4/ff/3a/6e/ff3a6ee3-d7f0-0326-ece3-9278432850fd/193436392600_UnitedEPCover.jpg
2119,7868,8131,False,False,Waterfall,Waterfall,,,Rival & Linney,Rival & Linney,Waterfall - Single,Waterfall - Single,Rival & Linney,33,36,0,3,1,1,1,1,187013,2024-07-17 12:00:00,2025-12-20 12:58:10,2024-08-01 01:59:04,,,,Dance,,1754657092,CA5KR2472884,
2120,7870,8133,False,False,Iris,Iris,,,Mitchell Tenpenny,Mitchell Tenpenny,The 3rd,The 3rd,Mitchell Tenpenny,37,41,0,4,1,1,5,20,193456,2024-07-12 07:00:00,2025-12-20 12:59:37,2024-08-01 02:43:41,,,,Rock,,1754200512,US6XF2400096,
2121,7872,8135,True,False,Edge of Your Heart,Edge of Your Heart,"395824232, 1162962074","Au5, TruFeelz",Au5 & TruFeelz,Au5 & TruFeelz,Edge of Your Heart - Single,Edge of Your Heart - Single,"Au5, TruFeelz",44,50,0,6,1,1,1,1,217808,2024-06-07 12:00:00,2025-12-20 12:59:37,2024-08-03 16:16:23,V.M,English,Dance,Dubstep,Dubstep.MelodicDubstep,1741607123,NL8RL2412015,Music211/v4/32/63/75/326375ad-bcb9-e7f0-184f-c6af7638e27c/8721056839698.png
2122,7874,8137,True,False,Ones I Used To Love (feat. JIM),Ones I Used To Love (feat. JIM),"461065242, 489858182, 1529308382","Seven Lions, Dabin, JIM",Seven Lions & Dabin,Seven Lions & Dabin,Ones I Used To Love (feat. JIM),Ones I Used To Love (feat. JIM),"Seven Lions, Dabin",53,61,0,8,1,1,1,1,209302,2024-07-26 12:00:00,2025-12-20 12:59:37,2024-08-03 16:36:54,V.M,English,Dance,Dance,Dubstep.MelodicDubstep,1805936406,GBEWA2403580,Music221/v4/1b/d8/25/1bd825ac-2d1d-0a0f-f8e0-ac079bc6f9c7/5039061013693.jpg
2123,7876,8139,False,False,Memory Of You,Memory Of You,,,HALIENE,HALIENE,Memory Of You,Memory Of You,HALIENE,29,33,0,4,1,1,3,5,225000,2024-08-08 12:00:00,2025-12-20 12:58:10,2024-08-13 04:35:35,,,,Dance,,1805922332,GBEWA2403820,
2124,7878,8141,False,False,Pure.Luv,Pure.Luv,,,"Motto Music, Android52 & WaMi","Motto Music, Android52 & WaMi",Pure.Luv - Single,Pure.Luv - Single,"Motto Music, Android52 & WaMi",23,28,0,5,1,1,1,1,267157,2024-08-03 12:00:00,2025-12-20 12:58:10,2024-08-13 15:05:15,,,,Electronic,,1760033781,TCJPB2412198,
2125,7880,8143,False,False,Division,Division,,,YSS,YSS,Blue,Blue,YSS,23,26,0,3,1,1,10,16,189600,2024-07-29 12:00:00,2025-12-20 12:58:10,2024-08-13 15:06:07,,,,Electronic,,1757366337,TCJPB2417569,
2126,7882,8145,False,False,Panic,Panic,,,NOTD & Corbyn Besson,NOTD & Corbyn Besson,Panic - Single,Panic - Single,NOTD & Corbyn Besson,29,32,0,3,1,1,1,1,173274,2024-08-02 12:00:00,2025-12-20 12:58:10,2024-08-13 15:06:20,,,,Dance,,1757588496,SEUM72401031,
2127,7884,8147,False,False,Miss the Days,Miss the Days,,,Monika Santucci,Monika Santucci,Atone - EP,Atone - EP,Monika Santucci,23,27,0,4,1,1,3,6,160000,2024-07-26 12:00:00,2025-12-20 12:59:37,2024-08-13 15:06:32,,,,Dubstep,,1754274113,NL8RL2429286,
2128,7886,8149,True,False,Ocean (feat. Luxtides),Ocean (feat. Luxtides),"855763579, 1266089690","Trivecta, Luxtides",Trivecta,Trivecta,Ocean (feat. Luxtides) - Single,Find My Way,Trivecta,77,128,0,51,1,1,5,12,298737,2024-08-02 12:00:00,2025-12-20 12:58:10,2024-08-13 15:06:49,V.F,English,Dance,Dance,Dubstep.MelodicDubstep,1806757475,GBEWA2403570,Music221/v4/a8/93/48/a893480a-e137-0779-a10f-8beedd259be8/5039061035398.jpg
2129,7888,8151,False,False,Ghost in the Shadows,Ghost in the Shadows,,,ROY KNOX & Derpcat,ROY KNOX & Derpcat,Ghost in the Shadows - Single,Ghost in the Shadows - Single,ROY KNOX & Derpcat,21,28,0,7,1,1,1,1,227600,2024-07-29 12:00:00,2025-12-20 12:58:10,2024-08-13 15:06:59,,,,Dubstep,,1755455427,CA6D22400405,
2130,7890,8153,False,False,Ghost of You,Ghost of You,,,KEPIK & LYCA,KEPIK & LYCA,Ghost of You - Single,Ghost of You - Single,KEPIK & LYCA,19,25,0,6,1,1,1,1,233684,2024-08-02 12:00:00,2025-12-20 12:58:10,2024-08-13 15:07:19,,,,Dance,,1757462928,NL8RL2431153,
2131,7892,8155,False,False,Better This Way,Better This Way,,,Taylor Kade & FIXION,Taylor Kade & FIXION,Better This Way - Single,Better This Way - Single,Taylor Kade & FIXION,18,23,0,5,1,1,1,1,224500,2024-07-26 12:00:00,2025-12-20 12:58:10,2024-08-13 15:07:38,,,,Dance,,1757311077,CA5KR2471678,
2132,7894,8157,False,False,Don't Love You,Don't Love You,,,Cloudy Parallels & RUNN,Cloudy Parallels & RUNN,Overcast - EP,Overcast - EP,Cloudy Parallels,26,31,0,5,1,1,4,4,228808,2024-06-19 12:00:00,2025-12-20 12:58:10,2024-08-13 15:08:00,,,,Electronic,,1771607803,GBUM92400059,
2133,7896,8159,False,False,Wherever You Are (feat. Shaun Farrugia),Wherever You Are (feat. Shaun Farrugia),,,Martin Garrix & DubVision,Martin Garrix & DubVision,Wherever You Are (feat. Shaun Farrugia) - Single,Wherever You Are (feat. Shaun Farrugia) - Single,Martin Garrix & DubVision,17,22,0,5,1,1,1,1,207992,2024-06-07 12:00:00,2025-12-20 12:58:10,2024-08-13 15:08:15,,,,Dance,,1748045816,NLM5S2402226,
2134,7898,8161,True,False,Unfinished Symphony,Unfinished Symphony,251824775,PAX JAPONICA GROOVE,PAX JAPONICA GROOVE,PAX JAPONICA GROOVE,Unvoid,Unvoid,PAX JAPONICA GROOVE,28,49,0,21,1,1,1,15,318737,2024-07-17 12:00:00,2025-12-20 12:59:37,2024-08-13 15:08:24,A,-,Instrumental,Dance,,1750697800,JPZ922403678,Music221/v4/65/7a/62/657a6253-b1b5-9b21-174f-9d27f5b23cc4/4948722582489_cover.png
2135,7900,8163,False,False,B-Side Blues,B-Side Blues,,,Official鬍子男dism,Official鬍子男dism,Rejoice,Rejoice,OFFICIAL HIGE DANDISM,15,20,0,5,1,1,16,16,295668,2024-07-24 12:00:00,2025-12-20 12:59:37,2024-08-13 15:08:36,,,,J-Pop,,1754117753,JPPC02411841,
2136,7902,8165,False,False,strawberry,strawberry,,,BUMP OF CHICKEN,BUMP OF CHICKEN,strawberry - Single,strawberry - Single,BUMP OF CHICKEN,15,21,0,6,1,1,1,1,318901,2024-07-31 12:00:00,2025-12-20 12:58:10,2024-08-13 15:08:54,,,,J-Pop,,1759124517,JPTF02419301,
2137,7904,8167,False,False,Lost My Connections With You So Now It's All Tethered,Lost My Connections With You So Now It's All Tethered,,,Miraie,Miraie,666666 - EP,666666 - EP,Miraie,21,27,0,6,1,1,4,6,138604,2024-06-06 12:00:00,2025-12-20 12:59:37,2024-08-13 15:09:07,,,,Pop,,1749414008,QZNWQ2462871,
2138,7906,8169,False,False,rebellion,rebellion,,,culenasm,culenasm,rebellion - Single,rebellion - Single,culenasm,24,29,0,5,1,1,1,1,115776,2024-08-07 12:00:00,2025-12-20 12:58:10,2024-08-13 15:09:17,,,,Rock,,1754109272,JPP302400406,
2139,7912,8175,False,False,A Letter from You,A Letter from You,,,PAX JAPONICA GROOVE,PAX JAPONICA GROOVE,Nighttime Rendering,Nighttime Rendering,PAX JAPONICA GROOVE,19,28,0,9,1,1,3,15,269175,2023-12-06 12:00:00,2025-12-20 12:59:37,2024-08-14 16:26:07,,,,Dance,,1715863464,JPZ922309298,
2140,7920,8183,False,False,Blue Piano,Blue Piano,,,PAX JAPONICA GROOVE,PAX JAPONICA GROOVE,Nighttime Rendering,Nighttime Rendering,PAX JAPONICA GROOVE,25,35,0,10,1,1,7,15,210160,2023-12-06 12:00:00,2025-12-20 12:59:37,2024-08-14 16:26:07,,,,Dance,,1715863480,JPZ922309302,
2141,7926,8189,True,False,Breathe Life,Breathe Life,251824775,PAX JAPONICA GROOVE,PAX JAPONICA GROOVE,PAX JAPONICA GROOVE,Nighttime Rendering,Nighttime Rendering,PAX JAPONICA GROOVE,148,158,0,10,1,1,10,15,208910,2023-12-06 12:00:00,2025-12-20 12:59:37,2024-08-14 16:26:07,A,-,Instrumental,Dance,,1715863728,JPZ922309305,Music116/v4/6c/50/4f/6c504f85-2a26-cb07-7a8e-060c4d40a13b/4948722574637_cover.png
2142,7930,8193,False,False,Breathe Life (Night Beat Mix),Breathe Life (Night Beat Mix),,,PAX JAPONICA GROOVE,PAX JAPONICA GROOVE,Nighttime Rendering,Nighttime Rendering,PAX JAPONICA GROOVE,21,29,0,8,1,1,12,15,233795,2023-12-06 12:00:00,2025-12-20 12:59:37,2024-08-14 16:26:07,,,,Dance,,1715863741,JPZ922309307,
2143,7918,8181,False,False,Cuffing,Cuffing,,,PAX JAPONICA GROOVE,PAX JAPONICA GROOVE,Nighttime Rendering,Nighttime Rendering,PAX JAPONICA GROOVE,19,26,0,7,1,1,6,15,200212,2023-12-06 12:00:00,2025-12-20 12:59:37,2024-08-14 16:26:07,,,,Dance,,1715863472,JPZ922309301,
2144,7934,8197,False,False,Cuffing (Instrumental),Cuffing (Instrumental),,,PAX JAPONICA GROOVE,PAX JAPONICA GROOVE,Nighttime Rendering,Nighttime Rendering,PAX JAPONICA GROOVE,15,22,0,7,1,1,14,15,200212,2023-12-06 12:00:00,2025-12-20 12:59:37,2024-08-14 16:26:07,,,,Dance,,1715863744,JPZ922309309,
2145,7924,8187,False,False,End of Summer,End of Summer,,,PAX JAPONICA GROOVE,PAX JAPONICA GROOVE,Nighttime Rendering,Nighttime Rendering,PAX JAPONICA GROOVE,20,29,0,9,1,1,9,15,239214,2023-12-06 12:00:00,2025-12-20 12:59:37,2024-08-14 16:26:07,,,,Dance,,1715863484,JPZ922309304,
2146,7932,8195,False,False,Homeward (Instrumental),Homeward (Instrumental),,,PAX JAPONICA GROOVE,PAX JAPONICA GROOVE,Nighttime Rendering,Nighttime Rendering,PAX JAPONICA GROOVE,15,24,0,9,1,1,13,15,246802,2023-12-06 12:00:00,2025-12-20 12:59:37,2024-08-14 16:26:07,,,,Dance,,1715863743,JPZ922309308,
2147,7908,8171,False,False,Homewvard,Homewvard,,,PAX JAPONICA GROOVE,PAX JAPONICA GROOVE,Nighttime Rendering,Nighttime Rendering,PAX JAPONICA GROOVE,20,27,0,7,1,1,1,15,246802,2023-12-06 12:00:00,2025-12-20 12:59:37,2024-08-14 16:26:07,,,,Dance,,1715863458,JPZ922309296,
2148,7910,8173,False,False,In the Night,In the Night,,,PAX JAPONICA GROOVE,PAX JAPONICA GROOVE,Nighttime Rendering,Nighttime Rendering,PAX JAPONICA GROOVE,19,28,0,9,1,1,2,15,169917,2023-12-06 12:00:00,2025-12-20 12:59:37,2024-08-14 16:26:07,,,,Dance,,1715863461,JPZ922309297,
2149,7928,8191,False,False,My Hometown,My Hometown,,,PAX JAPONICA GROOVE,PAX JAPONICA GROOVE,Nighttime Rendering,Nighttime Rendering,PAX JAPONICA GROOVE,16,23,0,7,1,1,11,15,219000,2023-12-06 12:00:00,2025-12-20 12:59:37,2024-08-14 16:26:07,,,,Dance,,1715863734,JPZ922309306,
2150,7936,8199,False,False,My Hometown (Instrumental),My Hometown (Instrumental),,,PAX JAPONICA GROOVE,PAX JAPONICA GROOVE,Nighttime Rendering,Nighttime Rendering,PAX JAPONICA GROOVE,15,21,0,6,1,1,15,15,219000,2023-12-06 12:00:00,2025-12-20 12:59:37,2024-08-14 16:26:07,,,,Dance,,1715863751,JPZ922309310,
2151,7922,8185,False,False,Nostalgia,Nostalgia,,,PAX JAPONICA GROOVE,PAX JAPONICA GROOVE,Nighttime Rendering,Nighttime Rendering,PAX JAPONICA GROOVE,22,31,0,9,1,1,8,15,239037,2023-12-06 12:00:00,2025-12-20 12:59:37,2024-08-14 16:26:07,,,,Dance,,1715863482,JPZ922309303,
2152,7914,8177,False,False,Sad raiSad Rainn,Sad raiSad Rainn,,,PAX JAPONICA GROOVE,PAX JAPONICA GROOVE,Nighttime Rendering,Nighttime Rendering,PAX JAPONICA GROOVE,21,30,0,9,1,1,4,15,213632,2023-12-06 12:00:00,2025-12-20 12:59:37,2024-08-14 16:26:07,,,,Dance,,1715863466,JPZ922309299,
2153,7916,8179,False,False,Stargazer,Stargazer,,,PAX JAPONICA GROOVE,PAX JAPONICA GROOVE,Nighttime Rendering,Nighttime Rendering,PAX JAPONICA GROOVE,27,43,0,16,1,1,5,15,219990,2023-12-06 12:00:00,2025-12-20 12:59:37,2024-08-14 16:26:07,,,,Dance,,1715863469,JPZ922309300,
2154,7938,8201,True,False,Russian Roulette,Russian Roulette,282330711,Porter Robinson,Porter Robinson,Porter Robinson,SMILE! :D,SMILE! :D,Porter Robinson,44,50,0,6,1,1,3,10,388800,2024-07-26 07:00:00,2025-12-20 12:58:10,2024-08-20 15:41:57,V.M,English,Dance,Alternative,DrumNBass,1740856396,USQE92400083,Music211/v4/57/ed/3e/57ed3e3c-3e5a-acaa-a766-febdfd9e0c68/810090095004.png
2155,7940,8203,False,False,秒針少女,秒針少女,,,kessoku band,kessoku band,Re:結束バンド - EP,Re:結束バンド - EP,kessoku band,16,22,0,6,1,1,5,6,271360,2024-08-14 12:00:00,2025-12-20 12:58:10,2024-08-23 14:50:20,,,,Anime,,1759525335,JPE302400587,
2156,7942,8205,False,False,Into the Limelight (feat. Danyka Nadeau),Into the Limelight (feat. Danyka Nadeau),,,Trivecta,Trivecta,Into the Limelight (feat. Danyka Nadeau) - Single,Into the Limelight (feat. Danyka Nadeau) - Single,Trivecta,22,33,0,11,1,1,1,1,270000,2016-04-15 12:00:00,2025-12-20 12:59:37,2024-08-27 05:13:28,,,,Dance,,1100639675,CA6D21600107,
2157,7944,8207,False,False,Beautiful (feat. Dia Frampton),Beautiful (feat. Dia Frampton),,,Said The Sky,Said The Sky,Wide - Eyed,Wide - Eyed,Said The Sky,24,31,0,7,1,1,5,15,173700,2018-07-20 12:00:00,2025-12-20 12:59:37,2024-08-27 05:13:34,,,,Electronic,,1701059434,USA2P1836876,
2158,7946,8209,True,False,Rush over Me,Rush over Me,"461065242, 645420096, 867638609, 958215438","Seven Lions, ILLENIUM, Said The Sky, HALIENE","Seven Lions, ILLENIUM, Said The Sky & HALIENE","Seven Lions, ILLENIUM, Said The Sky & HALIENE",Rush over Me - Single,Rush over Me - Single,"Seven Lions, ILLENIUM, Said The Sky, HALIENE",39,66,0,27,1,1,1,1,259556,2016-10-10 12:00:00,2025-12-20 12:59:37,2024-08-27 05:19:22,V.F,English,Dance,Electronic,Dubstep.MelodicDubstep,1700478965,TCACS1613932,Music221/v4/8c/b3/c4/8cb3c41a-3dda-59b8-0554-84541cee5ecd/859718364573.png
2159,7948,8211,True,False,Wild Ones,Wild Ones,"129061595, 1126052736","Jason Ross, Nevve",Jason Ross & Nevve,Jason Ross & Nevve,Convergence - EP,Convergence - EP,Jason Ross,24,72,0,48,1,1,4,4,208800,2021-04-16 12:00:00,2025-04-07 05:38:59,2024-08-27 05:39:30,V.F,English,Dance,Dance,Dubstep.MelodicDubstep,1806750994,GBEWA2102050,Music221/v4/44/c2/3f/44c23fef-14be-a5a2-4e97-1f05394c891f/5039060645994.jpg
2160,7950,8213,True,False,Evergreen,Evergreen,"1060269286, 1451573098","NURKO, Jordan Shaw",NURKO & Jordan Shaw,Nurko & Jordan Shaw,United,United,NURKO,84,110,0,26,1,1,5,7,238176,2024-08-16 12:00:00,2025-04-07 05:38:59,2024-08-28 16:13:01,V.M,English,Dance,Electronic,Dubstep.MelodicDubstep,1758746452,QM24S2404574,Music221/v4/ff/3a/6e/ff3a6ee3-d7f0-0326-ece3-9278432850fd/193436392600_UnitedEPCover.jpg
2161,7952,8215,True,False,By the Seaside (feat. Kitsui Akira),By the Seaside (feat. 狐井アキラ),"1462844482, 1602126912","Kirara Magic, 狐井アキラ",Kirara Magic,Kirara Magic,By the Seaside (feat. Kitsui Akira) - Single,By the Seaside (feat. 狐井アキラ) - Single,Kirara Magic,44,159,0,115,1,1,1,1,182961,2024-08-16 12:00:00,2025-12-20 12:58:10,2024-08-28 16:22:18,V.F,English,Pop,Electronica,Dance.Influenced,1761090574,QZTB22457077,Music211/v4/d7/46/29/d74629a2-ec64-8462-865c-d773ccf97073/artwork.jpg
2162,7954,8217,False,False,ノンブレス (feat.狐子),ノンブレス (feat.狐子),,,Adomiori,Adomiori,ノンブレス (feat.狐子) - Single,ノンブレス (feat.狐子) - Single,Adomiori,23,28,0,5,1,1,1,1,212526,2024-08-21 12:00:00,2025-12-20 12:58:10,2024-08-28 16:31:17,,,,Teen Pop,,1764103595,CAGOO2488913,
2163,7956,8219,False,False,Levitate,Levitate,,,Sowyn,Sowyn,Levitate - Single,Levitate - Single,Sowyn,19,24,0,5,1,1,1,1,177143,2024-08-07 12:00:00,2025-12-20 12:58:10,2024-08-28 17:01:41,,,,House,,1761793096,QZTB32485239,
2164,7958,8221,False,False,M.I.A,M.I.A,,,Milkoi,Milkoi,M.I.A - Single,M.I.A - Single,Milkoi,18,25,0,7,1,1,1,3,129464,2024-08-16 12:00:00,2025-12-20 12:59:37,2024-08-28 17:02:19,,,,Electronic,,1736934483,UKZGC2402721,
2165,7960,8223,False,False,Safe Space,Safe Space,,,Mameyudoufu,Mameyudoufu,Exobolt 011,Exobolt 011,Various Artists,23,31,0,8,1,1,1,15,216000,2024-08-23 12:00:00,2025-12-20 12:59:37,2024-08-29 05:47:34,,,,Electronic,,1761960527,QZMHM2400527,
2166,7962,8225,False,False,Under The Sun,Under The Sun,,,Stessie,Stessie,Exobolt 011,Exobolt 011,Various Artists,35,38,0,3,1,1,13,15,216927,2024-08-23 12:00:00,2025-12-20 12:58:10,2024-08-29 06:29:36,,,,Electronic,,1761960780,QZMHM2423728,
2167,7964,8227,False,False,Stay With Me,Stay With Me,,,"voka, Miss Lina & Noctane","voka, Miss Lina & Noctane",Exobolt 011,Exobolt 011,Various Artists,41,44,0,3,1,1,14,15,323099,2024-08-23 12:00:00,2025-12-20 12:58:10,2024-08-29 06:32:11,,,,Electronic,,1761960782,QZS632467917,
2168,7966,8229,False,False,Beneath the Surface,Beneath the Surface,,,Mewnlight Rose,Mewnlight Rose,Exobolt 009,Exobolt 009,Various Artists,19,22,0,3,1,1,1,13,234580,2022-08-05 12:00:00,2025-12-20 12:58:10,2024-08-29 06:43:30,,,,Electronic,,1636631734,QZMHM2271726,
2169,7968,8231,False,False,Breakthrough,Breakthrough,,,Rusherz,Rusherz,Exobolt 009,Exobolt 009,Various Artists,19,22,0,3,1,1,4,13,288800,2022-08-05 12:00:00,2025-12-20 12:58:10,2024-08-29 08:40:07,,,,Electronic,,1636631737,QZS672260209,
2170,7970,8233,False,True,alive,alive,,,wilo wilde,wilo wilde,alive - Single,alive - Single,wilo wilde,21,22,0,1,1,1,1,1,169545,2023-11-08 12:00:00,2024-08-30 00:56:34,2024-08-30 00:56:34,,,,English Dance,,1710608691,US23A1572572,
2171,7972,8235,False,True,Poetry (feat. Liam Geddes),Poetry (feat. Liam Geddes),,,yetep,yetep,Lost (Meant To Be),Lost (Meant To Be),yetep,0,1,0,1,1,1,1,1,238095,2024-02-29 12:00:00,2024-08-30 01:25:00,2024-08-30 01:25:00,,,,English Dance,,1805976189,GBEWA2400490,
2172,7974,8237,False,True,Not My Night,Not My Night,,,Fairlane & Point North,Fairlane & Point North,Genesis - EP,Genesis - EP,Fairlane,7,7,0,0,1,1,2,5,202421,2024-02-28 12:00:00,2024-08-30 01:33:37,2024-08-30 01:33:37,,,,English Dance,,1734365207,CA6D22400046,
2173,7976,8239,False,True,Context,Context,,,K-forest,K-forest,From Nought,From Nought,K-forest & Reku Mochizuki,2,3,0,1,1,1,5,10,149784,2024-04-28 12:00:00,2024-08-30 02:52:57,2024-08-30 02:52:57,,,,Hardcore,,1748959391,JPW462417768,
2174,7978,8241,False,True,Find Me,Find Me,,,"Tretone, Astroden & BOTTLEROCKET","Tretone, Astroden & BOTTLEROCKET",Resplendent,Resplendent,Tretone,11,11,0,0,1,1,2,13,199412,2024-03-08 12:00:00,2024-08-30 07:50:44,2024-08-30 07:50:44,,,,English Dance,,1751212306,QZES52492677,
2175,7984,8247,True,False,Such Fun,Such Fun,1591901430,Sowyn,Sowyn,Sowyn,Such Fun - Single,Such Fun - Single,Sowyn,56,80,0,24,1,1,1,1,206897,2024-06-12 12:00:00,2025-12-20 12:58:10,2024-09-09 13:53:43,V.F,Japanese,Dance,Jungle/Drum'n'bass,Hard.HappyCore,1751790099,QZNWU2473408,Music221/v4/89/17/62/8917624f-87c6-57c9-7986-f6324a713af0/artwork.jpg
2176,7986,8249,False,False,Cometrail,Cometrail,,,Reku Mochizuki,Reku Mochizuki,VVD!! EP - Single,VVD!! EP - Single,Reku Mochizuki,20,22,0,2,1,1,2,3,148000,2024-09-04 12:00:00,2025-12-20 12:58:10,2024-09-09 14:11:09,,,,Dance,,1763557207,JPW462436838,
2177,7988,8251,False,False,Wide Awake,Wide Awake,,,Between Cities,Between Cities,Wide Awake - Single,Wide Awake - Single,Between Cities,20,21,0,1,1,1,1,3,219429,2024-08-30 12:00:00,2025-12-20 12:58:10,2024-09-09 15:28:13,,,,Alternative,,1765785845,NLA7J2400003,
2178,7990,8253,False,False,Fit In,Fit In,,,Fazzi & Josh Paulino,Fazzi & Josh Paulino,Fit In - Single,Fit In - Single,Fazzi & Josh Paulino,24,25,0,1,1,1,1,1,224000,2024-09-06 12:00:00,2025-12-20 12:58:10,2024-09-19 15:09:58,,,,Dubstep,,1764716914,QZTB92412803,
2179,7992,8255,False,False,Knock Yourself Out XD,Knock Yourself Out XD,,,Porter Robinson,Porter Robinson,SMILE! :D,SMILE! :D,Porter Robinson,28,30,0,2,1,1,1,10,168278,2024-07-26 07:00:00,2025-12-20 12:58:10,2024-09-19 15:10:15,,,,Alternative,,1740856394,USQE92400082,
2180,7994,8257,True,False,夏の終わりに,夏の終わりに,1609545753,Kei Morimoto,Kei Morimoto,Kei Morimoto,夏の終わりに - Single,STORIES vol.3,Kei Morimoto,19,24,0,5,1,1,11,14,167892,2024-09-06 12:00:00,2025-12-20 12:59:37,2024-09-19 15:10:29,A,-,Instrumental,Electronic,Dance.Influenced,"1767018587, 1839712703",CALVP2417232,Music211/v4/9d/8e/e2/9d8ee243-acdf-0ec0-a307-1a065e41e56c/4550712688479_cover.png
2181,7996,8259,False,False,talking to myself,talking to myself,,,dreamfone,dreamfone,postMANIC,postMANIC,dreamfone,32,34,0,2,1,1,1,10,174849,2022-07-13 12:00:00,2025-12-20 12:59:37,2024-09-19 15:15:52,,,,Pop,,1809927743,QZHNC2588911,
2182,7998,8261,False,False,Take Your Light,Take Your Light,,,HALIENE & NURKO,HALIENE & NURKO,Take Your Light - Single,Take Your Light - Single,HALIENE,20,22,0,2,1,1,2,5,206069,2024-09-13 12:00:00,2025-12-20 12:58:10,2024-09-26 14:58:51,,,,Dance,,1805922331,GBEWA2404540,
2183,8000,8263,False,False,Last Time,Last Time,,,Jason Ross & Linney,Jason Ross & Linney,Divergence - EP,Divergence - EP,Jason Ross,21,23,0,2,1,1,5,5,216000,2024-09-19 12:00:00,2025-12-20 12:59:37,2024-09-26 14:59:03,,,,Dance,,1763317541,CA6D22400543,
2184,8002,8265,True,False,You,You,"1478647091, 1364579932","Star Seed, Lexi Scatena",Star Seed & Lexi Scatena,Star Seed & Lexi Scatena,Magical Thinking,Magical Thinking,Star Seed,46,49,0,3,1,1,4,7,235500,2024-08-15 12:00:00,2025-12-20 12:58:10,2024-09-26 14:59:15,V.F,English,Dance,Dance,Dubstep.MelodicDubstep,1805923197,GBEWA2403880,Music211/v4/79/86/14/79861454-e020-5194-2a3a-17d712740675/5039061032199.jpg
2185,8004,8267,False,False,Down Without U,Down Without U,,,ROY KNOX & CHOMPO,ROY KNOX & CHOMPO,Down Without U - Single,Down Without U - Single,ROY KNOX & CHOMPO,30,32,0,2,1,1,1,1,134450,2024-09-17 12:00:00,2025-12-20 12:58:10,2024-09-26 14:59:23,,,,Dubstep,,1764779740,QZTB82486815,
2186,8006,8269,False,False,Are You Happy Now,Are You Happy Now,,,SABAI & Linney,SABAI & Linney,Are You Happy Now - Single,Are You Happy Now - Single,SABAI & Linney,35,37,0,2,1,1,1,1,242667,2024-09-13 12:00:00,2025-12-20 12:58:10,2024-09-26 14:59:29,,,,Dance,,1766284310,CA5KR2486767,
2187,8008,8271,False,False,Modern Tragedy,Modern Tragedy,,,Cheat Codes & Julia Church,Cheat Codes & Julia Church,Modern Tragedy - Single,Modern Tragedy - Single,Cheat Codes & Julia Church,20,22,0,2,1,1,1,1,179909,2024-09-13 12:00:00,2025-12-20 12:58:10,2024-09-26 14:59:47,,,,Electronic,,1766828659,CA5KR2485548,
2188,8010,8273,False,False,Sweet Dream (feat. Taobien),Sweet Dream (feat. Taobien),,,Gravii & Kirara Magic,Gravii & Kirara Magic,Sweet Dream - Single (feat. Taobien) - Single,Sweet Dream - Single (feat. Taobien) - Single,Gravii & Kirara Magic,19,21,0,2,1,1,1,1,217479,2024-07-12 12:00:00,2025-12-20 12:59:37,2024-09-26 14:59:53,,,,Pop,,1755683895,TCAIL2435998,
2189,8012,8275,True,False,Love Is Gone,Love Is Gone,1653212325,Tretone,Tretone,Tretone,Love Is Gone - Single,Love Is Gone - Single,Tretone,55,60,0,5,1,1,1,1,210033,2024-08-16 12:00:00,2025-12-20 12:59:37,2024-09-26 14:59:59,V.F,English,Dance,Dance,Dubstep.MelodicDubstep,1758449648,QZTAU2447378,Music211/v4/64/32/28/64322891-0bfc-bd21-1135-d89049cdef73/artwork.jpg
2190,8014,8277,False,False,Leave The Light On (feat. sød ven),Leave The Light On (feat. sød ven),,,Trivecta,Trivecta,Watch The Stars / Leave The Light On,Watch The Stars / Leave The Light On,Trivecta,17,21,0,4,1,1,1,12,232000,2024-08-30 12:00:00,2025-12-20 12:59:37,2024-09-26 15:00:06,,,,Dance,,1806757465,GBEWA2404241,
2191,8016,8279,False,False,Love Me (Not),Love Me (Not),,,Cloudy Parallels & Nohc,Cloudy Parallels & Nohc,Overcast - EP,Overcast - EP,Cloudy Parallels,24,25,0,1,1,1,3,4,278000,2024-07-03 12:00:00,2025-12-20 12:58:10,2024-09-26 15:00:26,,,,Electronic,,1771607802,GBUM92400061,
2192,8018,8281,False,False,Hide & Seek,Hide & Seek,,,Between Cities,Between Cities,Wide Awake - Single,Wide Awake - Single,Between Cities,33,35,0,2,1,1,3,3,216336,2024-07-05 12:00:00,2025-12-20 12:58:10,2024-09-26 15:00:49,,,,Alternative,,1765785851,NLA7J2400002,
2193,8266,8529,False,False,All We Get (feat. Daye),All We Get (feat. Daye),,,Elephante & yetep,Elephante & yetep,Forever Weather - EP,Forever Weather - EP,Elephante,15,18,0,3,1,1,2,6,248616,2024-09-13 12:00:00,2025-12-20 12:59:37,2024-10-03 12:28:15,,,,Dance,,1771055203,QM24S2405455,
2194,8268,8531,True,False,Children of the Sun,Children of the Sun,"1062085272, 213157068, 1159736220","Alan Walker, Pritam, Vishal Mishra","Alan Walker, Pritam & Vishal Mishra","Alan Walker, Pritam & Vishal Mishra",Children of the Sun - Single,Walkerworld 2.0,Alan Walker,16,18,0,2,1,2,13,15,197913,2024-09-26 12:00:00,2025-12-20 12:58:10,2024-10-03 12:28:48,V.X,Hindi,Pop,Pop,Dance.Influenced,"1770009402, 1794308809",INW262403900,Music221/v4/ab/e7/bc/abe7bcbb-8ba9-6138-1f69-753741ff36dd/021865550691.png
2195,8270,8533,False,False,Over It,Over It,,,Cerus,Cerus,Over It - Single,Over It - Single,Cerus,16,19,0,3,1,1,1,1,223571,2024-09-20 12:00:00,2025-12-20 12:58:10,2024-10-03 12:29:03,,,,Dubstep,,1766199890,USA2P2458592,
2196,8272,8535,False,False,Dive Into You (feat. MEIKO),Dive Into You (feat. MEIKO),,,Mwk,Mwk,"PIECE OF POPSTAR -DANCE- (feat. Hatsune Miku, 鏡音リン, 鏡音レン, Megurine Luka, MEIKO & KAITO) - EP","PIECE OF POPSTAR -DANCE- (feat. 初音未來, 鏡音玲, 鏡音連, 巡音流歌, MEIKO & KAITO) - EP",On Prism Records,14,16,0,2,1,1,5,6,176677,2024-09-25 12:00:00,2025-12-20 12:58:10,2024-10-03 12:29:13,,,,Electronic,,1768185907,JP92Q2401125,
2197,8274,8537,False,False,Dream of Us (feat. おかゆ),Dream of Us (feat. おかゆ),,,Fujiyori & EONI,Fujiyori & EONI,Dream of Us (feat. おかゆ) - Single,Dream of Us (feat. おかゆ) - Single,Fujiyori & EONI,25,27,0,2,1,1,1,1,239104,2024-08-25 12:00:00,2025-12-20 12:58:10,2024-10-03 12:29:44,,,,J-Pop,,1766869914,AUBEC2476383,
2198,8276,8539,False,False,Shiny,Shiny,,,Asu,ASU,Shiny - Single,Shiny - Single,ASU,15,18,0,3,1,1,1,1,208205,2024-09-18 12:00:00,2025-12-20 12:59:37,2024-10-03 12:29:59,,,,J-Pop,,1766247301,JPY392402222,
2199,8278,8541,False,False,D0p1ng N1ght (Remaster) [feat. 鏡音リン],D0p1ng N1ght (Remaster) [feat. 鏡音玲],,,Capchii,Capchii,Kawaii Overdose,Kawaii Overdose,Capchii,16,18,0,2,1,1,5,13,279979,2024-09-20 12:00:00,2025-12-20 12:58:10,2024-10-03 12:30:37,,,,Pop,,1768185296,CAHQJ2138013,
2200,8280,8543,False,False,Lover Online,Lover Online,,,NOTD & Maia Wright,NOTD & Maia Wright,Lover Online - Single,Lover Online - Single,NOTD & Maia Wright,15,17,0,2,1,1,1,1,167445,2024-09-20 12:00:00,2025-12-20 12:58:10,2024-10-03 12:30:46,,,,Dance,,1767841900,SEUM72401353,
2201,8282,8545,False,False,sleepover,sleepover,,,dreamfone,dreamfone,postMANIC,postMANIC,dreamfone,15,17,0,2,1,1,4,10,158000,2023-09-20 12:00:00,2025-12-20 12:58:10,2024-10-03 12:31:22,,,,Alternative,,1809927760,QZHNC2588914,
2202,8284,8547,False,False,Every Road,Every Road,,,Monika Santucci,Monika Santucci,Atone - EP,Atone - EP,Monika Santucci,14,16,0,2,1,1,4,6,234375,2024-07-26 12:00:00,2025-12-20 12:58:10,2024-10-03 12:31:35,,,,Dubstep,,1754274114,NL8RL2429287,
2203,8286,8549,False,False,濁点,濁点,,,Official鬍子男dism,Official鬍子男dism,Rejoice,Rejoice,OFFICIAL HIGE DANDISM,14,16,0,2,1,1,9,16,187044,2024-07-24 12:00:00,2025-12-20 12:58:10,2024-10-03 12:33:10,,,,J-Pop,,1754117476,JPPC02411821,
2204,8288,8551,True,False,記憶棉,記憶棉,1532003825,MC 張天賦,MC 張天賦,MC 張天賦,記憶棉 - Single,Have A Good Time - EP,MC 張天賦,59,61,0,2,1,1,3,6,273390,2021-10-22 12:00:00,2025-12-20 12:59:37,2024-10-16 11:51:11,V.M,Cantonese,Pop,Cantopop/HK-Pop,,"1590828011, 1600394626",HKI492108203,Music116/v4/d8/9f/77/d89f77f9-ce19-e836-7b9e-6c22050afabd/190296322655.jpg
2205,8290,8553,False,False,Waiting Life,Waiting Life,,,Between Cities,Between Cities,Kaleidoscope - EP,Kaleidoscope - EP,Between Cities,13,16,0,3,1,1,5,5,216750,2024-10-11 12:00:00,2025-12-20 12:58:10,2024-10-19 06:29:48,,,,Alternative,,1770784223,NLA7J2400004,
2206,8292,8555,False,False,Grey (feat. Jaime Deraz),Grey (feat. Jaime Deraz),,,Bllaine,Bllaine,Grey (feat. Jaime Deraz) - Single,Grey (feat. Jaime Deraz) - Single,Bllaine,13,16,0,3,1,1,1,1,179200,2024-10-11 12:00:00,2025-12-20 12:58:10,2024-10-19 06:30:06,,,,Dance,,1781226782,MXA3V2401011,
2207,8294,8557,True,False,Immature,Immature,"1327110881, 1557489808","Milkoi, SYA SYA",Milkoi & SYA SYA,Milkoi & SYA SYA,Immature - Single,Immature - Single,"Milkoi, SYA SYA",109,114,0,5,1,1,1,1,119375,2024-10-11 12:00:00,2025-12-20 12:59:37,2024-10-19 06:30:20,A,-,Instrumental,Orchestral,,1733274922,UKZGC2402112,Music122/v4/ca/92/02/ca9202f8-c5f9-748f-59bb-76a86d641f3a/55edfe2c-71a3-418c-a65d-c419ef81dc36.jpg
2208,8296,8559,False,False,Calami7ous,Calami7ous,,,Halv,Halv,Calami7ous - Single,Calami7ous - Single,Halv,12,15,0,3,1,1,1,1,162901,2024-10-14 12:00:00,2025-12-20 12:59:37,2024-10-19 06:30:33,,,,Electronic,,1773354686,TCJPC2420185,
2209,8298,8561,False,False,流麗凛舞,流麗凛舞,,,K-forest,K-forest,流麗凛舞 - Single,流麗凛舞 - Single,K-forest,12,15,0,3,1,1,1,1,121393,2024-10-01 12:00:00,2025-12-20 12:59:37,2024-10-19 06:30:45,,,,Dance,,1767801607,JPW462442759,
2210,8300,8563,False,False,Water,Water,,,HALIENE & Kill the Noise,HALIENE & Kill the Noise,Water,Water,HALIENE,13,17,0,4,1,1,5,5,239668,2024-10-11 12:00:00,2025-12-20 12:59:37,2024-10-19 06:31:26,,,,Dance,,1805922335,GBEWA2405092,
2211,8302,8565,False,False,Forever Weather,Forever Weather,,,Elephante,Elephante,Forever Weather - EP,Forever Weather - EP,Elephante,13,16,0,3,1,1,1,6,230864,2024-10-11 12:00:00,2025-12-20 12:59:37,2024-10-19 06:31:36,,,,Dance,,1771055202,QZZ8A2414137,
2212,8304,8567,False,False,Shine On,Shine On,,,Roa,Roa,Shine On - Single,Shine On - Single,Roa,12,18,0,6,1,1,1,1,221832,2024-09-27 12:00:00,2025-12-20 12:59:37,2024-10-19 06:31:56,,,,Dance,,1768274005,QZTBF2465787,
2213,8306,8569,True,False,Era.2967,Era.2967,"1471933128, 1657094562","Adomiori, AiSuu",Adomiori,Adomiori,Era.2967 - Single,Era.2967 - Single,Adomiori,59,107,0,48,1,1,1,1,224000,2024-08-20 12:00:00,2025-12-20 12:59:37,2024-10-19 06:32:05,V.F,Japanese,Rock,Pop/Rock,Pop.Influenced,1763955469,CAGOO2487329,Music221/v4/77/97/23/77972348-b0c7-4af0-d5b1-981791bbdb0a/055855506733.png
2214,8308,8571,False,False,"23:00, Enchanted","23:00, Enchanted",,,purini & NextLight,purini & NextLight,"23:00, Enchanted - Single","23:00, Enchanted - Single",purini & NextLight,12,14,0,2,1,1,1,1,189000,2024-10-11 12:00:00,2025-12-20 12:59:37,2024-10-19 06:32:23,,,,Anime,,1772074007,TCJPC2403138,
2215,8310,8573,False,False,Monotone,Monotone,,,YOASOBI,YOASOBI,Monotone - Single,Monotone - Single,YOASOBI,11,13,0,2,1,1,1,1,210870,2024-10-02 12:00:00,2025-12-20 12:59:37,2024-10-19 06:32:38,,,,J-Pop,,1770010492,JPP302400691,
2216,8312,8575,False,False,All That Ends (feat. Sam Welch),All That Ends (feat. Sam Welch),,,Trivecta,Trivecta,Find My Way,Find My Way,Trivecta,12,21,0,9,1,1,12,12,255938,2024-09-27 12:00:00,2025-12-20 12:59:37,2024-10-19 06:32:54,,,,Dance,,1806757614,GBEWA2404887,
2217,8314,8577,False,False,The Space in Between,The Space in Between,,,Star Seed,Star Seed,Magical Thinking,Magical Thinking,Star Seed,13,15,0,2,1,1,1,7,173333,2024-09-20 12:00:00,2025-12-20 12:59:37,2024-10-19 06:33:39,,,,Dance,,1805922709,GBEWA2404680,
2218,8316,8579,False,False,I Smoke,I Smoke,,,Conor Matthews,Conor Matthews,42,42,Conor Matthews,15,18,0,3,1,1,1,8,233143,2024-10-04 12:00:00,2025-12-20 12:59:37,2024-10-19 06:33:58,,,,Pop,,1769069083,QM24S2405905,
2219,8318,8581,True,False,The Bloodshine,The Bloodshine,1564240431,Merle Gamelines,Merle Gamelines,Merle Gamelines,The Bloodshine - Single,The Bloodshine - Single,Merle Gamelines,47,53,0,6,1,1,1,2,260570,2020-09-09 12:00:00,2025-12-20 12:59:37,2024-10-23 05:33:44,A,-,Instrumental,Jazz,Jazz,1564240432,GBSMU9659884,Music125/v4/6b/a4/39/6ba439c1-69c8-53cc-4bb3-a0127994ec9d/5059741721861_cover.jpg
2220,8320,8583,False,False,The Sadness,The Sadness,,,CHENDA & Harley Bird,CHENDA & Harley Bird,Serenity,Serenity,CHENDA,15,17,0,2,1,1,7,11,258193,2024-10-04 12:00:00,2025-12-20 12:59:37,2024-10-23 13:52:39,,,,Electronic,,1766518773,QM24S2405621,
2221,8324,8587,True,False,Haunted,Haunted,"3954172, 377788551","Abandoned, Diana Inez",Abandoned & Diana Inez,Abandoned & Diana Inez,Haunted - Single,Haunted - Single,"Abandoned, Diana Inez",66,73,0,7,1,1,1,1,240000,2024-07-19 12:00:00,2025-04-07 05:38:59,2024-10-28 16:52:01,V.F,English,Dance,Dubstep,Dubstep.MelodicDubstep,1760817294,QZNWY2497887,Music211/v4/d6/b9/db/d6b9dbd0-620f-18fe-fdf5-9be62e8baede/artwork.jpg
2222,8326,8589,True,False,Salvage,Salvage,"3954172, 1258978341","Abandoned, Hylia",Abandoned & Hylia,Abandoned & HYLIA,Salvage - Single,Salvage - Single,"Abandoned, Hylia",39,53,0,14,1,1,1,1,276414,2024-08-23 12:00:00,2024-11-12 04:41:19,2024-10-28 17:06:16,V.F,English,Dance,Dubstep,Dubstep.MelodicDubstep,1760715695,QZTAZ2453151,Music211/v4/94/d5/48/94d54866-347d-454e-4fd1-740015d382c1/artwork.jpg
2223,8328,8591,True,False,Said & Done (feat. Casey Cook),Said & Done (feat. Casey Cook),"1296614747, 1385820613, 1462805332","Soar, Fancy Monster, Casey Cook",Soar & Fancy Monster,Soar & Fancy Monster,Said & Done (feat. Casey Cook) - Single,Said & Done (feat. Casey Cook) - Single,"Soar, Fancy Monster",57,84,0,27,1,1,1,1,249103,2024-08-23 12:00:00,2025-12-20 12:59:37,2024-10-28 17:12:29,V.F,English,Dance,Dubstep,Dubstep.MelodicDubstep,1761999562,USA2P2452303,Music211/v4/2f/ee/50/2fee50af-ba48-3262-76cf-14abb62d2715/198704101847_Cover.jpg
2224,8330,8593,False,False,I Want You To Know,I Want You To Know,,,Aaron Shirk & Kelsey Ray,Aaron Shirk & Kelsey Ray,I Want You To Know - Single,I Want You To Know - Single,Aaron Shirk & Kelsey Ray,20,21,0,1,1,1,1,1,199680,2024-10-18 12:00:00,2025-12-20 12:59:37,2024-10-31 02:11:21,,,,House,,1768431789,QZWFE2400557,
2225,8332,8595,True,False,Collide,Collide,"1297084102, 494059221","William Black, Jazara",William Black & Jazara,William Black & Jazara,Collide - Single,Collide - Single,"William Black, Jazara",65,69,0,4,1,1,1,1,232000,2024-10-18 12:00:00,2025-12-20 12:59:37,2024-10-31 02:41:35,V.F,English,Dance,Dance,Bass.MelodicBass,1829772189,QZFPL2400145,Music221/v4/ed/08/dd/ed08dd04-568f-0e32-e644-8f2948262664/00609137083551_Cover.jpg
2226,8334,8597,True,False,notre élan,notre élan,1289422561,ARForest,ARForest,ARForest,entr'acte,entr'acte,ARForest,17,18,0,1,1,1,7,7,223293,2024-10-19 12:00:00,2025-12-20 12:59:37,2024-10-31 03:18:59,A,-,Instrumental,Electronic,,1769001787,QZMHP2445035,Music211/v4/52/7e/7f/527e7f4d-ed9a-4f04-3d4f-703b78b3749f/730530037640_cover.jpg
2227,8336,8599,True,False,back2u,back2u,1482881820,uncalc,uncalc,uncalc,you make me - EP,you make me - EP,uncalc,53,81,0,28,1,1,1,4,186400,2024-10-21 12:00:00,2025-12-20 12:59:37,2024-10-31 06:20:03,V.F,English,Dance,Electronic,Dubstep.Riddim,1772090959,JP92N2446859,Music221/v4/8b/b7/a3/8bb7a3d8-58bb-287f-9862-36beb9d291a1/bigup13925415.jpg
2228,8338,8601,False,False,Twilight Magic,Twilight Magic,,,Ton Magie,Ton Magie,Twilight Magic - Single,Twilight Magic - Single,Ton Magie,33,34,0,1,1,1,1,,190737,2024-10-21 12:00:00,2025-12-20 12:58:10,2024-10-31 06:54:10,,,,J-Pop,,,,
2229,8340,8603,False,False,Goodbye Goodnight,Goodbye Goodnight,,,culenasm & QLER,culenasm & QLER,Goodbye Goodnight - Single,Goodbye Goodnight - Single,culenasm & QLER,30,32,0,2,1,1,1,1,196665,2024-10-23 12:00:00,2025-12-20 12:59:37,2024-10-31 07:33:01,,,,Rock,,1768907354,JPP302400683,
2230,8342,8605,False,False,Future Sign (feat. 鏡音リン),Future Sign (feat. 鏡音玲),,,市瀬るぽ,市瀬るぽ,aube,aube,Ichinose LUPO,23,26,0,3,1,1,4,10,232500,2021-03-03 12:00:00,2025-12-20 12:59:37,2024-10-31 11:11:54,,,,Pop,,1554187089,JPE562006607,
2231,8344,8607,True,False,Electric Dream,Electric Dream,1492611156,BB Yukus,BB Yukus,BB Yukus,Electric Dream - Single,Electric Dream - Single,BB Yukus,43,54,0,11,1,1,1,1,197407,2020-01-25 12:00:00,2024-11-20 23:59:15,2024-11-02 14:22:22,A,-,Dance,Jungle/Drum'n'bass,DrumNBass,1496738838,QZFYZ2014525,Music113/v4/29/f0/83/29f0838e-5efc-317c-c339-13ec48b6f2dc/artwork.jpg
2232,8348,8609,False,False,Not Eternal,Not Eternal,,,Couple N,Couple N,Not Eternal - EP,Not Eternal - EP,Couple N,30,34,0,4,1,1,4,4,188400,2018-06-14 12:00:00,2025-12-20 12:59:37,2024-11-02 14:40:47,,,,Electronica,,1409881417,QZDA61828465,
2233,8350,8611,False,False,Skelemental (feat. BB Yukus),Skelemental (feat. BB Yukus),,,Electric Dad,Electric Dad,Skelemental (feat. BB Yukus) - Single,Skelemental (feat. BB Yukus) - Single,Electric Dad,39,44,0,5,1,1,1,1,286400,2020-12-29 12:00:00,2025-12-20 12:59:37,2024-11-02 16:04:49,,,,Dubstep,,1545221675,QZNWY2061753,
2234,8352,8613,False,False,Dreamless (feat. Soneshiner),Dreamless (feat. Soneshiner),,,Bedhair,Bedhair,Dreamless (feat. Soneshiner) - Single,Dreamless (feat. Soneshiner) - Single,Bedhair,11,15,0,4,1,1,1,1,226504,2021-06-30 12:00:00,2025-12-20 12:59:37,2024-11-02 16:50:48,,,,Rock,,1574090623,QZK6Q2180468,
2235,8356,8617,True,False,Hear my voice,Hear my voice,1208888794,Kohta Yamamoto,Kohta Yamamoto,KOHTA YAMAMOTO,86―エイティシックス― オリジナル・サウンドトラック,86―エイティシックス― オリジナル・サウンドトラック,"澤野弘之, Kohta Yamamoto",57,66,0,9,2,2,24,25,189573,2021-07-07 12:00:00,2025-12-20 12:59:37,2024-11-03 14:04:34,A,-,Instrumental,Anime,Soundtrack.Anime,1573697595,JPE302100549,Music125/v4/9f/01/80/9f0180d3-0383-4993-9652-e9ddff8c5f69/4534530132420.jpg
2236,8358,8619,True,False,Talk to you,Talk to you,1208888794,Kohta Yamamoto,Kohta Yamamoto,KOHTA YAMAMOTO,86―エイティシックス― オリジナル・サウンドトラック,86―エイティシックス― オリジナル・サウンドトラック,"澤野弘之, Kohta Yamamoto",87,96,0,9,2,2,7,25,139213,2021-07-07 12:00:00,2025-12-20 12:59:37,2024-11-03 16:09:17,A,-,Instrumental,Anime,Soundtrack.Anime,1573697204,JPE302100532,Music125/v4/9f/01/80/9f0180d3-0383-4993-9652-e9ddff8c5f69/4534530132420.jpg
2237,8360,8621,True,False,Alive Today,Alive Today,1208888794,Kohta Yamamoto,Kohta Yamamoto,KOHTA YAMAMOTO,86―エイティシックス― オリジナル・サウンドトラック,86―エイティシックス― オリジナル・サウンドトラック,"澤野弘之, Kohta Yamamoto",60,70,0,10,2,2,18,25,151973,2021-07-07 12:00:00,2025-12-20 12:59:37,2024-11-03 16:20:07,A,-,Instrumental,Anime,Soundtrack.Anime,1573697479,JPE302100543,Music125/v4/9f/01/80/9f0180d3-0383-4993-9652-e9ddff8c5f69/4534530132420.jpg
2238,8362,8623,False,False,Underneath the Sky,Underneath the Sky,,,Kohta Yamamoto,KOHTA YAMAMOTO,86―エイティシックス― オリジナル・サウンドトラック,86―エイティシックス― オリジナル・サウンドトラック,Hiroyuki Sawano & KOHTA YAMAMOTO,30,39,0,9,2,2,8,25,184613,2021-07-07 12:00:00,2025-12-20 12:59:37,2024-11-03 16:24:40,,,,Anime,,1573697209,JPE302100533,
2239,8364,8625,False,False,境界線,境界線,,,amazarashi,amazarashi,七号線ロストボーイズ,七号線ロストボーイズ,amazarashi,31,37,0,6,1,1,3,9,295900,2021-11-17 12:00:00,2025-12-20 12:59:37,2024-11-05 00:32:06,,,,Rock,,1614421257,JPU902102765,
2240,8366,8627,False,False,Clear Mountain Dub,Clear Mountain Dub,,,Electric Dad,Electric Dad,Vaquero / Clear Mountain Dub - Single,Vaquero / Clear Mountain Dub - Single,Electric Dad,18,21,0,3,1,1,2,2,226034,2023-07-14 12:00:00,2025-12-20 12:59:37,2024-11-08 01:03:43,,,,Electronic,,1693936524,QZMHN2327704,
2241,8368,8629,True,False,Starblossom (feat. Kasane Teto),Starblossom (feat. 重音テト),"1366383804, 473862838","Aika, 重音テト",Aika,Aika,Starblossom (feat. Kasane Teto) - Single,Aika,Aika,15,18,0,3,1,1,16,25,336369,2024-11-08 12:00:00,2025-12-20 12:59:37,2024-11-13 00:24:33,V.F,English,Dance,Dance,Bass.MelodicBass,"1775530727, 1805480136",QZWFT2436817,Music211/v4/ce/52/14/ce5214e7-0403-6636-4268-2142ef496256/artwork.jpg
2242,8370,8631,False,False,Don't Turn Back (feat. Linney),Don't Turn Back (feat. Linney),,,Elephante,Elephante,Don't Turn Back (feat. Linney) - Single,Don't Turn Back (feat. Linney) - Single,Elephante,24,28,0,4,1,1,1,1,240596,2024-11-08 12:00:00,2025-12-20 12:59:37,2024-11-13 10:08:00,,,,Dance,,1775657079,QZZ8A2423967,
2243,8372,8633,False,False,Relics,Relics,,,ARForest,ARForest,Antique - EP,Antique - EP,ARForest,40,43,0,3,1,1,4,5,188053,2024-10-19 12:00:00,2025-12-20 12:59:37,2024-11-13 10:08:11,,,,Electronic,,1769774236,QZMHL2408882,
2244,8374,8635,False,False,Pumpkin Trick,Pumpkin Trick,,,Kirara Magic,Kirara Magic,Pumpkin Trick - Single,Pumpkin Trick - Single,Kirara Magic,17,21,0,4,1,1,1,1,174348,2024-10-31 12:00:00,2025-12-20 12:59:37,2024-11-13 10:08:34,,,,Electronic,,1777769253,TCAIY2403349,
2245,8376,8637,False,False,Stella Loop (feat. Hatsune Miku),Stella Loop (feat. 初音未來),,,Capchii,Capchii,Kawaii Overdose,Kawaii Overdose,Capchii,36,40,0,4,1,1,13,13,257935,2024-09-20 12:00:00,2025-12-20 12:59:37,2024-11-13 10:08:58,,,,Pop,,1768185305,JP92Q2401096,
2246,8378,8639,False,False,flyaway,flyaway,,,uncalc,uncalc,you make me - EP,you make me - EP,uncalc,12,16,0,4,1,1,3,4,210059,2024-10-21 12:00:00,2025-12-20 12:59:37,2024-11-13 10:09:40,,,,Electronic,,1772090961,JP92N2446861,
2247,8380,8641,True,False,Promise You,Promise You,"1510864504, 1527713540","Assertive, HYPERLOCK",Assertive & HYPERLOCK,Assertive & HYPERLOCK,Promise You - Single,Disc-01 : Reflex,Various Artists,94,132,0,38,1,1,17,17,251512,2024-10-27 12:00:00,2025-12-20 12:59:37,2024-11-13 10:10:52,V.M,English,Dance,Hardcore,Hard.Hardcore,1774043459,QZWFQ2434452,Music211/v4/e1/75/09/e17509f0-fd9d-219e-c22d-fe9b7b6f01e9/artwork.jpg
2248,8382,8643,False,False,Usotoai (feat. Kuroto Sion),嘘と愛 (feat. Kuroto Sion),,,technoplanet,technoplanet,Anachro,Anachro,technoplanet,14,17,0,3,1,1,13,13,370000,2024-10-27 12:00:00,2025-12-20 12:59:37,2024-11-13 10:14:04,,,,J-Pop,,1776047473,JPR502417580,
2249,8384,8645,True,False,Mag Mell,Mag Mell,"1501121567, 1536911980","satella, 柚木理沙",satella & Risa Yuzuki,satella & 柚木理沙,Aetherion - Single,Aetherion - Single,"satella, Feryquitous, 棗いつき, 柚木理沙",82,86,0,4,1,1,3,3,201283,2024-10-06 12:00:00,2025-12-20 12:59:37,2024-11-13 10:14:18,V.F,Japanese,Pop,J-Pop,,1777034249,TCJPC2403878,Music211/v4/f5/1b/b5/f51bb574-6dd4-17cc-76c0-475237a03618/4571640362958_cover.jpg
2250,8386,8647,False,False,"Blue Light (feat. Hatsune Miku, 鏡音リン, Gackpoid & ANRI)","Blue Light (feat. 初音未來, 鏡音玲, Gackpoid & ANRI)",,,雨漏りP,Amamori P,"Picaresque (feat. Hatsune Miku, 鏡音リン, Megpoid, ANRI & Gackpoid)","Picaresque (feat. 初音未來, 鏡音玲, Megpoid, ANRI & Gackpoid)",Amamori P,19,23,0,4,1,1,9,9,185085,2024-11-01 12:00:00,2025-12-20 12:59:37,2024-11-13 10:14:27,,,,Pop,,1775317448,JP92Q2401330,
2251,8388,8649,False,False,If I Lost You,If I Lost You,,,ARMNHMR,ARMNHMR,If I Lost You - Single,If I Lost You - Single,ARMNHMR,34,37,0,3,1,1,1,1,211705,2024-10-31 12:00:00,2025-12-20 12:59:37,2024-11-13 10:14:38,,,,Dance,,1773030625,CA6D22400634,
2252,8390,8651,False,False,Heaven Feels Like,Heaven Feels Like,,,SLANDER & Fairlane,SLANDER & Fairlane,Heaven Feels Like - Single,Heaven Feels Like - Single,SLANDER & Fairlane,18,22,0,4,1,1,1,1,203636,2024-11-08 12:00:00,2025-12-20 12:59:37,2024-11-13 10:14:53,,,,Dance,,1770584746,NL8RL2443766,
2253,8392,8653,False,False,Crashing Down,Crashing Down,,,Hoang & raph,Hoang & raph,Crashing Down - Single,Crashing Down - Single,Hoang & raph,22,25,0,3,1,1,1,2,181013,2024-10-11 12:00:00,2025-12-20 12:59:37,2024-11-13 10:15:13,,,,Dance,,1769585703,CA5KR2494406,
2254,8394,8655,False,False,Hiraeth (feat. Jichu),Hiraeth (feat. Jichu),,,Miraie,Miraie,Snow ♡ Library,Snow ♡ Library,Miraie,10,13,0,3,1,1,10,11,203438,2024-11-01 12:00:00,2025-12-20 12:59:37,2024-11-13 11:22:40,,,,New Age,,1775434216,QZWFT2431046,
2255,8396,8657,False,False,Angel,Angel,,,SHE'S,SHE'S,Memories,Memories,SHE'S,37,40,0,3,1,1,5,9,262800,2024-09-18 12:00:00,2025-12-20 12:59:37,2024-11-13 11:32:39,,,,Rock,,1763559781,JPPO02403423,
2256,8398,8659,True,False,Another colony,Another colony,1139014441,TRUE,TRUE,TRUE,Another colony - Single,コトバアソビ,TRUE,117,121,0,4,1,1,3,11,251787,2018-11-07 12:00:00,2025-12-20 12:59:37,2024-11-17 01:53:20,V.F,Japanese,Rock,Anime,Soundtrack.Anime,"1579813453, 1749452408",JPI101802437,Music125/v4/56/84/ef/5684efea-c949-9f46-3018-65a0be197580/PA00089989_0_140041_jacket.jpg
2257,8402,8663,True,False,Megurumono,メグルモノ,204058906,寺島拓篤,寺島拓篤,寺島拓篤,LAYERING,LAYERING,寺島拓篤,171,189,0,18,1,2,12,16,281240,2019-02-27 12:00:00,2025-12-20 12:59:37,2024-11-18 17:50:06,V.M,Japanese,Pop,Anime,Soundtrack.Anime,1838422405,JPI101900042,Music211/v4/4b/9d/f4/4b9df44d-918d-2229-1adb-a95d6a63c1ef/4540774908929.png
2258,8476,8665,False,False,PEACEKEEPER,PEACEKEEPER,,,STEREO DIVE FOUNDATION,STEREO DIVE FOUNDATION,STEREO DIVE 03,STEREO DIVE 03,STEREO DIVE FOUNDATION,47,41,6,6,1,1,4,10,208720,2024-04-05 12:00:00,2025-12-20 12:59:37,2024-11-22 11:38:11,,,,Anime,,1775777403,JPI102400644,
2259,8480,8669,True,False,Capslock,Capslock,1227357016,YOURNESS,YOURNESS,YOURNESS,ES - EP,ES - EP,YOURNESS,59,122,0,63,1,1,5,6,265412,2019-11-20 12:00:00,2025-12-20 12:59:37,2024-11-25 14:36:23,V.M,Japanese,Rock,J-Pop,,1484807716,JPG101900458,Music123/v4/78/20/5d/78205d7a-0366-76cc-ac0e-cc9b6ece17a9/4525853127293.jpg
2260,8482,8671,True,False,AprilBlue,エイプリルブルー,1457491849,AprilBlue,AprilBlue,AprilBlue,Blue Peter,Blue Peter,AprilBlue,45,50,0,5,1,1,2,10,330163,2019-12-04 12:00:00,2025-12-20 12:59:37,2024-11-25 15:18:41,V.F,Japanese,Rock,Rock,,1487475409,JPV501900478,Music123/v4/af/ca/06/afca06eb-1e5e-cbd7-3929-a1b8f86e03c3/4538182853764_cov.jpg
2261,8484,8673,True,False,地上の花,地上の花,1006373304,Seventeen Years Old and Berlin Wall,Seventeen Years Old and Berlin Wall,17歳とベルリンの壁,Reflect - EP,Reflect - EP,Seventeen Years Old and Berlin Wall,58,118,0,60,1,1,1,6,269000,2017-04-05 12:00:00,2025-12-20 12:59:37,2024-11-25 15:38:20,V.X,Japanese,Rock,Alternative,Alternative,1222811810,TCJPF1746793,Music124/v4/f7/93/65/f793655a-c46e-ec2b-e285-f0fee95e84b5/859753542448_cover.jpg
2262,8488,8675,True,False,Brand new diary,Brand new diary,1494926113,熊田茜音,Akane Kumada,熊田茜音,Sekai ga Haretara,世界が晴れたら,熊田茜音,83,88,0,5,1,1,3,11,249013,2021-03-27 12:00:00,2025-12-20 12:59:37,2024-11-26 19:28:01,V.F,Japanese,Rock,Anime,Soundtrack.Anime,1838420419,JPI102100467,Music221/v4/e7/1a/48/e71a480b-0756-acb1-ddea-e040d2b2e6f9/4540774159338.png
2263,8494,8681,True,False,Aeipathy,Aeipathy (feat. GUMI & 重音テト),"1033204051, 1366383804, 473862838, 406470856","Kotori, Aika, 重音テト, GUMI",Kotori & Aika,Kotori & Aika,Aeipathy - Single,Disc-01 : Reflex,Various Artists,94,120,0,26,1,1,1,17,278893,2024-11-21 12:00:00,2025-12-20 12:59:37,2024-12-04 15:39:37,V.F,English,Dance,House,"Hard.HardStyle, Dubstep.Brostep",1781052640,QZPJ32425147,Music221/v4/57/d9/c3/57d9c361-d030-ae92-1cc6-66e38ffda043/199999023005.png
2264,8496,8683,False,False,A New Path,A New Path,,,Aika,Aika,A New Path - Single,A New Path - Single,Aika,16,20,0,4,1,1,1,1,234375,2023-12-14 12:00:00,2025-12-20 12:59:37,2024-12-04 16:14:09,,,,Dance,,1719098485,QZWFH2397764,
2265,8498,8685,False,False,Among The Willows,Among The Willows,,,Electric Dad,Electric Dad,Among The Willows - Single,Among The Willows - Single,Electric Dad,9,13,0,4,1,1,1,1,223200,2024-11-29 12:00:00,2025-12-20 12:59:37,2024-12-12 13:48:28,,,,Electronic,,1781186760,QZS632577610,
2266,8500,8687,False,False,Last Call,Last Call,,,PLEEG & CrossTheHeart,PLEEG & CrossTheHeart,Last Call - Single,Last Call - Single,PLEEG & CrossTheHeart,21,24,0,3,1,1,1,1,185389,2024-11-29 12:00:00,2025-12-20 12:59:37,2024-12-12 15:18:16,,,,Electronic,,1781186979,QM42K2581611,
2267,8502,8689,False,False,Antique,Antique,,,ARForest,ARForest,Antique - EP,Antique - EP,ARForest,9,12,0,3,1,1,5,5,240000,2024-10-19 12:00:00,2025-12-20 12:59:37,2024-12-12 15:35:53,,,,Electronic,,1769774237,QM42K2496932,
2268,8504,8691,False,False,Where In Heaven,Where In Heaven,,,Jason Ross & Dotter,Jason Ross & Dotter,Where In Heaven,Where In Heaven,Jason Ross & Dotter,9,12,0,3,1,1,1,1,153391,2024-12-05 12:00:00,2025-12-20 12:59:37,2024-12-12 15:46:41,,,,Dance,,1805921003,GBEWA2406760,
2269,8506,8693,False,False,#03,#03,,,STEREO DIVE FOUNDATION,STEREO DIVE FOUNDATION,STEREO DIVE 03,STEREO DIVE 03,STEREO DIVE FOUNDATION,9,11,0,2,1,1,1,10,220125,2024-11-22 12:00:00,2025-12-20 12:59:37,2024-12-12 15:47:27,,,,Anime,,1775777400,JPI102402902,
2270,8508,8695,False,False,Ocean Avenue,Ocean Avenue,,,STEVE AOKI & Yellowcard,Steve Aoki & Yellowcard,Ocean Avenue - Single,Ocean Avenue - Single,Steve Aoki & Yellowcard,33,35,0,2,1,1,1,1,226207,2023-12-15 12:00:00,2025-12-20 12:59:37,2024-12-12 15:58:13,,,,Dance,,1716324597,USDM32356401,
2271,8510,8697,False,False,Already Gone,Already Gone,,,Hoang & Danny Olson,Hoang & Danny Olson,Already Gone - Single,Already Gone - Single,Hoang & Danny Olson,23,26,0,3,1,1,1,1,240000,2024-12-13 12:00:00,2025-12-20 12:59:37,2024-12-22 11:19:00,,,,Electronic,,1783704758,CA5KR2503377,
2272,8512,8699,False,False,It Wasn't Okay,It Wasn't Okay,,,BoySam,BoySam,It Wasn't Okay - Single,It Wasn't Okay - Single,BoySam,18,21,0,3,1,1,1,1,224284,2024-12-13 12:00:00,2025-12-20 12:59:37,2024-12-22 11:19:16,,,,Electronic,,1782287850,QZS642503317,
2273,8514,8701,False,False,Sunny Rain,Sunny Rain,,,Kirara Magic,Kirara Magic,Sunny Rain - Single,Sunny Rain - Single,Kirara Magic,20,23,0,3,1,1,1,1,221297,2024-12-13 12:00:00,2025-12-20 12:59:37,2024-12-22 11:19:26,,,,Electronic,,1785139309,TCAJB2478543,
2274,8516,8703,True,False,enclosure,enclosure,1289422561,ARForest,ARForest,ARForest,entr'acte,entr'acte,ARForest,57,63,0,6,1,1,2,7,183133,2024-10-19 12:00:00,2025-12-20 12:59:37,2024-12-22 11:19:40,A,-,Instrumental,Electronic,,1769001782,QZS642403048,Music211/v4/52/7e/7f/527e7f4d-ed9a-4f04-3d4f-703b78b3749f/730530037640_cover.jpg
2275,8518,8705,False,False,you are my heart (feat. utumiyqcom),you are my heart (feat. utumiyqcom),,,Miraie,Miraie,you are my heart (feat. utumiyqcom) - Single,you are my heart (feat. utumiyqcom) - Single,Miraie,31,35,0,4,1,1,1,1,159570,2024-12-06 12:00:00,2025-12-20 12:59:37,2024-12-22 11:20:31,,,,J-Pop,,1782562143,QZZ7P2477159,
2276,8520,8707,False,False,Most of My Heart,Most of My Heart,,,"Cloudy Parallels, Orlost & GLNNA","Cloudy Parallels, Orlost & GLNNA",Most of My Heart - Single,Most of My Heart - Single,"Cloudy Parallels, Orlost & GLNNA",31,34,0,3,1,1,1,1,240592,2024-12-13 12:00:00,2025-12-20 12:59:37,2024-12-22 11:20:49,,,,Dance,,1784063845,TCAJB2438582,
2277,8522,8709,False,False,I Don't Miss You Anymore,I Don't Miss You Anymore,,,Elephante,Elephante,COPE,COPE,Elephante,32,35,0,3,1,1,6,10,260000,2024-11-29 12:00:00,2025-12-20 12:59:37,2024-12-22 11:21:05,,,,House,,1778189759,QZZ8A2423984,
2278,8524,8711,False,False,Crying Out,Crying Out,,,Vellum & Gryxx,Vellum & Gryxx,Crying Out - Single,Crying Out - Single,Vellum & Gryxx,8,11,0,3,1,1,1,1,195536,2024-12-13 12:00:00,2025-12-20 12:59:37,2024-12-22 11:21:31,,,,Dance,,1780437317,CAR072400326,
2279,8526,8713,True,False,誰も気づかなくても,誰も気づかなくても,1457491849,AprilBlue,AprilBlue,AprilBlue,誰も気づかなくても - Single,yura,AprilBlue,15,18,0,3,1,1,7,13,219772,2024-12-11 12:00:00,2025-12-20 12:59:37,2024-12-22 11:21:45,V.F,Japanese,Rock,Alternative,Pop.Influenced,"1782445077, 1786526742",JPV502400534,Music221/v4/91/2c/13/912c1328-3307-9c6d-d666-759f11cd108a/PCD-25461.jpg
2280,8528,8715,False,False,明年夏天我們會不會還在一起,明年夏天我們會不會還在一起,,,原子邦妮,Astro Bunny,明年夏天我們會不會還在一起 - Single,明年夏天我們會不會還在一起 - Single,Astro Bunny,8,12,0,4,1,1,1,1,182898,2024-10-30 12:00:00,2025-12-20 12:59:37,2024-12-22 11:22:10,,,,Mandopop,,1777021820,TWAE32404384,
2281,8530,8717,False,False,December,December,,,fox capture plan,fox capture plan,DEEPER,DEEPER,fox capture plan,22,28,0,6,1,1,9,11,274902,2024-12-18 12:00:00,2025-12-20 12:59:37,2024-12-22 11:22:36,,,,Jazz,,1771772415,JPB622401325,
2282,8532,8719,False,False,春雷,春雷,,,米津玄師,米津玄師,BOOTLEG,BOOTLEG,Kenshi Yonezu,6,10,0,4,1,1,8,14,288888,2017-11-01 07:00:00,2025-12-20 12:59:37,2024-12-26 08:42:42,,,,J-Pop,,1538275665,JPU901702919,
2283,8534,8721,False,False,Azalea,Azalea,,,米津玄師,米津玄師,Azalea - Single,Azalea - Single,Kenshi Yonezu,15,18,0,3,1,1,1,1,208294,2024-11-18 12:00:00,2025-12-20 12:59:37,2024-12-26 09:53:37,,,,J-Pop,,1776984411,JPU902403617,
2284,8536,8723,False,False,Juice,Juice,,,Haxhigeaszy,Haxhigeaszy,Believe On Me,Believe On Me,Haxhigeaszy,26,33,0,7,1,1,7,11,166858,2021-07-22 12:00:00,2025-12-20 12:59:37,2024-12-28 17:13:45,,,,Hip-Hop/Rap,,1761823810,UKTUY2151953,
2285,8544,8731,True,False,彼方の破片 (feat. わかばやし),彼方の破片 (feat. わかばやし),"999491860, 1565708538","*Luna, わかばやし",*Luna,*Luna,アステラリウム,アステラリウム,*Luna,22,46,0,46,1,1,4,7,310370,2025-01-06 12:00:00,2025-12-20 12:58:10,2025-01-06 01:18:55,V.F,Japanese,Rock,J-Pop,,1787267779,JP92N2462310,Music211/v4/7c/1c/0e/7c1c0e66-45fc-d8af-17d0-7b78451e8f8d/bigup13983963.jpg
2286,8546,8733,False,False,Smiles Left Behind,Smiles Left Behind,,,nayuta,nayuta,Echoes,Echoes,nayuta,7,11,0,11,1,1,4,7,273575,2024-10-27 12:00:00,2025-12-20 12:58:10,2025-01-06 01:21:15,,,,J-Pop,,1783308032,TCJPC2492671,
2287,8548,8735,True,False,In Your Arms,In Your Arms,"1382179475, 1782888486","YUKIYANAGI, savogy",YUKIYANAGI & savogy,YUKIYANAGI & savogy,In Your Arms - Single,In Your Arms - Single,"YUKIYANAGI, savogy",30,35,0,35,1,1,1,1,297931,2024-12-25 12:00:00,2025-12-20 12:58:10,2025-01-06 01:22:20,V.M,English,Dance,Electronic,Hard.Hardcore,1783124174,JP92N2458094,Music211/v4/6e/f4/6e/6ef46edd-8e4c-4cbd-aa8c-05e8c2dd30f0/bigup13967319.jpg
2288,8550,8737,True,False,Resound (feat. M0MORI) [Radio Edit],Resound (feat. M0MORI) [Radio Edit],"927736571, 1610006874","Aethral, M0MORI",Aethral,Aethral,Resound (feat. M0MORI) [Radio Edit] - Single,Melodic Showdown,Various Artists,15,19,0,19,1,1,1,10,223200,2024-12-31 12:00:00,2025-12-20 12:59:37,2025-01-06 01:23:33,V.F,English,Dance,Dance,Hard.JCore,1786682294,QT3EX2494952,Music221/v4/90/7b/9c/907b9c3f-36a3-4445-8844-78661e5462da/artwork.jpg
2289,8552,8739,False,False,Breathless,Breathless,,,RUQOA,RUQOA,Breathless - Single,Breathless - Single,RUQOA,10,14,0,14,1,1,1,1,268800,2024-12-31 12:00:00,2025-12-20 12:58:10,2025-01-06 01:24:18,,,,Electronic,,1786961319,QZMHK2596252,
2290,8554,8741,False,False,Mada,Mada,,,capo2,capo2,Mada - Single,Mada - Single,capo2,7,12,0,12,1,1,1,1,154206,2024-12-25 12:00:00,2025-12-20 12:59:37,2025-01-06 01:25:03,,,,Pop,,1787131329,TCJPD2421101,
2291,8556,8743,False,False,Debris of Twin Stars,Debris of Twin Stars,,,紙崎ねい,紙崎ねい,Debris of Twin Stars - Single,Debris of Twin Stars - Single,Kamisaki Nei,7,12,0,12,1,1,1,1,224000,2024-12-31 12:00:00,2025-12-20 12:59:37,2025-01-06 01:25:43,,,,Anime,,1787678904,TCJPD2431617,
2292,8558,8745,True,False,Picture,Picture,"1391033175, 1345535220","Aaron Shirk, Meggie York",Aaron Shirk,Aaron Shirk,Picture - Single,Picture - Single,Aaron Shirk,15,23,0,23,1,1,1,1,205241,2024-12-27 12:00:00,2025-12-20 12:58:10,2025-01-06 01:25:54,V.F,English,Dance,Dubstep,Dubstep.MelodicDubstep,1784593852,QZZ7T2414001,Music211/v4/9d/ea/98/9dea985a-3cf5-ec07-4945-99bda82f55f4/artwork.jpg
2293,8560,8747,True,False,What I've Never Had,What I've Never Had,1585228762,laikd,laikd,laikd,What I've Never Had - Single,What I've Never Had - Single,laikd,21,24,0,24,1,1,1,1,232800,2024-12-20 12:00:00,2025-12-20 12:58:10,2025-01-06 01:27:52,V.F,English,Dance,Electronica,Bass.FutureBass,1782695222,QZZ7Q2404020,Music211/v4/8d/a5/f7/8da5f753-832b-2424-0167-bfb13feab95c/artwork.jpg
2294,8562,8749,False,False,Fragrance,Fragrance,,,Mahiru & RINZO,Mahiru & RINZO,Fragrance - Single,Fragrance - Single,Mahiru & RINZO,5,8,0,8,1,1,1,2,205625,2023-12-22 12:00:00,2025-12-20 12:58:10,2025-01-14 13:05:51,,,,J-Pop,,1720435309,TCJPY2339539,
2295,8564,8751,False,False,"Show me, ABC!!","Show me, ABC!!",,,Capchii & Hatsune Miku,Capchii & 初音未來,"Show me, ABC!! - Single","Show me, ABC!! - Single",Capchii & Hatsune Miku,5,8,0,8,1,1,1,1,199211,2024-12-26 12:00:00,2025-12-20 12:58:10,2025-01-15 06:46:26,,,,Pop,,1784207249,JP92Q2401586,
2296,8566,8753,True,False,Faster Than Light (From Stellaris Original Game Soundtrack) [Instrumental],Faster Than Light (From Stellaris Original Game Soundtrack) [Instrumental],390207106,Andreas Waldetoft,Paradox Interactive & Andreas Waldetoft,Andreas Waldetoft,Stellaris (Original Game Soundtrack),Stellaris (Original Game Soundtrack),Andreas Waldetoft,36,42,0,42,1,1,7,23,400500,2016-06-27 12:00:00,2025-12-20 12:59:37,2025-01-15 13:02:35,A,-,Instrumental,Soundtrack,,1482151600,TCACP1639768,Music221/v4/e5/ce/5d/e5ce5d95-3b54-7f6a-b359-d617d5eaa085/859717592472.png
2297,8568,8755,True,False,唐多令,唐多令,1423596231,江孟翰,陽春白雪,江孟翰,遊戲《陽春白雪》音樂集: 糖果先生 - EP,遊戲《陽春白雪》音樂集: 糖果先生 - EP,Various Artists,16,21,0,21,1,1,1,4,256901,2021-08-25 12:00:00,2025-12-20 12:59:37,2025-01-16 06:10:42,V.M,Mandarin,Dance,Video Game,"Dubstep.MelodicDubstep, Soundtrack.VideoGame.Lanota",1583710907,TWCK12100051,Music115/v4/70/10/1d/70101da5-b822-ae34-f4ba-219ebe9b7707/193017048520.jpg
2298,8570,8757,True,False,Quantum Theory,Quantum Theory,"1488356739, 1626474616, 406470856","RENO, KJ Physical, GUMI","RENO, KJ Physical & NextLight","RENO, KJ Physical",Quantum Theory - Single,Quantum Theory - Single,"RENO, KJ Physical, NextLight",36,40,0,40,1,1,1,1,190312,2024-12-06 12:00:00,2025-12-20 12:58:10,2025-01-16 06:16:36,V.F,Japanese,Dance,Dance,House.FutureHouse,1777951448,TCJPC2430100,Music211/v4/d4/65/b7/d465b7a3-4d98-e6c8-0ab8-e257440344cb/4571640383755_cover.png
2299,8572,8759,False,False,Message,Message,,,Roa,Roa,Message - Single,Message - Single,Roa,5,12,0,12,1,1,1,1,167654,2024-12-27 12:00:00,2025-12-20 12:59:37,2025-01-16 06:16:57,,,,Electronica,,1785492064,QZZ7W2400953,
2300,8574,8761,False,False,It Should Be Me,It Should Be Me,,,Yellowtael,Yellowtael,It Should Be Me - Single,It Should Be Me - Single,Yellowtael,5,10,0,10,1,1,1,1,212667,2024-12-27 12:00:00,2025-12-20 12:58:10,2025-01-16 06:17:04,,,,Dubstep,,1786592215,USA2P2477845,
2301,8576,8763,False,False,一百個未老先衰的方法,一百個未老先衰的方法,,,MC 張天賦,MC Cheung Tinfu,一百個未老先衰的方法 - Single,一百個未老先衰的方法 - Single,MC Cheung Tinfu,10,15,0,15,1,1,1,1,253821,2024-12-01 12:00:00,2025-12-20 12:59:37,2025-01-16 06:17:30,,,,Cantopop/HK-Pop,,1781053262,HKI492408217,
2302,8578,8765,False,False,E.E.J,E.E.J,,,RAM(Koichi Yamazaki),RAM(Koichi Yamazaki),0.0.7,0.0.7,RAM(Koichi Yamazaki) & ASLETICS & PINK PONG,6,10,0,10,1,1,12,16,266084,2024-12-18 12:00:00,2025-12-20 12:58:10,2025-01-16 06:17:51,,,,Electronic,,1771798847,QMDA62459295,
2303,8580,8767,True,False,Kirakira Noel Story!!,Kirakira Noel Story!!,1229173213,Reku Mochizuki,Reku Mochizuki,Reku Mochizuki,Kirakira Noel Story!! - Single,Kirakira Noel Story!! - Single,Reku Mochizuki,35,39,0,39,1,1,1,1,136667,2024-12-25 12:00:00,2025-12-20 12:58:10,2025-01-16 06:18:26,A,-,Dance,Dance,"Hard.HappyCore, Soundtrack.VideoGame.Phigros",1782741655,JPW462468220,Music211/v4/23/fc/1f/23fc1f75-aa84-40cf-0bf1-ac0fc369aafe/4582649413978.jpg
2304,8582,8769,True,False,Ne M'oubliez Pas (feat. KillerBlood),Ne M'oubliez Pas (feat. KillerBlood),"1054074137, 518414617","Triodust, KillerBlood",Triodust,Triodust,Li An,Li An,Triodust,186,222,0,222,1,1,2,15,144682,2020-02-13 12:00:00,2025-12-20 12:59:37,2025-01-19 03:31:26,A,-,Instrumental,Electronic,"Soundtrack.VideoGame.Lanota, Dance.Influenced",1501492858,QZFZ52044506,Music114/v4/e9/8e/49/e98e49f3-1b31-4456-4767-2f901c194f99/artwork.jpg
2305,8584,8771,True,False,ドラマチックじゃなくても,ドラマチックじゃなくても,573780411,花澤香菜,花澤香菜,花澤香菜,追憶と指先,追憶と指先,花澤香菜,15,18,0,18,1,1,5,10,262133,2024-04-10 12:00:00,2025-12-20 12:58:10,2025-01-20 00:44:24,V.F,Japanese,Pop,Anime,Soundtrack.Anime,1735458648,JPPC02213045,Music211/v4/f6/6b/a7/f66ba74a-9a76-1b82-56b7-3e84c983c7ea/PCSP_05775_A.jpg
2306,8588,8775,True,False,未完成ランデヴー,未完成ランデヴー,1617835763,Lezel,Lezel,Lezel,未完成ランデヴー - Single,未完成ランデヴー - Single,Lezel,49,69,0,69,1,1,1,2,176502,2024-07-10 12:00:00,2025-12-20 12:58:10,2025-01-22 13:55:24,V.F,Japanese,Pop,J-Pop,Soundtrack.Anime,1753840468,JPT552400002,Music221/v4/b2/59/03/b2590373-be4c-0d68-6ba2-f1ca182785b0/ANTCD-A0000013548.jpg
2307,8590,8777,True,False,紡ぐ,紡ぐ,1629845141,Tota,Tota,とた,oidaki,oidaki,Tota,78,81,0,81,1,1,10,12,232440,2023-02-01 12:00:00,2025-12-20 12:58:10,2025-01-23 06:24:19,V.F,Japanese,Rock,Pop,,1841492905,JPD862201369,Music211/v4/f5/d9/2d/f5d92d45-b456-2365-7079-866367f8970e/4524135097781.png
2308,8592,8779,True,False,21g,21g,1745990831,LanPage,LanPage,LanPage,Ten Pages,Ten Pages,LanPage,76,101,0,101,1,1,7,10,234462,2025-01-25 12:00:00,2025-12-20 12:59:37,2025-01-25 17:00:43,V.F,Japanese,Dance,Electronic,Bass.FutureBass,1792373248,TCJPD2559591,Music211/v4/83/1c/3a/831c3ae6-3eb6-5339-a6c0-2df6f0153749/4571640814358_cover.png
2309,8594,8781,True,False,Have No Words,Have No Words,1745990831,LanPage,LanPage,LanPage,Ten Pages,Ten Pages,LanPage,149,154,0,154,1,1,10,10,217327,2025-01-25 12:00:00,2025-12-20 12:58:10,2025-01-25 17:04:59,V.F,Japanese,Pop,Electronic,Dance.Influenced,1792373255,TCJPD2559594,Music211/v4/83/1c/3a/831c3ae6-3eb6-5339-a6c0-2df6f0153749/4571640814358_cover.png
2310,8596,8783,True,False,NekovhParavh,NekovhParavh,"1483535568, 1110202240","Sad Keyboard Guy, Gardens",Sad Keyboard Guy & Gardens,Sad Keyboard Guy & Gardens,Procedural Reconstruction of a Forgotten Memory - EP,Procedural Reconstruction of a Forgotten Memory - EP,"Sad Keyboard Guy, Gardens",71,89,0,89,1,1,2,4,417130,2022-04-22 12:00:00,2025-12-20 12:59:37,2025-01-27 07:18:25,A,-,Dance,Electronic,Hard.Hardcore,1620124531,TCAGE2215130,Music122/v4/9e/d5/90/9ed590d4-c6d7-7f73-0e52-a9dcde0e773f/859761629889_cover.jpg
2311,8598,8785,True,False,Sandersonia,サンダーソニア,"1450218337, 1191391882, 1791254857","PIKASONIC, iMeiden, 小花依ある","PIKASONIC, iMeiden & 小花依ある","PIKASONIC, iMeiden & 小花依ある",Sandersonia - Single,サンダーソニア - Single,"PIKASONIC, iMeiden, 小花依ある",32,35,0,35,1,1,1,1,171680,2025-01-28 12:00:00,2025-12-20 12:58:10,2025-01-28 02:33:23,V.F,Japanese,Dance,Electronic,House.ProgressiveHouse,1791261842,TCJPD2550861,Music211/v4/63/fc/e9/63fce949-4d1c-b8d0-1b68-2ae8db387e28/4571640777226_cover.png
2312,8600,8787,True,False,Unbreakable,Unbreakable,1450218337,PIKASONIC,PIKASONIC,PIKASONIC,Unbreakable - Single,Unbreakable - Single,PIKASONIC,48,51,0,51,1,1,1,1,150000,2024-12-20 12:00:00,2025-12-20 12:58:10,2025-01-28 03:32:06,A,-,Dance,Dance,"Bass.FutureBass, Hard.Hardcore",1782803179,QZZ7Q2453189,Music211/v4/86/1d/b4/861db4df-433e-2e07-4a42-b64a1f7d0e66/artwork.jpg
2313,8606,8793,True,False,いつも二人がいいね,いつも二人がいいね,"652019175, 259027262","ミラ, 深森白夜",ミラ(CV:小野友樹) & 深森白夜(CV:中原麻衣),ミラ(CV:小野友樹) & 深森白夜(CV:中原麻衣),「かつて魔法少女と悪は敵対していた。」Music Collection,「かつて魔法少女と悪は敵対していた。」Music Collection,Various Artists,63,68,0,68,1,2,4,6,216280,2024-09-25 12:00:00,2025-12-20 12:58:10,2025-01-30 12:52:30,V.X,Japanese,Pop,Anime,Soundtrack.Anime,1767334422,JPT552400606,Music221/v4/e4/9b/83/e49b832f-818a-21d5-8bad-9729747d0688/ANTCD-A0000014646.jpg
2314,8608,8795,False,False,星々の間で (Piano),星々の間で (Piano),,,RUQOA,RUQOA,星々の間で - Single,星々の間で - Single,RUQOA,7,13,0,13,1,1,3,3,264986,2024-11-17 12:00:00,2025-12-20 12:59:37,2025-02-05 13:25:04,,,,Electronic,,1790545095,GX89G2580432,
2315,8610,8797,True,False,Nights,Nights,1591901430,Sowyn,Sowyn,Sowyn,Nights - Single,Nights - Single,Sowyn,14,20,0,20,1,1,1,1,188452,2025-01-19 12:00:00,2025-12-20 12:58:10,2025-02-05 13:25:21,V.F,English,Dance,House,House.TropicalHouse,1791857788,QZFZ72550488,Music211/v4/18/3c/de/183cde31-6045-75b9-b749-9a4de8c34515/artwork.jpg
2316,8612,8799,False,False,Perfectionist (feat. ANRI Arcane),Perfectionist (feat. ANRI Arcane),,,Ferst,Ferst,Perfectionist (feat. ANRI Arcane) - Single,Perfectionist (feat. ANRI Arcane) - Single,Ferst,7,12,0,12,1,1,1,1,271711,2025-01-11 12:00:00,2025-12-20 12:58:10,2025-02-05 13:25:32,,,,Pop,,1790696704,QZFZ32592780,
2317,8614,8801,False,False,Memory,Memory,,,PYKAMIA,PYKAMIA,Story of Caine - EP,Story of Caine - EP,PYKAMIA,12,19,0,19,1,1,3,5,184870,2025-01-26 12:00:00,2025-12-20 12:59:37,2025-02-05 13:25:44,A,-,Instrumental,Instrumental,,1793273570,TCAJG2514587,
2318,8616,8803,False,False,Keep Me Waiting,Keep Me Waiting,,,"Hoang, CHENDA & Olivver the Kid","Hoang, CHENDA & Olivver the Kid",Heartstrings,Heartstrings,Hoang,8,13,0,13,1,1,8,10,187217,2024-11-15 12:00:00,2025-12-20 12:58:10,2025-02-05 13:26:42,,,,Dance,,1786300316,CA5KR2500217,
2319,8618,8805,True,False,what's the color of happiness?,what's the color of happiness?,1327110881,Milkoi,Milkoi,Milkoi,Anime / Slice of Life,Anime / Slice of Life,"Milkoi, SYA SYA",14,21,0,21,1,1,9,9,175811,2025-01-03 12:00:00,2025-12-20 12:59:37,2025-02-05 13:27:24,A,-,Instrumental,Orchestral,,1777241610,UKZGC2408555,Music211/v4/e9/ef/20/e9ef2072-2ab4-c31f-35ad-9b1307a93911/6d2265c6-132c-470a-836c-fbbee46ede75.jpg
2320,8620,8807,True,False,Forever Young,Forever Young,"1062085272, 725170786","Alan Walker, Phoebe Ryan",Alan Walker,Alan Walker,Forever Young - Single,Walkerworld 2.0,Alan Walker,8,12,0,12,1,2,1,15,178013,2025-01-10 12:00:00,2025-12-20 12:58:10,2025-02-05 13:27:50,V.F,English,Dance,Pop,House.ProgressiveHouse,"1790845017, 1794308689",NOG842502010,Music221/v4/ab/e7/bc/abe7bcbb-8ba9-6138-1f69-753741ff36dd/021865550691.png
2321,8622,8809,True,False,This Whole Time,This Whole Time,"1636927182, 1585228762","SOWARDS, laikd",SOWARDS & laikd,SOWARDS & laikd,This Whole Time - Single,This Whole Time - Single,"SOWARDS, laikd",19,23,0,23,1,1,1,1,185400,2024-11-15 12:00:00,2025-12-20 12:58:10,2025-02-05 13:28:23,V.M,English,Pop,Pop,,1778431737,QMDA72409802,Music211/v4/06/f2/02/06f2024d-6bb2-0fba-b3a9-b824655d175e/198846738253.jpg
2322,8624,8811,False,False,World Burn,World Burn,,,Bllaine & Violyt,Bllaine & Violyt,World Burn - Single,World Burn - Single,Bllaine & Violyt,8,12,0,12,1,1,1,1,173600,2025-01-20 12:00:00,2025-12-20 12:58:10,2025-02-05 13:28:36,,,,Dance,,1788862622,QT3AJ2500013,
2323,8626,8813,False,False,In The End,In The End,,,"MitiS, AMIDY, Crystal Skies & Linney","MitiS, AMIDY, Crystal Skies & Linney",In The End,In The End,"MitiS, AMIDY, Crystal Skies & Linney",8,14,0,14,1,1,1,1,195556,2025-02-03 12:00:00,2025-12-20 12:58:10,2025-02-07 06:26:49,,,,Dance,,1805920506,GBEWA2500090,
2324,8628,8815,True,False,Featherfall (Hyper Potions Remix),Featherfall (Hyper Potions Remix),988162399,Hyper Potions,Minecraft,Hyper Potions,Minecraft: Pixel Genesis,Minecraft: Pixel Genesis,Various Artists,50,58,0,58,1,1,1,12,214839,2024-09-13 12:00:00,2025-12-20 12:58:10,2025-02-08 13:25:14,A,-,Dance,Dance,"Bass.FutureBass, Bass.KawaiiBass",1766333244,USA2P2458593,Music211/v4/ea/9e/a6/ea9ea69b-1cd0-00dc-5797-72607de60306/198704134654_Cover.jpg
2325,8630,8817,True,False,pokopoko (Synthion Remix),pokopoko (Synthion Remix),978885336,Synthion,Minecraft,Synthion,Minecraft: Pixel Genesis,Minecraft: Pixel Genesis,Various Artists,77,90,0,90,1,1,5,12,228900,2024-09-13 12:00:00,2025-12-20 12:59:37,2025-02-08 13:39:51,A,-,Dance,Dance,"Bass.FutureBass, Bass.KawaiiBass",1766333550,USA2P2458597,Music211/v4/ea/9e/a6/ea9ea69b-1cd0-00dc-5797-72607de60306/198704134654_Cover.jpg
2326,8632,8819,True,False,Deeper (Elliot Hsu Remix),Deeper (Elliot Hsu Remix),1048623781,Elliot Hsu,Minecraft,Elliot Hsu,Minecraft: Pixel Genesis,Minecraft: Pixel Genesis,Various Artists,57,91,0,91,1,1,8,12,248640,2024-09-13 12:00:00,2025-12-20 12:59:37,2025-02-08 13:48:18,A,-,Dance,Dance,Hard.Artcore,1766333562,USA2P2458600,Music211/v4/ea/9e/a6/ea9ea69b-1cd0-00dc-5797-72607de60306/198704134654_Cover.jpg
2327,8634,8821,True,False,Precipice (Hyper Potions Remix),Precipice (Hyper Potions Remix),988162399,Hyper Potions,Minecraft,Hyper Potions,Minecraft: Pixel Genesis,Minecraft: Pixel Genesis,Various Artists,50,58,0,58,1,1,12,12,195882,2024-09-13 12:00:00,2025-12-20 12:59:37,2025-02-08 14:02:57,A,-,Dance,Dance,House.FutureHouse,1766334111,USA2P2458604,Music211/v4/ea/9e/a6/ea9ea69b-1cd0-00dc-5797-72607de60306/198704134654_Cover.jpg
2328,8636,8823,True,False,mizuiro,mizuiro,"978885336, 1793148086","Synthion, RuuChan",Synthion & RuuChan,Synthion & RuuChan,mizuiro - EP,mizuiro - EP,"Synthion, RuuChan",40,47,0,47,1,1,1,4,226114,2025-01-31 12:00:00,2025-12-20 12:58:10,2025-02-10 07:05:48,V.F,Japanese,Dance,Electronic,"Bass.FutureBass, Bass.KawaiiBass, Hard.FutureCore","1793148279, 1851291299",QM24S2500536,Music211/v4/e6/7c/e9/e67ce962-eda9-5da4-1b42-36b47e326cad/193436414821_Spotify.jpg
2329,8638,8825,True,False,BOW AND ARROW,BOW AND ARROW,530814268,米津玄師,米津玄師,米津玄師,BOW AND ARROW - Single,BOW AND ARROW - Single,米津玄師,34,41,0,41,1,1,1,1,175727,2025-01-27 12:00:00,2025-12-20 12:59:37,2025-02-10 07:55:13,V.M,Japanese,Pop,J-Pop,Soundtrack.Anime,1790607807,JPU902404585,Music221/v4/93/f9/ff/93f9ff5a-a2d1-6804-8efc-772adde30067/4547366731170.jpg
2330,8640,8827,True,False,Light Leak (feat. ChumuNote),Light Leak (feat. ChumuNote),"1309453685, 1666134373","Capchii, ChumuNote",Capchii,Capchii,Light Leak (feat. ChumuNote) - Single,Light Leak (feat. ChumuNote) - Single,Capchii,29,36,0,36,1,1,1,1,242820,2025-01-17 12:00:00,2025-12-20 12:58:10,2025-02-10 08:35:00,V.F,Japanese,Dance,Dance,Hard.Hardcore,1790182035,TCJPD2543023,Music221/v4/df/e8/84/dfe884e9-c10b-0f6f-06d0-0d4bd74e1e63/4571640751479_cover.png
2331,8642,8829,True,False,Better Off This Way,Better Off This Way,"1712350050, 1262572919, 385934428","Cloudy Parallels, Complexive, Zhou","Cloudy Parallels, Complexive & Zhou","Cloudy Parallels, Complexive & Zhou",Better Off This Way - Single,Better Off This Way - Single,"Cloudy Parallels, Complexive, Zhou",12,19,0,19,1,1,1,1,172286,2025-01-10 12:00:00,2025-12-20 12:58:10,2025-02-12 12:59:03,V.M,English,Dance,Dubstep,Dubstep.MelodicDubstep,1786298021,CA5KR2506957,Music221/v4/a8/63/bd/a863bdfb-0b92-51e6-22b9-a5b917dc3b59/199066308301.jpg
2332,8644,8831,True,False,Beautiful Creatures (feat. MAX),Beautiful Creatures (feat. MAX),"645420096, 838142640","ILLENIUM, MAX",ILLENIUM,ILLENIUM,Awake,Awake,ILLENIUM,13,21,0,21,1,1,12,13,240508,2017-09-21 12:00:00,2025-12-20 12:59:37,2025-02-12 13:39:50,V.M,English,Dance,Electronic,Bass.FutureBass,1701059538,USQY51766818,Music211/v4/3d/8d/01/3d8d0121-7405-13a1-029c-43299592c91d/191515614247.png
2333,8646,8833,True,False,Back To You,Back To You,"645420096, 167375968","ILLENIUM, All Time Low",ILLENIUM & All Time Low,ILLENIUM & All Time Low,ILLENIUM,ILLENIUM,ILLENIUM,13,20,0,20,1,1,14,16,187317,2023-04-28 12:00:00,2025-12-20 12:58:10,2025-02-12 14:19:15,V.M,English,Dance,Dance,Bass.FutureBass,1660942594,USWB12207328,Music113/v4/12/c1/df/12c1dfd9-cb9c-ac45-4b44-0384ea3be827/093624864257.jpg
2334,8648,8835,True,False,Eyes Wide Shut,Eyes Wide Shut,"645420096, 459885, 31070684","ILLENIUM, Avril Lavigne, Travis Barker","ILLENIUM, Avril Lavigne & Travis Barker","ILLENIUM, Avril Lavigne & Travis Barker",ILLENIUM,ILLENIUM,ILLENIUM,13,20,0,20,1,1,6,16,152332,2023-04-28 12:00:00,2025-12-20 12:58:10,2025-02-12 14:22:42,V.F,English,Rock,Dance,,1660942176,USWB12207321,Music113/v4/12/c1/df/12c1dfd9-cb9c-ac45-4b44-0384ea3be827/093624864257.jpg
2335,8650,8837,True,False,Hold On,Hold On,"645420096, 661890239","ILLENIUM, Georgia Ku",ILLENIUM & Georgia Ku,ILLENIUM & Georgia Ku,Ascend,Ascend,ILLENIUM,13,21,0,21,1,1,2,17,235263,2019-08-16 12:00:00,2025-12-20 12:59:37,2025-02-12 14:38:17,V.F,English,Dance,Dance,Bass.MelodicBass,1468053511,USUG11901634,Music125/v4/e0/6e/fb/e06efbad-2c4c-1bd4-a193-72c915de28e2/19UMGIM49969.rgb.jpg
2336,8652,8839,True,False,Sideways,Sideways,"645420096, 956213979, 1060269286","ILLENIUM, Valerie Broussard, NURKO","ILLENIUM, Valerie Broussard & NURKO","ILLENIUM, Valerie Broussard & NURKO",Sideways - Single,Fallen Embers,ILLENIUM,13,21,0,21,1,1,4,14,251831,2021-05-07 12:00:00,2025-12-20 12:59:37,2025-02-12 14:57:22,V.F,English,Dance,Dance,Dubstep.MelodicDubstep,"1564931033, 1572859303",ZZOPM2105395,Music115/v4/5f/12/8f/5f128f6c-3354-b004-c7b4-80763ee92abe/190296673603.jpg
2337,8654,8841,False,False,Die With A Smile,Die With A Smile,,,Lady Gaga & Bruno Mars,Lady Gaga & Bruno Mars,Die With A Smile - Single,Die With A Smile - Single,Lady Gaga & Bruno Mars,11,18,0,18,1,1,1,1,251668,2024-08-16 12:00:00,2025-12-20 12:58:10,2025-02-15 07:59:55,,,,Pop,,1762656732,USUM72409273,
2338,8656,8843,False,False,BIRDS OF A FEATHER,BIRDS OF A FEATHER,,,Billie Eilish,Billie Eilish,HIT ME HARD AND SOFT,HIT ME HARD AND SOFT,Billie Eilish,11,18,0,18,1,1,4,10,210373,2024-05-17 12:00:00,2025-12-20 12:58:10,2025-02-15 08:11:48,,,,Alternative,,1739659142,USUM72401994,
2339,8658,8845,True,False,Somebody to Love Me (feat. Lexi Scatena),Somebody to Love Me (feat. Lexi Scatena),"1462475034, 940201319, 1364579932","SABAI, Synymata, Lexi Scatena",SABAI & Synymata,SABAI & Synymata,North Star,North Star,SABAI,14,22,0,22,1,1,9,14,198500,2024-07-12 12:00:00,2025-12-20 12:59:37,2025-02-15 09:53:17,V.F,English,Dance,Dance,Dubstep.MelodicDubstep,1754658096,CA5KR2472887,Music221/v4/d7/95/6c/d7956c61-05c3-1efe-d023-f0d6bf6ac7d2/723277618135.jpg
2340,8696,8847,True,False,This Passing Night,This Passing Night,1375474357,Sweet Dove,Sweet Dove,Sweet Dove,Ode to a Nightingale,Ode to a Nightingale,Sweet Dove,30,42,0,42,1,1,7,8,332004,2020-06-04 12:00:00,2025-12-20 12:59:37,2025-02-17 20:30:11,A,-,Instrumental,Worldwide,,1516214100,QZHN52030474,Music123/v4/a5/97/58/a5975800-4577-703a-686f-7eba638ca4f3/artwork.jpg
2341,8698,8849,True,False,Pictures (feat. 4s4ki),Pictures (feat. 4s4ki),"1357056919, 1454596506","Neko Hacker, 4s4ki",Neko Hacker,Neko Hacker,Reincarnation - EP,Reincarnation - EP,Neko Hacker,17,25,0,25,1,1,1,4,146441,2020-03-14 12:00:00,2025-12-20 12:59:37,2025-02-17 20:38:10,V.F,Japanese,Dance,Electronic,Bass.FutureBass,1501330164,TCJPK2062142,Music114/v4/6c/e2/e8/6ce2e896-9360-e5fa-f22a-876d385907f1/859755495711_cover.png
2342,8700,8851,True,False,Purity for Life,Purity for Life,1676938685,PYKAMIA,PYKAMIA,PYKAMIA,Purity for Life - Single,"For Life PIANO, Pt. 1",PYKAMIA,38,47,0,47,1,1,23,30,164308,2025-02-10 12:00:00,2025-12-20 12:59:37,2025-02-20 01:38:53,A,-,Instrumental,Instrumental,,"1796135367, 1883290720",TCAJH2552678,Music221/v4/38/08/84/38088425-057e-e1f0-bedf-f698a69095ef/artwork.jpg
2343,8702,8853,True,False,Innocence Keeper,Innocence Keeper,1607971950,Cansol,Cansol,Cansol,Innocence Keeper - Single,Innocence Keeper - Single,Cansol,23,30,0,30,1,1,1,1,154633,2025-01-30 08:00:00,2025-12-20 12:58:10,2025-02-20 03:56:47,A,-,Dance,Electronic,Hard.Hardcore,1795867468,QZFP52401840,Music221/v4/f4/e1/16/f4e1162c-44a3-9e02-6a3a-0757f7b35a0c/085494195678_cover.jpg
2344,8704,8855,True,False,goodbye,goodbye,1566812618,nxvb,nxvb,nxvb,goodbye - Single,goodbye - Single,nxvb,27,36,0,36,1,1,1,1,177600,2025-01-31 12:00:00,2025-12-20 12:58:10,2025-02-20 04:05:57,A,-,Dance,Dubstep,"GlitchHop, Dubstep.Riddim",1794034827,QZDA72569146,Music221/v4/b2/a6/0d/b2a60db7-810b-e335-0b2c-8fa9724294af/artwork.jpg
2345,8706,8857,True,False,Ride on Time,Ride on Time,1610290918,MOKKAI,MOKKAI,MOKKAI,Ride on Time - Single,Ride on Time - Single,MOKKAI,16,25,0,25,1,1,1,1,210527,2025-01-12 12:00:00,2025-12-20 12:59:37,2025-02-20 04:27:18,A,-,Dance,Jungle/Drum'n'bass,DrumNBass,1789749924,QZFYZ2594660,Music211/v4/ec/b5/41/ecb541ec-7d27-1962-f5a7-3e56ae733807/artwork.jpg
2346,8708,8859,True,False,That One Day,That One Day,1327110881,Milkoi,Milkoi,Milkoi,Anime / Slice of Life,Anime / Slice of Life,"Milkoi, SYA SYA",9,20,0,20,1,1,5,9,64079,2025-01-17 12:00:00,2025-12-20 12:59:37,2025-02-20 04:27:19,A,-,Instrumental,Orchestral,,1777241606,UKZGC2409687,Music211/v4/e9/ef/20/e9ef2072-2ab4-c31f-35ad-9b1307a93911/6d2265c6-132c-470a-836c-fbbee46ede75.jpg
2347,8710,8861,True,False,Shape of Us (Studio Ver.),Shape of Us (Studio Ver.),1612016230,capo2,capo2,capo2,Shape of Us (Studio Ver.) - Single,Love Letter - EP,capo2,21,30,0,30,1,1,5,6,230710,2024-11-30 12:00:00,2025-12-20 12:58:10,2025-02-20 04:27:21,V.F,Japanese,Pop,J-Pop,,"1782642562, 1800409340",TCJPC2485927,Music221/v4/5c/a2/c3/5ca2c380-cb16-c640-2e39-2a26ff1fca2d/4550706256455_cover.jpg
2348,8712,8863,True,False,Won't Love Again,Won't Love Again,"1390336398, 1485181337","CHENDA, SadBois",CHENDA & SadBois,CHENDA & SadBois,Won't Love Again - Single,Won't Love Again - Single,"CHENDA, SadBois",59,83,0,83,1,1,1,1,223333,2025-01-17 12:00:00,2025-12-20 12:59:37,2025-02-27 14:25:32,V.M,English,Dance,Bass,Bass.MelodicBass,1783029157,QZZEB2456803,Music211/v4/0d/76/2e/0d762ed2-6e9f-a2c7-8ba8-03079c6c29b5/198937282191_cover.jpg
2349,8714,8865,True,False,Change Me,Change Me,"1391033175, 1735766987","Aaron Shirk, ary kemler",Aaron Shirk & ary kemler,Aaron Shirk & ary kemler,Apollo - Single,My Nightmares - EP,Aaron Shirk,84,118,0,118,1,1,1,4,219600,2025-01-31 12:00:00,2025-04-07 05:38:59,2025-02-27 14:34:15,V.F,English,Dance,Dubstep,Dubstep.MelodicDubstep,"1791594677, 1813680044",QZFZ62507708,Music221/v4/74/36/f3/7436f308-3a09-0b20-5168-55a9eacda45b/artwork.jpg
2350,8716,8867,True,False,Hello,Hello,1375474357,Sweet Dove,Sweet Dove,Sweet Dove,Why hello. It has been a while hasn't it?,Why hello. It has been a while hasn't it?,Sweet Dove,42,54,0,54,1,1,2,8,182000,2024-12-24 12:00:00,2025-12-20 12:59:37,2025-02-27 14:50:47,A,-,Instrumental,New Age,,1787172264,QT3EY2497773,Music221/v4/77/63/d0/7763d0df-36ea-3243-c3ca-d1d611fb7cd6/artwork.jpg
2351,8718,8869,True,False,Myth,Myth,1258929747,acloudyskye,acloudyskye,acloudyskye,This Won't Be The Last Time,This Won't Be The Last Time,acloudyskye,19,29,0,29,1,1,2,9,241948,2025-02-04 12:00:00,2025-12-20 12:58:10,2025-02-27 15:04:18,V.M,English,Rock,Rock,,1796912835,QZZ7N2471539,Music211/v4/e9/c4/38/e9c43893-e743-269a-6a47-c11120717177/artwork.jpg
2352,8720,8871,True,False,Meltovt Necrosys,Meltovt Necrosys,1515281179,Halv,Halv,Halv,Meltovt Necrosys - Single,Meltovt Necrosys - Single,Halv,104,120,0,120,1,1,1,1,145143,2025-02-03 12:00:00,2025-12-20 12:59:37,2025-03-01 11:25:11,V.F,English,Dance,Electronic,Hard.JCore,1794044866,TCJPD2577579,Music211/v4/e9/cc/9c/e9cc9c00-1188-e7d7-776b-c3c1c2a65a62/4571640886379_cover.png
2353,8722,8873,True,False,Daisy Crown,Daisy Crown,1546570378,Empty old City,Empty old City & 鳴潮先約電台,Empty old City,Daisy Crown - Single,Strings in Owl,Empty old City,31,43,0,43,1,1,7,10,196467,2025-02-22 12:00:00,2025-12-20 12:58:10,2025-03-01 11:38:00,V.F,Japanese,Pop,J-Pop,,"1797256280, 1888375912",CNZ022500070,Music211/v4/9c/bb/9a/9cbb9ab0-7092-feb4-e352-23fcc4ca4fb7/4573696007333.jpg
2354,8724,8875,True,False,境界線 .✧,境界線 .✧,"1566812618, 314247790","nxvb, 巡音流歌",nxvb,nxvb,境界線 .✧ / before u go - Single,境界線 .✧ / before u go - Single,nxvb,22,34,0,34,1,1,1,2,183140,2025-02-07 12:00:00,2025-12-20 12:58:10,2025-03-01 13:15:17,V.F,Japanese,Dance,Dance,DrumNBass,1797183721,QZES92574456,Music211/v4/12/4f/8b/124f8bef-3972-c24e-b55e-d8c99c465398/artwork.jpg
2355,8726,8877,True,False,Straight Into You,Straight Into You,"1714368950, 1657954341","Ton Magie, RoaNn",Ton Magie & RoaNn,Ton Magie & RoaNn,Straight Into You - Single,Straight Into You - Single,"Ton Magie, RoaNn",36,48,0,48,1,1,1,1,202500,2025-02-15 12:00:00,2025-12-20 12:58:10,2025-03-01 13:22:22,V.F,English,Dance,Electronic,House.SlapHouse,1794935968,TCJPD2584635,Music221/v4/0a/07/d7/0a07d74b-6ddc-efc6-2210-3d34789573ad/4571640930539_cover.png
2356,8728,8879,True,False,Love Let Me Go,Love Let Me Go,"867638609, 432647731","Said The Sky, Dia Frampton",Said The Sky & Dia Frampton,Said The Sky & Dia Frampton,Love Let Me Go - Single,Love Let Me Go - Single,"Said The Sky, Dia Frampton",18,30,0,30,1,1,1,1,241921,2025-02-21 12:00:00,2025-12-20 12:58:10,2025-03-01 13:49:20,V.F,English,Dance,Electronic,DrumNBass,1794105734,NL8RL2502427,Music211/v4/82/c0/37/82c037be-46a1-42ce-26c3-d41dd4d6a660/8721253600565.png
2357,8732,8883,False,False,Sparkling Starlight,Sparkling Starlight,,,Fujiyori & まより,Fujiyori & まより,Sparkling Starlight - Single,Sparkling Starlight - Single,Fujiyori & まより,4,16,0,16,1,1,1,1,169371,2025-01-27 12:00:00,2025-12-20 12:58:10,2025-03-06 12:44:13,,,,J-Pop,,1791568735,AUBEC2519519,
2358,8734,8885,True,False,Last Song,Last Song,"1062085272, 414067643","Alan Walker, Faouzia",Alan Walker & 凡希亞,Alan Walker & Faouzia,Walkerworld 2.0,Walkerworld 2.0,Alan Walker,4,16,0,16,1,2,2,15,153208,2025-01-10 12:00:00,2025-12-20 12:58:10,2025-03-06 13:24:43,V.F,English,Pop,Electronic,Dance.Influenced,1794308693,NOG842501030,Music221/v4/ab/e7/bc/abe7bcbb-8ba9-6138-1f69-753741ff36dd/021865550691.png
2359,8736,8887,False,False,01,01,,,紙崎ねい,紙崎ねい,01 - Single,01 - Single,Kamisaki Nei,3,17,0,17,1,1,1,1,272000,2025-03-01 12:00:00,2025-12-20 12:58:10,2025-03-13 13:20:14,,,,Anime,,1798939597,TCJPE2523894,
2360,8738,8889,False,False,Ainohoshi,Ainohoshi,,,Tacitly,Tacitly,Planet of Love - Single,Planet of Love - Single,Tacitly,4,19,0,19,1,1,1,3,228063,2025-02-22 12:00:00,2025-12-20 12:58:10,2025-03-13 13:36:50,V.F,Japanese,Rock,Anime,,1796308871,JPZ922500506,
2361,8740,8891,False,False,Set Me Free,Set Me Free,,,Codeko,Codeko,Set Me Free - Single,Set Me Free - Single,Codeko,3,17,0,17,1,1,1,1,204361,2025-02-28 12:00:00,2025-12-20 12:58:10,2025-03-13 14:33:01,,,,Dance,,1795881306,CA5KR2511622,
2362,8742,8893,False,False,Lie To Me,Lie To Me,,,Ventaria & Adalaide Adams,Ventaria & Adalaide Adams,Lie To Me - Single,Lie To Me - Single,Ventaria & Adalaide Adams,3,16,0,16,1,1,1,1,147188,2025-01-24 12:00:00,2025-12-20 12:58:10,2025-03-13 14:36:40,,,,Dance,,1787855381,USA2P2478339,
2363,8744,8895,False,False,Someone That I Needed (with Dia Frampton),Someone That I Needed,,,Jason Ross & Dia Frampton,Jason Ross & Dia Frampton,1000 Faces,1000 Faces,Jason Ross,2,16,0,16,1,1,4,10,254414,2020-01-24 12:00:00,2025-12-20 12:59:37,2025-03-16 09:03:44,,,,Dance,,1806728205,GBEWA1903294,
2364,8746,8897,False,False,Feels Like (feat. Lousy),Feels Like (feat. Lousy),,,Cerus & 3LUME,Cerus & 3LUME,Feels Like (feat. Lousy) - Single,Feels Like (feat. Lousy) - Single,Cerus & 3LUME,2,16,0,16,1,1,1,1,207887,2024-04-12 12:00:00,2025-12-20 12:59:37,2025-03-16 09:19:22,,,,Dubstep,,1738894600,USA2P2418344,
2365,8748,8899,False,False,Our Identity,Our Identity,,,ナナツカゼ,ナナツカゼ,Our Identity - Single,Our Identity - Single,Nanatsukaze,2,16,0,16,1,1,1,1,222273,2025-02-02 12:00:00,2025-12-20 12:58:10,2025-03-19 05:40:18,,,,Electronic,,1791916590,TCJPD2556141,
2366,8750,8901,True,False,Crown of Thistles (feat. GLITCHDROID),Crown of Thistles (feat. GLITCHDROID),"1366383804, 1726969991","Aika, GLITCHDROID",Aika,Aika,Crown of Thistles (feat. GLITCHDROID) - Single,Aika,Aika,3,16,0,16,1,1,22,25,307355,2025-03-07 12:00:00,2025-12-20 12:58:10,2025-03-19 16:02:30,V.F,English,Pop,Rock,Rock.Influenced,"1798352101, 1805480142",QZHN52553633,Music211/v4/ce/52/14/ce5214e7-0403-6636-4268-2142ef496256/artwork.jpg
2367,8752,8903,True,False,forever (want this feeling),forever (want this feeling),"1019528519, 635597663","GhostDragon, Alina Renae",GhostDragon & Alina Renae,GhostDragon & Alina Renae,forever (want this feeling) - Single,fragments of us,"GhostDragon, Alina Renae",16,29,0,29,1,1,3,8,237474,2025-03-07 12:00:00,2025-12-20 12:59:37,2025-03-19 16:28:39,V.F,English,Dance,Dubstep,Bass.FutureBass,"1797279835, 1804423221",USA2P2507682,Music221/v4/5b/f9/4d/5bf94dbe-6d32-065d-0ba3-4370e25627c3/198704432033_Cover.jpg
2368,8754,8905,False,False,You're Not Alone (feat. Ali Schwartz),You're Not Alone (feat. Ali Schwartz),,,Kosling & NONIK,Kosling & NONIK,You're Not Alone (feat. Ali Schwartz) - Single,You're Not Alone (feat. Ali Schwartz) - Single,Kosling & NONIK,3,15,0,15,1,1,1,2,200988,2025-02-21 12:00:00,2025-12-20 12:58:10,2025-03-19 16:47:33,,,,Dance,,1796219787,NLUW22502694,
2369,8756,8907,False,False,Cruise,Cruise,,,Jay Ocean,Jay Ocean,Islands - EP,Islands - EP,Jay Ocean,3,18,0,18,1,1,1,6,127826,2025-02-21 12:00:00,2025-12-20 12:59:37,2025-03-19 16:53:05,,,,Electronic,,1794496228,CAHQJ2581277,
2370,8758,8909,False,False,before u go,before u go,,,nxvb,nxvb,境界線 .✧ / before u go - Single,境界線 .✧ / before u go - Single,nxvb,4,16,0,16,1,1,2,2,188000,2025-02-07 12:00:00,2025-12-20 12:58:10,2025-03-19 17:21:02,,,,Dance,,1797183722,QZES92574457,
2371,8760,8911,False,False,Until Dawn,Until Dawn,,,A.L.I.S.O.N,A.L.I.S.O.N,Until Dawn - Single,Until Dawn - Single,A.L.I.S.O.N,2,16,0,16,1,1,1,2,163200,2024-05-03 12:00:00,2025-12-20 12:59:37,2025-03-26 13:52:16,,,,Electronic,,1737815540,UKZGC2402797,
2372,8762,8913,True,False,All The Time,All The Time,"1391033175, 1445893763, 1503500173","Aaron Shirk, Ehallz, Sergina","Aaron Shirk, Ehallz & Sergina","Aaron Shirk, Ehallz & Sergina",All The Time - Single,All The Time - Single,"Aaron Shirk, Ehallz, Sergina",22,54,0,54,1,1,1,1,265600,2024-11-22 12:00:00,2025-04-07 05:38:59,2025-03-26 14:10:11,V.F,English,Dance,Dubstep,Dubstep.MelodicDubstep,1775890406,QZWFU2409984,Music221/v4/3c/71/99/3c7199c3-243a-cb67-0bfb-02c7b4ee120f/artwork.jpg
2373,8764,8915,True,False,Evanescent (feat. SOLARIA),Evanescent (feat. SOLARIA),"1366383804, 1604618142","Aika, SOLARIA",Aika,Aika,Evanescent (feat. SOLARIA) - Single,Aika,Aika,1,13,0,13,1,1,20,25,283250,2024-12-06 12:00:00,2025-12-20 12:58:10,2025-03-26 17:17:10,V.F,English,Pop,Pop,,"1780109146, 1805480140",QZZ7K2400416,Music211/v4/ce/52/14/ce5214e7-0403-6636-4268-2142ef496256/artwork.jpg
2374,8766,8917,True,False,Summit (feat. GUMI),Summit (feat. GUMI),"1366383804, 406470856","Aika, GUMI",Aika,Aika,Summit (feat. GUMI) - Single,Aika,Aika,1,14,0,14,1,1,4,25,232857,2024-04-05 12:00:00,2025-12-20 12:59:37,2025-03-26 17:54:21,V.F,English,Pop,House,Dance.Influenced,"1733875839, 1805480124",QZES92442218,Music211/v4/ce/52/14/ce5214e7-0403-6636-4268-2142ef496256/artwork.jpg
2375,8768,8919,False,False,Heart Race,Heart Race,,,Fly By Midnight,Fly By Midnight,Heart Race - Single,Heart Race - Single,Fly By Midnight,1,15,0,15,1,1,1,1,205132,2025-03-14 12:00:00,2025-12-20 12:59:37,2025-03-27 12:36:09,,,,Pop,,1794595982,QM24S2500651,
2376,8770,8921,False,False,Let It Rain,Let It Rain,,,Zack Gray & LUVIUM,Zack Gray & LUVIUM,Let It Rain - Single,Let It Rain - Single,Zack Gray & LUVIUM,1,13,0,13,1,1,1,2,265600,2025-02-21 12:00:00,2025-12-20 12:59:37,2025-03-27 12:36:43,,,,Electronic,,1794930323,QZL382543930,
2377,8772,8923,False,False,Complicated (feat. Abby Ports),Complicated (feat. Abby Ports),,,Peace Reyes,Peace Reyes,Complicated (feat. Abby Ports) - Single,Complicated (feat. Abby Ports) - Single,Peace Reyes,1,13,0,13,1,1,1,1,165804,2025-03-13 12:00:00,2025-12-20 12:58:10,2025-03-27 12:36:57,,,,Pop,,1800146258,QT2VB2513304,
2378,8774,8925,False,False,夏に焦がれて (feat. KAFU),夏に焦がれて (feat. 可不),,,Roca,Roca,夏に焦がれて (feat. KAFU) - Single,夏に焦がれて (feat. KAFU) - Single,Roca,1,12,0,12,1,1,1,1,215063,2025-03-07 12:00:00,2025-12-20 12:59:37,2025-03-27 12:39:00,,,,Electronic,,1800401439,JP92N2510277,
2379,8776,8927,False,False,Light Pillar,Light Pillar,,,utumiyqcom & BHS Svve,utumiyqcom & BHS Svve,Light Pillar - Single,Light Pillar - Single,utumiyqcom & BHS Svve,1,13,0,13,1,1,1,1,122125,2025-02-05 12:00:00,2025-12-20 12:59:37,2025-03-27 12:39:12,,,,Hip-Hop/Rap,,1792131668,JPP302500011,
2380,8778,8929,False,False,心臓,心臓,,,DUSTCELL,DUSTCELL,心臓 - Single,心臓 - Single,DUSTCELL,1,13,0,13,1,1,1,1,222633,2025-02-19 12:00:00,2025-12-20 12:58:10,2025-03-27 12:39:37,,,,J-Pop,,1794105014,JPB602500439,
2381,8780,8931,False,False,Brave Shine,Brave Shine,,,Aimer,Aimer,DAWN,DAWN,Aimer,2,14,0,14,1,1,10,13,233493,2015-06-03 12:00:00,2025-12-20 12:59:37,2025-03-29 07:37:59,,,,J-Pop,,1536130474,JPU901501303,
2382,8782,8933,False,False,Cutover (feat. Alfakyun.),Cutover (feat. Alfakyun.),,,marasy,marasy,Cutover (feat. Alfakyun.) - Single,Cutover (feat. Alfakyun.) - Single,marasy,2,12,0,12,1,1,1,1,170870,2023-02-15 12:00:00,2025-12-20 12:59:37,2025-03-29 09:30:39,,,,J-Pop,,1668933379,JPT362300004,
2383,8784,8935,False,False,雪降り ~雪が降っている~ (feat. 結月ゆかり) [Full Ver.],雪降り ~雪が降っている~ (feat. 結月ゆかり) [Full Ver.],,,AiSS & NE1516Hz,AiSS & NE1516Hz,雪降り ~雪が降っている~ (feat. 結月ゆかり) [Full Ver.] - Single,雪降り ~雪が降っている~ (feat. 結月ゆかり) [Full Ver.] - Single,AiSS & NE1516Hz,2,13,0,13,1,1,1,1,223077,2024-12-30 12:00:00,2025-12-20 12:59:37,2025-04-01 05:48:55,,,,Pop,,1787920273,CBF8B2479043,
2384,8786,8937,False,False,今年も「雪降り、メリクリ」目指して頑張ります!!,今年も「雪降り、メリクリ」目指して頑張ります!!,,,"AiSS, 華牧狸 & 夜輪","AiSS, 华牧狸 & 夜轮",今年も「雪降り、メリクリ」目指して頑張ります!! - Single,今年も「雪降り、メリクリ」目指して頑張ります!! - Single,"AiSS, 华牧狸 & 夜轮",1,2,0,2,1,1,1,3,225897,2023-04-19 12:00:00,2025-12-20 12:58:10,2025-04-01 05:50:31,,,,Pop,,,,
2385,8788,8939,True,False,It's Okay (feat. Luma),It's Okay Not to Be Okay (feat. Luma),"1365607775, 1740165982, 132347710","Sineself, waytides, Luma",Sineself & waytides,Sineself & waytides,It's Okay (feat. Luma) - Single,It's Okay Not to Be Okay (feat. Luma) - Single,"Sineself, waytides",1,20,0,20,1,1,1,1,207750,2025-03-07 12:00:00,2025-12-20 12:58:10,2025-04-01 13:18:38,V.F,English,Dance,Electronic,Bass.FutureBass,1816426563,TCAJQ2541846,Music211/v4/f1/65/5d/f1655ddb-bed9-4627-aac6-7ae7909b36d8/859707229159_cover.jpg
2386,8790,8941,True,False,My Place,My Place,"1568744342, 1450218337, 1581072401, 1554415171","電音部, PIKASONIC, なこたんまる, 鳳凰火凛",電音部、PIKASONIC、nakotanmaru、鳳凰火凛 (CV: 健屋花那),"電音部, PIKASONIC, なこたんまる & 鳳凰火凛 (CV: 健屋花那)",My Place - Single,My Place - Single,"電音部, PIKASONIC, なこたんまる",0,65,0,65,1,1,1,3,185813,2025-03-10 12:00:00,2025-12-20 12:58:10,2025-04-03 05:00:31,V.F,Japanese,Dance,Electronic,"Bass.FutureBass, Hard.JCore",1799885372,JPR502505770,Music211/v4/97/0e/df/970edf1a-49d7-c746-808e-603b8db38e71/PA00165730_0_217349_jacket.jpg
2387,8792,8943,False,False,Unwind 2025,Unwind 2025,,,Infowler,Infowler,Unwind 2025 - Single,Unwind 2025 - Single,Infowler,0,10,0,10,1,1,1,1,305167,2025-03-19 12:00:00,2025-12-20 12:58:10,2025-04-03 05:38:58,,,,House,,1849712636,QM42K2573107,
2388,8794,8945,False,False,Never Let You Go,Never Let You Go,,,Runos,Runos,Never Let You Go / Beside You - Single,Never Let You Go / Beside You - Single,Runos,0,10,0,10,1,1,1,2,398293,2025-03-22 12:00:00,2025-12-20 12:58:10,2025-04-03 05:39:52,,,,Trance,,1803753259,CACWV2596699,
2389,8796,8947,False,False,Crave U,Crave U,,,SoLush,SoLush,GNSLH - Single,GNSLH - Single,SoLush,0,9,0,9,1,1,2,3,177781,2025-02-14 12:00:00,2025-12-20 12:58:10,2025-04-03 05:40:23,,,,Dubstep,,1796613006,QZES82543063,
2390,8798,8949,False,False,Breakfast special,Breakfast special,,,culenasm,culenasm,Breakfast special - Single,Breakfast special - Single,culenasm,0,11,0,11,1,1,1,1,121615,2025-03-19 12:00:00,2025-12-20 12:58:10,2025-04-03 05:41:40,,,,Rock,,1798401667,JPP302500150,
2391,8800,8951,False,False,Affinity,Affinity,,,Jay Ocean,Jay Ocean,Flow State,Flow State,Jay Ocean,0,13,0,13,1,1,5,11,150261,2025-01-17 12:00:00,2025-12-20 12:59:37,2025-04-03 05:43:00,,,,Electronic,,1772929161,US38Y2425813,
2392,8802,8953,False,False,figure all this out!,figure all this out!,,,Keplr,Keplr,figure all this out! - Single,figure all this out! - Single,Keplr,0,11,0,11,1,1,1,1,195400,2025-03-21 12:00:00,2025-12-20 12:58:10,2025-04-03 05:44:07,,,,Electronic,,1798423107,GX8LD2571707,
2393,8820,8955,False,False,Refrain,Refrain,,,"rinahamu, capo2 & KOTONOHOUSE","rinahamu, capo2 & KOTONOHOUSE",Refrain - Single,Refrain - Single,"rinahamu, capo2 & KOTONOHOUSE",0,13,0,13,1,1,1,1,170824,2025-03-23 12:00:00,2025-12-20 12:59:37,2025-04-10 15:01:01,,,,Electronic,,1801407528,TCJPE2568327,
2394,8822,8957,False,False,SCAPEGOAT,SCAPEGOAT,,,DUSTCELL,DUSTCELL,SCAPEGOAT - Single,SCAPEGOAT - Single,DUSTCELL,0,12,0,12,1,1,1,1,158600,2025-02-26 12:00:00,2025-12-20 12:58:10,2025-04-10 15:01:55,,,,J-Pop,,1795885765,JPB602500443,
2395,8824,8959,False,False,Inner Spark,Inner Spark,,,Kirara Magic,Kirara Magic,Inner Spark - Single,Inner Spark - Single,Kirara Magic,0,10,0,10,1,1,1,1,226391,2025-03-28 12:00:00,2025-12-20 12:59:37,2025-04-10 15:04:23,,,,Funk,,1803367777,QZK6N2537418,
2396,8826,8961,False,False,Wait for You,Wait for You,,,Ton Magie,Ton Magie,Wait for You - Single,Wait for You - Single,Ton Magie,0,12,0,12,1,1,1,1,223125,2025-03-31 12:00:00,2025-12-20 12:59:37,2025-04-10 15:05:59,,,,House,,1805102012,TCJPF2554609,
2397,8828,8963,False,False,Soft,Soft,,,Nota,Nota.,Nota. Classic.,Nota. Classic.,Nota.,0,12,0,12,1,1,20,20,142280,2025-04-02 12:00:00,2025-12-20 12:59:37,2025-04-10 15:06:16,,,,Instrumental,,1806042913,TCJPF2582006,
2398,8830,8965,False,False,Ghosthvck,Ghosthvck,,,Getty,Getty,Ghosthvck - Single,Ghosthvck - Single,Getty,0,15,0,15,1,1,1,1,155250,2025-03-31 12:00:00,2025-12-20 12:58:10,2025-04-10 15:07:00,,,,Dance,,1804473220,TCJPF2535699,
2399,8832,8967,False,False,SCOPE,SCOPE,,,Aimer,Aimer,SCOPE - Single,SCOPE - Single,Aimer,0,11,0,11,1,1,1,5,179856,2025-01-08 12:00:00,2025-12-20 12:58:10,2025-04-10 15:12:31,,,,Anime,,1793739413,JPU902404160,
2400,22323,8969,True,False,Summer Night (feat. Kanae Asaba) [DJ Noriken Remix],Summer Night (feat. 淺場佳苗) [DJ Noriken Remix],"251617589, 525935895, 484365136","Polyphonix, 淺場佳苗, DJ Noriken",Polyphonix,Polyphonix,Polyphonix Remixes Collection,Polyphonix Remixes Collection,Polyphonix,0,34,0,34,1,1,1,11,311000,2018-08-10 12:00:00,2025-12-20 12:59:37,2025-04-14 15:31:56,V.F,English,Dance,Dance,Hard.JCore,1424105341,JPR501822926,Music118/v4/b2/c4/8a/b2c48a48-496c-dbc8-1cd5-39dd37862a5e/ADSR-0017.jpg
2401,,8971,False,False,,CRAZY FOR YOU,,,,Lemon Yakishio (CV: Shion Wakayama),,"""Makeine: Too Many Losing Heroines!"" Makeine Cheering! Cover Song Collection",Various Artists,0,19,0,19,1,1,2,8,245275,2024-08-11 12:00:00,2025-12-20 12:58:10,2025-04-20 16:32:05,V.F,Japanese,Rock,Anime,Soundtrack.Anime,1767554160,JPE302400508,
2402,,8973,True,False,,Leap (feat. 魔花ふしぎ),"1568653367, 1687106031","DoubleLift, 魔花ふしぎ",,DoubleLift,,Star (feat. あずきうい & 魔花ふしぎ),DoubleLift,0,36,0,36,1,1,8,9,178500,2023-04-30 12:00:00,2025-12-20 12:59:37,2025-04-23 03:52:04,V.F,Japanese,Dance,Electronic,Trap,1687106039,JP92N2329802,Music126/v4/30/41/df/3041dfd8-53aa-b37c-fd70-150e58b75dc7/bigup13601060.jpg
2403,,8975,True,False,,Overrun (feat. 初音未來),"1348411573, 307078957","Twinfield, 初音未來",,Twinfield,,NX ENCHANT,NextLight,0,44,0,44,1,1,2,10,271059,2022-06-22 12:00:00,2025-12-20 12:59:37,2025-04-23 04:10:58,V.F,Japanese,Dance,Electronic,"House.FutureHouse, Dubstep.Riddim",1628086280,JP92Q2200300,Music122/v4/9c/9f/75/9c9f7580-2fa4-0548-14e8-e99f63e8922c/4511820-95584.jpg
2404,,8981,False,False,,Still Love You (feat. RANASOL),,,,Pure 100%,,Run / Still Love You - Single,Pure 100%,0,16,0,16,1,1,2,2,181600,2025-01-29 12:00:00,2025-12-20 12:59:37,2025-04-27 14:47:12,,,,Dance,,1789682286,GBUM92400160,
2405,,8983,False,False,,Hold On,,,,Osn & Patrick Brasca,,Hold On - Single,Osn & Patrick Brasca,0,9,0,9,1,1,1,1,180122,2024-06-14 12:00:00,2025-12-20 12:59:37,2025-04-27 15:10:25,,,,Mandopop,,1750685691,DGA052432626,
2406,,8985,False,False,,Need U,,,,MOKKAI,,Need U - Single,MOKKAI,0,10,0,10,1,1,1,1,186208,2025-04-18 12:00:00,2025-12-20 12:59:37,2025-04-28 00:20:24,,,,Electronica,,1808644102,QZMEP2560985,
2407,,8987,True,False,,Reminisce,"867638609, 1161476048","Said The Sky, Taylor Acorn",,Said The Sky & Taylor Acorn,,Reminisce - Single,"Said The Sky, Taylor Acorn",0,21,0,21,1,1,1,1,165345,2025-04-11 12:00:00,2025-12-20 12:59:37,2025-04-28 00:28:50,V.F,English,Dance,Electronic,Bass.FutureBass,1802708980,NL8RL2507414,Music221/v4/e8/b4/43/e8b4432a-30ef-8253-bdfa-7b6697f7b7cb/8721253816362.png
2408,,8989,True,False,,Apollo,1391033175,Aaron Shirk,,Aaron Shirk,,My Nightmares - EP,Aaron Shirk,0,17,0,17,1,1,2,4,201600,2025-02-21 12:00:00,2025-12-20 12:59:37,2025-04-28 00:36:28,V.M,English,Dance,Dubstep,Dubstep.MelodicDubstep,"1805979250, 1813680045",QZFZ72509272,Music221/v4/74/36/f3/7436f308-3a09-0b20-5168-55a9eacda45b/artwork.jpg
2409,,8991,False,False,,Different Places (feat. Jaime Deraz),,,,Bllaine & TARK,,Different Places (feat. Jaime Deraz) - Single,Bllaine & TARK,0,18,0,18,1,1,1,1,188571,2025-04-18 12:00:00,2025-12-20 12:59:37,2025-04-28 01:09:57,V.F,English,Dance,Dance,Dubstep.MelodicDubstep,1802563278,QT3AJ2500020,
2410,,8993,True,False,,蠢動 -syundo-,1612016230,capo2,,capo2,,蠢動 -Syundo- - Single,capo2,0,13,0,13,1,1,1,1,185047,2025-04-17 12:00:00,2025-12-20 12:59:37,2025-04-28 01:10:01,V.F,Japanese,Pop,Pop,,1808849090,TCJPG2538533,Music221/v4/25/05/a3/2505a3cb-13c7-940f-feea-570cef15d388/4550707794376_cover.jpg
2411,,8995,False,False,,Won't Be The Same,,,,Dabin,,Aura Park,Dabin,0,15,0,15,1,1,1,13,182013,2025-04-18 12:00:00,2025-12-20 12:59:37,2025-04-28 01:10:08,,,,Pop,,1807399751,CA5KR2519582,
2412,,8997,False,False,,Sugar!!!,,,,Aika,,Sugar!!! - Single,Aika,0,15,0,15,1,1,1,1,256500,2019-11-15 12:00:00,2025-12-20 12:59:37,2025-04-28 16:35:27,,,,Dance,,1485180202,QZHN91924183,
2413,,8999,True,False,,It All Starts Right Now,1450107287,Mameyudoufu,,Mameyudoufu,,Stream Friendly 03,Mameyudoufu,0,35,0,35,1,1,1,7,212375,2025-04-28 12:00:00,2025-12-20 12:59:37,2025-04-29 13:39:38,V.F,English,Dance,Electronic,House.Complextro,1810613225,TCJPG2575141,Music221/v4/f1/8b/a1/f18ba16e-827f-1d70-605e-61c3631edc06/4550708109827_cover.jpg
2414,,9001,True,False,,I Ran Out of Ideas (Sad),1450107287,Mameyudoufu,,Mameyudoufu,,Stream Friendly 03,Mameyudoufu,0,109,0,109,1,1,6,7,236432,2025-04-28 12:00:00,2025-12-20 12:59:37,2025-04-29 13:56:25,A,-,Dance,Electronic,"Hard.HappyCore, Hard.FutureCore",1810613470,TCJPG2575165,Music221/v4/f1/8b/a1/f18ba16e-827f-1d70-605e-61c3631edc06/4550708109827_cover.jpg
2415,,9007,True,False,,"World Love (feat. 2d_end, Eileen & pyaniX) [Teknikvlt Remix]","1590588009, 1585498455, 1621838419, 1815981783, 1333675376","Hamuza, Teknikvlt, 2d_end, Eileen, pyaniX",,Hamuza & Teknikvlt,,"World Love (Teknikvlt Remix) [feat. 2d_end, Eileen & pyaniX] - Single","Hamuza, Teknikvlt",0,103,0,103,1,1,1,1,329627,2023-09-04 12:00:00,2025-12-20 12:59:37,2025-05-05 12:59:45,V.M,English,Dance,Electronic,Dubstep.Riddim,1704092997,AUMEV2397939,Music126/v4/7e/0f/b8/7e0fb806-4519-180c-83fd-f125589c47df/137445.jpg
2416,,9009,True,False,,Cool Me Down,"1437839651, 314247790","Mwk, 巡音流歌",,Mwk & 巡音流歌,,Cool Me Down - EP,"Mwk, 巡音流歌",0,120,0,120,1,1,1,6,193103,2025-05-04 12:00:00,2025-12-20 12:59:37,2025-05-05 13:29:33,V.F,Japanese,Dance,Dance,DrumNBass,"1703764350, 1808865883",JP92Q2502163,Music221/v4/f5/23/37/f5233755-199e-44bb-f28d-925f0abf3d48/4511820-60848.jpg
2417,,9011,True,False,,Until Debut! (feat. 重音テト),"1510864504, 473862838","Assertive, 重音テト",,Assertive,,Until Debut! - EP,Assertive,0,36,0,36,1,1,1,4,323118,2025-04-27 12:00:00,2025-12-20 12:59:37,2025-05-08 14:16:05,V.F,English,Dance,Hardcore,Hard.Hardcore,1807299185,QZK6F2589613,Music211/v4/54/b1/6c/54b16cc4-1bc4-44a5-1e82-8a9a128fab22/artwork.jpg
2418,,9013,True,False,,偶像と悪魔 (feat. 70D),"1501664220, 1852921389","他人事, 70D",,他人事,,Idol&Devil (feat. 70D) - Single,他人事,0,48,0,48,1,1,1,1,183529,2025-04-11 12:00:00,2025-12-20 12:59:37,2025-05-08 15:00:33,V.F,Japanese,Dance,Anime,Trap,1807904867,TCJPG2519797,Music211/v4/04/28/15/042815b0-92ed-0086-67e0-de3fbe5d4559/4550707660176_cover.jpg
2419,,9015,True,False,,Re: Summer (feat. アイロボ),"1465842940, 1029036519","Juggernaut., アイロボ",,Juggernaut.,,Re: Summer Feat.アイロボ - Single,Juggernaut.,0,92,0,92,1,1,1,2,317601,2025-05-03 12:00:00,2025-12-20 12:59:37,2025-05-09 16:26:48,V.F,Japanese,Dance,Hardcore,Hard.Hardcore,1812232199,CAGOO2503096,Music221/v4/0e/02/aa/0e02aac8-b474-728a-3248-c6a621e83f13/990591138490.png
2420,,9017,True,False,,Night Bloom,"489858182, 274124666, 1603311740","Dabin, Blanke, Lø Spirit",,"Dabin, Blanke & Lø Spirit",,Aura Park,Dabin,0,23,0,23,1,1,6,13,217613,2025-04-18 12:00:00,2025-12-20 12:59:37,2025-05-13 14:19:42,V.M,English,Dance,Dance,"Dubstep.MelodicDubstep, Rock.Influenced",1807400031,CA5KR2519586,Music211/v4/a1/a6/e1/a1a6e103-35c5-ea30-90b4-404894d460ff/220.jpg
2421,,9019,True,False,,Don't Look Down,"1391033175, 1097985554","Aaron Shirk, Nicole Apollonio",,Aaron Shirk & Nicole Apollonio,,My Nightmares - EP,Aaron Shirk,0,96,0,96,1,1,3,4,230400,2025-04-25 12:00:00,,2025-05-13 15:06:46,V.F,English,Dance,Dubstep,Dubstep.MelodicDubstep,"1805979251, 1813680046",QZK6H2525721,Music221/v4/74/36/f3/7436f308-3a09-0b20-5168-55a9eacda45b/artwork.jpg
2422,,9025,False,False,,Waiting On This Day Forever,,,,"William Black, Siberia & Freja The Dragon",,Waiting On This Day Forever - Single,"William Black, Siberia & Freja The Dragon",0,14,0,14,1,1,1,2,212625,2025-05-09 12:00:00,2025-12-20 12:59:37,2025-05-21 05:38:38,,,,Dubstep,,1809058277,CA5KR2527715,
2423,,9027,True,False,,Fragments,"1513459267, 1051980059","SPIRIT LINK, Malin Horsevik",,SPIRIT LINK & Malin Horsevik,,Fragments - Single,"SPIRIT LINK, Malin Horsevik",0,21,0,21,1,1,1,1,246400,2025-05-02 12:00:00,2025-12-20 12:59:37,2025-05-21 05:39:52,V.M,English,Dance,Electronic,Dubstep.MelodicDubstep,1808514551,QZS632547699,Music211/v4/73/01/43/73014338-8a06-4f0a-ee3d-f6a0c69c0815/199348089911_cover.jpg
2424,,9029,False,False,,i wish you never loved me (feat. She Is Jules),,,,GhostDragon & MKC,,fragments of us,GhostDragon,0,18,0,18,1,1,7,8,228252,2025-04-11 12:00:00,2025-12-20 12:59:37,2025-05-21 05:40:00,V.F,English,Dance,Dubstep,Dubstep.MelodicDubstep,1804423237,USA2P2513979,
2425,,9031,False,False,,Safe Space,,,,KLAXX,,Safe Space - Single,KLAXX,0,11,0,11,1,1,1,1,187399,2025-05-02 12:00:00,2025-12-20 12:59:37,2025-05-21 05:44:15,,,,Dubstep,,1803388335,NLRD52424982,
2426,,9033,True,False,,Suffocating,1658230156,Pine Creek Academy,,Pine Creek Academy,,Liminal,Pine Creek Academy,0,27,0,27,1,1,6,7,183625,2025-05-02 12:00:00,2025-12-20 12:59:37,2025-05-21 05:44:24,V.M,English,Rock,Hard Rock,,"1804751847, 1847978566",QZTRX2505325,Music221/v4/7a/46/d4/7a46d432-4915-32aa-d7a5-475ec9830b0c/199502693367_cover.jpg
2427,,9035,True,False,,Light It Up!,1515868022,柚子花,,柚子花,,Light It Up! - Single,柚子花,0,39,0,39,1,1,1,1,261275,2025-05-15 12:00:00,2025-12-20 12:59:37,2025-05-21 05:45:00,V.F,Japanese,Dance,Electronic,"Bass.FutureBass, Hard.FutureCore",1813800924,TCJPH2540088,Music211/v4/d8/87/62/d8876202-3a74-cca6-d72a-399dd5e2a452/4550708699496_cover.jpg
2428,,9037,True,False,,アカシアを芽咲して (feat. MIRA),"1589007274, 1507708004","流星のサイトシーイング, MIRA",,流星のサイトシーイング,,Acacia Buds in Bloom - Single,流星のサイトシーイング,0,20,0,20,1,1,1,2,130465,2025-05-10 12:00:00,2025-12-20 12:59:37,2025-05-21 05:45:39,V.F,Japanese,Rock,Anime,,1813567446,TCJPH2534492,Music221/v4/d7/1e/93/d71e935d-4b4a-8a00-910e-1bea2c4d4d3e/4550708638341_cover.png
2429,,9039,True,False,,Photos,1612016230,capo2,,capo2,,Love Letter - EP,capo2,0,86,0,86,1,1,2,6,177913,2025-03-14 12:00:00,2025-12-20 12:59:37,2025-05-21 05:45:47,V.F,Japanese,Pop,Pop,Rock.Influenced,1800408996,TCJPE2542040,Music221/v4/5c/a2/c3/5ca2c380-cb16-c640-2e39-2a26ff1fca2d/4550706256455_cover.jpg
2430,,9041,True,False,,Sunrise,1609545753,Kei Morimoto,,Kei Morimoto,,STORIES vol.4,Kei Morimoto,0,15,0,15,1,1,9,13,104762,2025-04-20 12:00:00,2025-12-20 12:59:37,2025-05-21 05:45:58,A,-,Dance,Electronic,House.ProgressiveHouse,"1809508234, 1872301330",TCJPG2548457,Music221/v4/52/f2/38/52f238eb-21c6-40e6-2c39-ce948e3e88e2/4550752882134_cover.png
2431,,9045,True,False,,Mind Enhancement,1450218337,PIKASONIC,,PIKASONIC,,Mind Enhancement - Single,PIKASONIC,0,158,0,158,1,1,1,1,143333,2025-05-23 12:00:00,2025-12-20 12:59:37,2025-05-25 15:11:16,A,-,Dance,Hardcore,Hard.Hardcore,1813974742,QZNWY2588470,Music211/v4/67/0d/d2/670dd23e-e21b-57f2-3cbb-bf77dcfbc97d/artwork.jpg
2432,,9047,True,False,,Voltage,1693317438,TWLGHT,,TWLGHT,,Voltage - Single,TWLGHT,0,64,0,64,1,1,1,1,202286,2025-05-09 12:00:00,2025-12-20 12:59:37,2025-05-29 05:31:11,A,-,Dance,Dubstep,Dubstep.MelodicDubstep,1813109347,QZNWW2571857,Music221/v4/6a/2f/39/6a2f390f-0b0e-ac8a-c35f-e935404449e3/artwork.jpg
2433,,9049,True,False,,Moonwalker (feat. アイロボ),"1465842940, 1029036519","Juggernaut., アイロボ",,Juggernaut.,,Moonwalker Feat.アイロボ - Single,Juggernaut.,0,61,0,61,1,1,1,2,210333,2025-05-02 12:00:00,2025-12-20 12:59:37,2025-05-29 05:31:50,V.F,Japanese,Dance,Hardcore,Hard.JCore,1812037991,CAENV2599548,Music221/v4/19/2e/a1/192ea10c-ee0c-81d6-3c6f-a43b9a6906c8/990591109223.png
2434,,9051,True,False,,冷徹たるアルバ (Hype Edit.),1515281179,Halv,,Halv,,Khronostasis & Katharsis,Halv,0,61,0,61,1,1,6,14,181683,2025-05-02 12:00:00,2025-12-20 12:59:37,2025-05-29 05:32:29,A,-,Dance,Electronic,Hard.Hardcore,1811117263,TCJPG2581049,Music221/v4/e0/a6/46/e0a6464e-933d-98f8-8727-f0b561cc66cf/4550708217041_cover.png
2435,,9053,True,False,,Hello Again (feat. NishiHaru & shizuki),"515215253, 1810587606, 1815420039","Sprite Recordings, NishiHaru, shizuki",,Sprite Recordings,,Hello Again - EP,Sprite Recordings,0,201,0,201,1,1,1,5,234000,2025-04-27 12:00:00,2025-12-20 12:59:37,2025-05-29 05:46:30,V.F,Japanese,Rock,J-Pop,,1810605785,TCJPG2575343,Music211/v4/af/0b/5a/af0b5a29-f9ea-cd7b-1230-b3f1697e1e35/4550708106901_cover.png
2436,,9055,True,False,,Photographs (feat. nokio),"489858182, 1800084057","Dabin, nokio",,Dabin,,Aura Park,Dabin,0,141,0,141,1,1,13,13,308987,2025-04-18 12:00:00,2025-12-20 12:59:37,2025-05-29 05:46:38,V.M,English,Dance,Dance,DrumNBass,1807400192,CA5KR2519589,Music211/v4/a1/a6/e1/a1a6e103-35c5-ea30-90b4-404894d460ff/220.jpg
2437,,9063,True,False,,Symptoms (feat. Luma),"476609914, 132347710","MitiS, Luma",,MitiS,,Symptoms (feat. Luma) - Single,MitiS,0,27,0,27,1,1,1,1,226452,2025-05-23 12:00:00,2025-12-20 12:59:37,2025-06-02 14:57:02,V.F,English,Dance,Electronic,Dubstep.MelodicDubstep,"1806759421, 1822816163",CA5KR2527741,Music211/v4/c5/63/1a/c5631a40-6adb-b0cf-9a0f-d303bffad068/663918175170.jpg
2438,,9065,True,False,,透明な君 (2025 Remastered),1110002531,nayuta,,nayuta,,想い、紡いで,nayuta,0,37,0,37,1,1,2,15,326912,2025-04-27 12:00:00,2025-12-20 12:59:37,2025-06-02 15:17:06,V.F,Japanese,Pop,J-Pop,,1815426469,TCJPH2572585,Music211/v4/ff/2f/e4/ff2fe42d-c982-df2e-4f1c-b1a54a4aa71c/4550708985230_cover.jpg
2439,,9067,True,False,,Am I Wrong?,1612016230,capo2,,capo2,,Love Letter - EP,capo2,0,63,0,63,1,1,3,6,184333,2025-03-14 12:00:00,2025-12-20 12:59:37,2025-06-02 16:24:51,V.F,Japanese,Pop,Pop,Rock.Influenced,1800409004,TCJPE2542048,Music221/v4/5c/a2/c3/5ca2c380-cb16-c640-2e39-2a26ff1fca2d/4550706256455_cover.jpg
2440,,9069,True,False,,alpha Ionone,1564537172,打打だいず,,打打だいず,,祝福のアクセラウェーブ,打打だいず,0,31,0,31,1,1,6,7,160540,2025-05-23 12:00:00,2025-12-20 12:59:37,2025-06-08 12:14:25,A,-,Dance,Electronic,Hard.Artcore,1815910701,TCJPH2582341,Music211/v4/70/63/94/7063943d-67e6-4012-4e4e-deda0dd14bcc/4550709057820_cover.png
2441,,9071,True,False,,Entropy Effect,"1163297121, 1540592038","DraGonis, Byozon",,DraGonis & Byozon,,Entropy Effect - Single,"DraGonis, Byozon",0,59,0,59,1,1,1,1,205091,2025-05-02 12:00:00,2025-12-20 12:59:37,2025-06-12 12:11:40,V.F,Japanese,Dance,Electronic,DrumNBass,1812176343,SE6XY2574110,Music211/v4/60/c4/7a/60c47a81-dad9-dece-9094-ac78cdd5b412/7300344546305.jpg
2442,,9073,True,False,,Save My Life (feat. L8NCY),"350247425, 1531980701, 313447623, 1622118150","Caslow, ELUDE, Vanthe, L8NCY",,"Caslow, ELUDE & Vanthe",,Save My Life (feat. L8ncy) - Single,"Caslow, ELUDE, Vanthe",0,38,0,38,1,1,1,1,208568,2025-05-28 12:00:00,2025-12-20 12:59:37,2025-06-12 12:12:04,V.F,English,Dance,Dubstep,"Dubstep.MelodicDubstep, Dubstep.Brostep",1816160350,QZHCR2500027,Music211/v4/2f/3c/93/2f3c930b-4bdc-b422-4e20-bbcf853da510/810060816943.png
2443,,9075,True,False,,Deepest Water (feat. Syd Taylor),"489858182, 1766436200","Dabin, Syd Taylor",,Dabin,,Aura Park,Dabin,0,53,0,53,1,1,3,13,192227,2025-04-18 12:00:00,2025-12-20 12:59:37,2025-06-12 12:12:23,V.F,English,Dance,Dance,Bass.FutureBass,1807399757,CA5KR2519584,Music211/v4/a1/a6/e1/a1a6e103-35c5-ea30-90b4-404894d460ff/220.jpg
2444,,9077,False,False,,for you (feat. peac.e),,,,Keplr,,for you (feat. peac.e) - Single,Keplr,0,17,0,17,1,1,1,1,179375,2025-04-18 12:00:00,2025-12-20 12:59:37,2025-06-12 12:13:33,,,,Electronic,,1807234235,GX38U2538449,
2445,,9079,True,False,,Million Miles Away,"1773581329, 1590946772","SENDIRI, KELIZA",,SENDIRI & KELIZA,,Million Miles Away - Single,"SENDIRI, KELIZA",0,24,0,24,1,1,1,1,218750,2025-05-23 12:00:00,2025-12-20 12:59:37,2025-06-12 12:14:25,V.F,English,Dance,Dubstep,Dubstep.MelodicDubstep,1811370824,QZNWT2523591,Music211/v4/3a/dc/5d/3adc5d5d-d878-a79c-4e96-a436823eee88/artwork.jpg
2446,,9081,False,False,,Khronostasis Katharsis - Alternative -,,,,Halv,,Khronostasis & Katharsis,Halv,0,14,0,14,1,1,13,14,132766,2025-05-02 12:00:00,2025-12-20 12:59:37,2025-06-12 12:16:30,,,,Electronic,,1811117753,TCJPG2581061,
2447,,9083,True,False,,Man Down,"461065242, 956701098, 1185989591","Seven Lions, YDG, Bella Renee",,"Seven Lions, YDG & Bella Renee",,Man Down - Single,"Seven Lions, YDG, Bella Renee",0,28,0,28,1,1,1,1,212571,2025-05-30 12:00:00,2025-12-20 12:59:37,2025-06-12 12:18:43,V.F,English,Dance,Electronic,Dubstep.MelodicDubstep,1812127958,CA5KR2532013,Music211/v4/70/11/64/701164a7-743f-a216-0ab0-c7c04bbefbdc/663918221044.jpg
2448,,9087,True,False,,Blue Layers,"309978627, 307078957","Clean Tears, 初音未來",,Clean Tears & 初音未來,,Blue Layers - EP,"Clean Tears, 初音未來",0,47,0,47,1,1,1,4,228813,2025-05-23 12:00:00,2025-12-20 12:59:37,2025-06-21 12:42:34,V.F,Japanese,Dance,Dance,Trance,1813064166,JP92Q2502243,Music221/v4/9f/c6/3c/9fc63cef-8982-a96a-f4a4-6de93cacf04d/4511820-60890.jpg
2449,,9089,False,False,,Nightmare,,,,"William Black, Fairlane & Amidy",,Nightmare - Single,"William Black, Fairlane & Amidy",0,11,0,11,1,1,1,1,240000,2025-06-13 12:00:00,2025-12-20 12:59:37,2025-06-25 23:34:50,,,,Dubstep,,1814558204,CA5KR2532870,
2450,,9091,True,False,,Northern Star (feat. Luma),"957104875, 1531980701, 132347710","KEPIK, ELUDE, Luma",,KEPIK & ELUDE,,Northern Star (feat. Luma) - Single,"KEPIK, ELUDE",0,30,0,30,1,1,1,1,283894,2025-05-30 12:00:00,2025-12-20 12:59:37,2025-06-25 23:34:54,V.F,English,Dance,Dance,Dubstep.MelodicDubstep,1811283448,NL8RL2519198,Music211/v4/01/46/1c/01461c9d-451d-f967-dad6-8ede3519092e/8721215208631.png
2451,,9093,True,False,,Constellation,"489858182, 1145820017","Dabin, FRND",,Dabin & FRND,,Aura Park,Dabin,0,48,0,48,1,1,2,13,217280,2025-04-18 12:00:00,2025-12-20 12:59:37,2025-06-28 01:18:01,V.M,English,Rock,Pop,,1807399754,CA5KR2519583,Music211/v4/a1/a6/e1/a1a6e103-35c5-ea30-90b4-404894d460ff/220.jpg
2452,,9095,True,False,,Take You Back,"1612016230, 1606089347","capo2, EAERAN",,capo2 & EAERAN,,Take You Back - Single,"capo2, EAERAN",0,68,0,68,1,1,1,1,165429,2025-06-19 12:00:00,2025-12-20 12:59:37,2025-07-02 04:32:50,V.X,Japanese,Pop,Alternative,Dance.Influenced,1821112229,TCJPI2596782,Music211/v4/1e/24/88/1e248878-c913-129d-46a8-df76aab93efd/4550710024842_cover.png
2453,,9097,True,False,,ユースフォビア,1689699559,shew,,Shew,,ユースフォビア,shew,0,55,0,55,1,1,1,9,239926,2025-06-11 07:00:00,2025-12-20 12:59:37,2025-07-02 04:37:57,V.M,Japanese,Rock,Alternative,,1817157205,JPG102501121,Music221/v4/18/7c/8b/187c8b64-6c7e-0861-a1bf-d8dfc4d52004/4525853691893.jpg
2454,,9099,False,False,,Pupu6,,,,iVy,,Confused Apatite,iVy,0,11,0,11,1,1,4,13,136498,2025-06-18 12:00:00,2025-12-20 12:59:37,2025-07-02 23:27:43,,,,Alternative,,1818514958,TCJPI2538012,
2455,,9101,True,False,,Need You Again,"1485181337, 1478739371, 430614703","SadBois, ROY KNOX, Jake Neumar",,"SadBois, ROY KNOX & Jake Neumar",,Need You Again - Single,"SadBois, ROY KNOX, Jake Neumar",0,32,0,32,1,1,1,1,236842,2025-06-24 12:00:00,2025-12-20 12:59:37,2025-07-02 23:27:55,V.M,English,Dance,Electronic,Dubstep.MelodicDubstep,"1821237824, 1870912069",GB2LD2510313,Music211/v4/7d/9e/22/7d9e227c-55dd-d498-8930-51f09bdbe252/5055199578668.png
2456,,9103,True,False,,Somewhere Better (feat. Monika Santucci),"1740165982, 1547931909, 695232897","waytides, JONJEN, Monika Santucci",,waytides & JONJEN,,Somewhere Better (feat. Monika Santucci) - Single,"waytides, JONJEN",0,63,0,63,1,1,1,1,171636,2025-05-09 12:00:00,2025-12-20 12:59:37,2025-07-02 23:28:07,V.F,English,Dance,Dubstep,"Bass.FutureBass, DrumNBass",1808625499,USA2P2518068,Music221/v4/cd/26/53/cd265395-d79c-41cd-5837-9d9a58bb696e/198704466755_Cover.jpg
2457,,9105,True,False,,The Crown,5785202,Linney,,Linney,,The Crown - Single,Linney,0,34,0,34,1,1,1,1,184628,2025-06-13 12:00:00,2025-12-20 12:59:37,2025-07-02 23:28:17,V.F,English,Dance,Dance,"Trance, Pop.Influenced","1817588810, 1860682403",CA5KR2536187,Music221/v4/3a/bf/b8/3abfb832-9062-2a1f-8296-a1ce875db3de/663918270677.jpg
2458,,9107,True,False,,Alone,1513785424,SHUNTA,,SHUNTA,,Decorate,SHUNTA,0,21,0,21,1,1,5,10,157168,2025-04-27 12:00:00,2025-12-20 12:59:37,2025-07-02 23:29:49,A,-,Dance,Electronic,House.ProgressiveHouse,1810152173,TCJPG2565615,Music221/v4/70/4f/3f/704f3f43-6836-8d43-eb93-2b4fadcbf4ad/4550708049017_cover.png
2459,,9109,True,False,,トラフ (feat. にんじん from ロクデナシ),"1068102412, 1490407142","TAKU INOUE, にんじん",,TAKU INOUE,,FUTARI - EP,TAKU INOUE,0,49,0,49,1,1,2,5,188096,2025-06-25 12:00:00,2025-12-20 12:59:37,2025-07-02 23:30:04,V.F,Japanese,Pop,J-Pop,Rock.Influenced,1820897513,JPTF02516301,Music211/v4/97/b5/f0/97b5f01c-be8e-afb5-3e4a-3c3d9ef2f4da/TFCC-81126.jpg
2460,,9111,True,False,,Anchor,1712325488,kobato,,kobato,,-LONG - EP,kobato,0,53,0,53,1,1,5,5,171360,2025-06-20 12:00:00,2025-12-20 12:59:37,2025-07-02 23:30:36,A,-,Instrumental,Electronic,,1821601913,JP92N2528821,Music211/v4/ef/39/5e/ef395ef1-6096-f5a8-e2a8-c3bdf9789557/bigup14099388.jpg
2461,,9113,True,False,,Crying On The Dancefloor,492328395,Krewella,,Krewella,,Crying On The Dancefloor - Single,Krewella,0,31,0,31,1,1,1,1,258600,2025-06-09 12:00:00,2025-12-20 12:59:37,2025-07-02 23:31:23,V.F,English,Dance,Dance,"Trance, Pop.Influenced",1814581220,USA2P2523718,Music221/v4/00/72/73/007273c1-9ea5-faf8-3dd2-5c561ea1d433/198704513602_Cover.jpg
2462,,9115,False,False,,Back Into Strangers,,,,"Home By Dawn, Astraye & Meggie York",,Back Into Strangers - Single,"Home By Dawn, Astraye & Meggie York",0,12,0,12,1,1,1,1,199385,2025-05-23 12:00:00,2025-12-20 12:59:37,2025-07-02 23:31:49,,,,Dubstep,,1811243961,USA2P2520596,
2463,,9117,True,False,,ひとひらを紡いで,1110002531,nayuta,,nayuta,,想い、紡いで,nayuta,0,22,0,22,1,1,1,15,240839,2025-04-27 12:00:00,2025-12-20 12:59:37,2025-07-02 23:32:05,V.F,Japanese,Rock,J-Pop,,1815426466,TCJPH2572581,Music211/v4/ff/2f/e4/ff2fe42d-c982-df2e-4f1c-b1a54a4aa71c/4550708985230_cover.jpg
2464,,9119,True,False,,Kalmia (feat. 朝比奈こん),"1589007274, 1533615656","流星のサイトシーイング, 朝比奈こん",,流星のサイトシーイング,,Kalmia - Single,流星のサイトシーイング,0,90,0,90,1,1,1,2,258968,2025-03-31 12:00:00,2025-12-20 12:59:37,2025-07-02 23:32:15,V.F,Japanese,Pop,J-Pop,,1805411550,TCJPF2554182,Music221/v4/a0/0d/4b/a00d4bc1-8acc-b5c6-8929-a7d3f8511ec8/4550707238931_cover.png
2465,,9121,True,False,,Hate You More,"1530328486, 1391033175, 1097985554","H4RRIS, Aaron Shirk, Nicole Apollonio",,"H4RRIS, Aaron Shirk & Nicole Apollonio",,Hate You More - Single,"H4RRIS, Aaron Shirk, Nicole Apollonio",0,25,0,25,1,1,1,1,147000,2025-06-27 12:00:00,2025-12-20 12:59:37,2025-07-11 00:25:28,V.F,English,Dance,Electronic,Bass.FutureBass,1816856881,QZTGW2405166,Music211/v4/68/bd/65/68bd65b2-aed7-070c-257f-a207bde04ba4/663918263204.jpg
2466,,9123,True,False,,Breathe,1535258211,Jay Ocean,,Jay Ocean,,Breathe - Single,Jay Ocean,0,29,0,29,1,1,1,1,200156,2025-06-06 12:00:00,2025-12-20 12:59:37,2025-07-11 00:25:58,A,-,Dance,House,House.AmbientHouse,1816854884,GX53U2516342,Music221/v4/27/ec/72/27ec7251-1e8f-7828-370f-9a3294f18be8/5063655770341_cover.jpg
2467,,9125,False,False,,Silent Remorse (feat. Shimizu Aiyu),,,,Connexio,,Silent Remorse (feat. Shimizu Aiyu) - Single,Connexio,0,14,0,14,1,1,1,1,317691,2025-06-27 12:00:00,2025-12-20 12:59:37,2025-07-16 23:24:38,,,,Electronic,,1822931921,TCJPJ2532842,
2468,,9127,True,False,,Everything We've Been Through,"1748896941, 1660493022","Nightsirens, Lost Ashes",,Nightsirens & Lost Ashes,,Everything We've Been Through - Single,"Nightsirens, Lost Ashes",0,20,0,20,1,1,1,1,207300,2025-06-20 12:00:00,2025-12-20 12:59:37,2025-07-16 23:45:44,V.F,English,Dance,Dubstep,"Dubstep.MelodicDubstep, Rock.Influenced",1820287309,QZTB32570325,Music211/v4/04/e0/64/04e064d1-cfef-461b-be69-ca41ad95c82e/artwork.jpg
2469,,9129,True,False,,Coalescence,"1471933128, 1187762750","Adomiori, 音街鰻",,Adomiori & 音街鰻,,Insert title here - EP,"Adomiori, 音街鰻",0,19,0,19,1,1,5,5,142674,2025-06-11 12:00:00,2025-12-20 12:59:37,2025-07-16 23:50:03,V.F,Japanese,Pop,Electronic,Dance.Influenced,1817548686,JP92Q2502376,Music211/v4/ef/19/2c/ef192c0d-9924-ea0a-e1bc-8e51f2f4948b/4511820-60949.jpg
2470,,9131,False,False,,Is Anyone There,,,,Between Cities,,Is Anyone There - Single,Between Cities,0,10,0,10,1,1,1,1,203591,2025-05-30 12:00:00,2025-12-20 12:59:37,2025-07-17 09:57:34,,,,Rock,,1811571805,ESA012568228,
2471,,9133,False,False,,WantU2Go,,,,CADMIUM & CHENDA,,WantU2Go - Single,CADMIUM & CHENDA,0,16,0,16,1,1,1,1,212800,2025-06-27 12:00:00,2025-12-20 12:59:37,2025-07-17 10:01:20,,,,Electronic,,1819278682,AUMEV2592950,
2472,,9135,False,False,,Touchdown (feat. Valid Point.),,,,Aaron Shirk & Julian Dae,,Touchdown (feat. Valid Point.) - Single,Aaron Shirk & Julian Dae,0,6,0,6,1,1,1,1,235035,2022-10-21 12:00:00,2025-12-20 12:59:37,2025-07-21 04:01:13,,,,Electronic,,1646627924,QZS632214522,
2473,,9137,False,False,,Do You Remember (feat. Aaron Shirk) [Aaron Shirk Remix],,,,H4RRIS & Nicole Apollonio,,Do You Remember (Remixes) - Single,H4RRIS & Nicole Apollonio,0,6,0,6,1,1,3,3,213517,2022-08-10 12:00:00,2025-12-20 12:59:37,2025-07-21 04:11:45,,,,Dance,,1634797225,GB2LD2210247,
2474,,9139,False,False,,Dahlia (feat. 初音未來),,,,Mwk,,"La Blanche (feat. 初音未來, 音街鰻, IA, 巡音流歌 & 鏡音玲)",Buono,0,6,0,6,1,1,4,13,208800,2025-07-11 12:00:00,2025-12-20 12:59:37,2025-07-21 23:31:17,,,,Pop,,1823815951,JP92Q2502438,
2475,,9141,False,False,,Hollow,,,,"Dabin, Kai Wachi & Lø Spirit",,Aura Park,Dabin,0,16,0,16,1,1,8,13,240333,2023-01-12 12:00:00,2025-12-20 12:59:37,2025-07-22 11:36:35,,,,Dance,,1807400038,CA5KR2316765,
2476,,9143,False,False,,Stay With Me,,,,Dabin & VELVETEARS,,Aura Park,Dabin,0,15,0,15,1,1,11,13,189720,2025-04-18 12:00:00,2025-12-20 12:59:37,2025-07-22 11:45:51,,,,Dance,,1807400189,CA5KR2519588,
2477,,9145,True,False,,"Flawless (feat. iu, ハヤテ & suu)","1505501034, 1594119749, 1823798315, 1823798348, 1729758389","natsume, sikurano, iu, ハヤテ, suu",,natsume & sikurano,,"Flawless (feat. iu, ハヤテ & suu) - Single","natsume, sikurano",0,31,0,31,1,1,1,1,211724,2025-07-01 12:00:00,2025-12-20 12:59:37,2025-07-22 12:15:48,V.F,Japanese,Dance,Electronic,DrumNBass,1823814478,TCJPJ2547541,Music211/v4/8e/aa/7b/8eaa7ba9-39c9-33c4-0e0c-ae4560f9c531/4550710464006_cover.png
2478,,9147,False,False,,Who Am I Now,,,,Synymata & GLNNA,,Who Am I Now - Single,Synymata & GLNNA,0,16,0,16,1,1,1,1,261333,2025-06-20 12:00:00,2025-12-20 12:59:37,2025-07-22 12:37:24,,,,Dubstep,,1817282660,NL8RL2523271,
2479,,9149,False,False,,Gentle Fiends,,,,Smiling Quietly Underneath Internal Radical Melancholy & Olivver the Kid,,Squirm - - EP,Smiling Quietly Underneath Internal Radical Melancholy & Olivver the Kid,0,11,0,11,1,1,2,4,233349,2025-07-04 12:00:00,2025-12-20 12:59:37,2025-07-22 12:45:38,,,,Alternative,,1819661071,QZWDE2597062,
2480,,9151,False,False,,Here's to Hope,,,,"Orlost, UNDEFYND & RUNN",,Here's to Hope - Single,"Orlost, UNDEFYND & RUNN",0,11,0,11,1,1,1,1,212500,2025-05-23 12:00:00,2025-12-20 12:59:37,2025-07-22 12:51:59,,,,Dance,,1807494650,NL8RL2516394,
2481,,9153,False,False,,アリストテレス、いつかまた,,,,Adomiori,,"Aristotle, Again Someday - Single",Adomiori & NextLight,0,13,0,13,1,1,1,1,157969,2025-07-05 12:00:00,2025-12-20 12:59:37,2025-07-31 05:49:06,,,,Dance,,1824085885,TCJPJ2513944,
2482,,9155,True,False,,Ethereal,1513785424,SHUNTA,,SHUNTA,,Decorate,SHUNTA,0,45,0,45,1,1,9,10,151981,2025-04-27 12:00:00,2025-12-20 12:59:37,2025-07-31 05:54:31,A,-,Dance,Electronic,"Bass.FutureBass, Bass.KawaiiBass",1810152198,TCJPG2565722,Music221/v4/70/4f/3f/704f3f43-6836-8d43-eb93-2b4fadcbf4ad/4550708049017_cover.png
2483,,9157,False,False,,Come Back Home,,,,KRUS3,,Come Back Home - EP,KRUS3,0,11,0,11,1,1,1,6,248276,2025-07-03 12:00:00,2025-12-20 12:59:37,2025-07-31 06:15:00,,,,Dance,,1824317361,QZTBC2551285,
2484,,9159,False,False,,A truth seeker -Communication with Utopia will be lost-,,,,KURO,,A truth seeker -Communication with Utopia will be lost- - Single,KURO,0,9,0,9,1,1,1,1,120583,2024-05-07 12:00:00,2025-12-20 12:59:37,2025-08-05 08:22:03,,,,Electronic,,1741702948,JPW462413697,
2485,,9161,False,False,,街角とスキップと不思議なエンカウンター,,,,KURO,,"Street Corners, Skips and Mysterious Encounters - Single",KURO,0,19,0,19,1,1,1,1,265395,2024-05-07 12:00:00,2025-12-20 12:59:37,2025-08-05 12:41:04,A,-,Dance,Electronic,Hard.Hardcore,1741702795,JPW462413695,
2486,,9163,True,False,,Vitreous Heart (from Masterpiece 01),1384950117,KURO,,KURO,,Re[Collection] 01,KURO,0,44,0,44,1,1,5,20,229621,2025-06-04 12:00:00,2025-12-20 12:59:37,2025-08-06 01:56:33,A,-,Dance,Electronic,Hard.Hardcore,1815655059,JPW462584190,Music211/v4/14/04/c1/1404c157-3e15-489c-8db1-e0a756bae5a9/4573694694320.jpg
2487,,9165,True,False,,OPEN YOUR EYES (from Masterpiece03),1384950117,KURO,,KURO,,Re[Collection] 01,KURO,0,55,0,55,1,1,7,20,223676,2025-06-04 12:00:00,2025-12-20 12:59:37,2025-08-06 02:52:21,A,-,Dance,Electronic,Hard.Hardcore,1815655181,JPW462584192,Music211/v4/14/04/c1/1404c157-3e15-489c-8db1-e0a756bae5a9/4573694694320.jpg
2488,,9167,True,False,,Even if we never see each other again.,1384950117,KURO,,KURO,,Re[Collection] 01,KURO,0,86,0,86,1,1,8,20,152896,2025-06-04 12:00:00,2025-12-20 12:59:37,2025-08-06 02:54:06,A,-,Dance,Electronic,Dubstep.MelodicDubstep,1815655182,JPW462584193,Music211/v4/14/04/c1/1404c157-3e15-489c-8db1-e0a756bae5a9/4573694694320.jpg
2489,,9169,False,False,,after it rains.,,,,KURO,,Recollection 01,KURO,0,16,0,16,1,1,20,20,159032,2025-06-04 12:00:00,2025-12-20 12:59:37,2025-08-06 03:28:33,,,,Electronic,,1815655194,JPW462584205,
2490,,9171,False,False,,Remind Me (feat. Donna Tella),,,,Caslow & JOSS,,Remind Me (feat. Donna Tella) - Single,Caslow & JOSS,0,15,0,15,1,1,1,1,183272,2025-07-23 12:00:00,2025-12-20 12:59:37,2025-08-07 09:45:48,,,,Dance,,1824005427,GBUM92500075,
2491,,9173,False,False,,Highway To Heaven (Radio Edit),,,,MrWhite,,Highway To Heaven - Single,MrWhite,0,8,0,8,1,1,1,2,210000,2025-07-25 12:00:00,2025-12-20 12:59:37,2025-08-07 13:42:31,,,,House,,1822040080,QZTB72567409,
2492,,9175,False,False,,Close to Closure,,,,"CADMIUM, AWON & Shawn O'Donnell",,Close to Closure - Single,"CADMIUM, AWON & Shawn O'Donnell",0,15,0,15,1,1,1,1,216000,2025-08-01 12:00:00,2025-12-20 12:59:37,2025-08-14 05:39:45,,,,Dubstep,,1822383749,QZWV32524081,
2493,,9177,False,False,,東邪,,,,MC Cheung Tinfu,,Sweet & Sour,MC Cheung Tinfu,0,9,0,9,1,1,4,10,273438,2025-07-17 12:00:00,2025-12-20 12:59:37,2025-08-14 15:00:25,,,,Cantopop/HK-Pop,,1825762068,HKI492508207,
2494,,9187,True,False,,Fizz,251824775,PAX JAPONICA GROOVE,,PAX JAPONICA GROOVE,,Another Beyond,PAX JAPONICA GROOVE,0,25,0,25,1,1,1,16,215945,2025-07-16 12:00:00,2025-12-20 12:59:37,2025-08-18 23:17:30,A,-,Dance,Dance,House.ProgressiveHouse,1817360111,JPZ922502933,Music211/v4/8e/f9/28/8ef928fd-173c-30fb-40a4-1908100b1e55/4948722597087_cover.png
2495,,9191,True,False,,Days of Youth,251824775,PAX JAPONICA GROOVE,,PAX JAPONICA GROOVE,,Another Beyond,PAX JAPONICA GROOVE,0,38,0,38,1,1,6,16,187572,2025-07-16 12:00:00,2025-12-20 12:59:37,2025-08-20 06:21:59,A,-,Dance,Dance,DrumNBass,1817360130,JPZ922502938,Music211/v4/8e/f9/28/8ef928fd-173c-30fb-40a4-1908100b1e55/4948722597087_cover.png
2496,,9193,True,False,,Prism,251824775,PAX JAPONICA GROOVE,,PAX JAPONICA GROOVE,,Another Beyond,PAX JAPONICA GROOVE,0,29,0,29,1,1,10,16,187682,2025-07-16 12:00:00,2025-12-20 12:59:37,2025-08-20 09:07:06,A,-,Dance,Dance,DrumNBass,1817360389,JPZ922502942,Music211/v4/8e/f9/28/8ef928fd-173c-30fb-40a4-1908100b1e55/4948722597087_cover.png
2497,,9195,False,False,,カラフルパレット,,,,禮衣 & furu_ri,,Colorful Palette - Single,"NICHIMEZO, Rei & furu_ri",0,11,0,11,1,1,1,1,226533,2025-08-06 12:00:00,2025-12-20 12:59:37,2025-08-21 04:00:57,,,,Japan,,1829357144,JPP302500530,
2498,,9197,True,False,,Pretend You're Mine,548290353,Culture Code,,Culture Code,,Pretend You're Mine - Single,Culture Code,0,45,0,45,1,1,1,1,206250,2025-07-25 12:00:00,2025-12-20 12:59:37,2025-08-22 09:31:19,V.F,English,Dance,Dance,Bass.FutureBass,1828788297,QZWFL2563220,Music211/v4/30/01/91/30019149-01b7-72aa-9ae7-07ae1d97abfa/artwork.jpg
2499,,9203,True,False,,Save Our Sound,1685618009,ナナツカゼ,,ナナツカゼ,,Save Our Sound - Single,ナナツカゼ,0,20,0,20,1,1,1,1,220541,2025-08-31 12:00:00,2025-12-20 12:59:37,2025-08-31 16:38:42,V.F,Japanese,Dance,J-Pop,Hard.FutureCore,1832904320,TCJPL2506782,Music211/v4/b1/37/10/b137100c-79e7-c639-c274-7484746c7b34/4550711578900_cover.jpg
2500,,9205,False,False,,Miracle,,,,Sowyn & Yobu,,Miracle - Single,Sowyn & Yobu,0,10,0,10,1,1,1,1,208941,2023-07-29 12:00:00,2025-12-20 12:59:37,2025-09-01 16:07:01,,,,Hardcore,,1700107218,QZNWX2385322,
2501,,9207,False,False,,Bound to Break,,,,SadBois,,Bound to Break - Single,SadBois,0,8,0,8,1,1,1,1,192619,2025-08-20 12:00:00,2025-12-20 12:59:37,2025-09-02 06:37:34,,,,House,,1830211216,FREW42500150,
2502,,9209,False,False,,Halos,,,,Cloudy Parallels,,Halos - Single,Cloudy Parallels,0,8,0,8,1,1,1,1,221533,2025-08-08 12:00:00,2025-12-20 12:59:37,2025-09-02 06:42:25,,,,Dance,,1828283324,TCAJW2580756,
2503,,9211,False,False,,Sense (feat. ねんね),,,,*Luna,,Qualia (feat. ねんね) - Single,*Luna,0,9,0,9,1,1,1,3,276000,2025-07-20 12:00:00,2025-12-20 12:59:37,2025-09-03 02:20:32,,,,J-Pop,,1832270048,JP92N2535850,
2504,,9213,False,False,,蓮華 (feat. 重音テト),,,,をかし屋,,Happy Boy - Single,をかし屋,0,10,0,10,1,1,2,2,228750,2025-08-15 12:00:00,2025-12-20 12:59:37,2025-09-03 02:33:07,,,,House,,1833135235,TCJPL2508714,
2505,,9215,True,False,,Starduster,1401871894,ReoNa,,ReoNa,,End of Days (Special Edition) - EP,ReoNa,0,23,0,23,1,1,2,6,305013,2025-08-06 12:00:00,2025-12-20 12:59:37,2025-09-03 02:45:46,V.F,Japanese,Rock,Anime,Pop.Influenced,1828471818,JPU902502492,Music211/v4/d0/18/cf/d018cf2a-74e6-eb37-2380-f8187658425c/4547366766790.jpg
2506,,9217,True,False,,CRASH OUT,633618466,Ray Volpe,,Ray Volpe,,"FOREVER, VOLPETRON",Ray Volpe,0,19,0,19,1,1,11,16,214372,2025-08-22 12:00:00,2025-12-20 12:59:37,2025-09-04 02:04:48,V.M,English,Dance,Electronic,Dubstep.Brostep,1832825042,QZNJY2501281,Music211/v4/97/8d/5e/978d5ee0-67d3-eaaa-34b8-082cd874eeb9/0.jpg
2507,,9219,False,False,,Candy Blaze,,,,FANTASTICS from EXILE TRIBE,,Cosmic Resonance - EP,FANTASTICS from EXILE TRIBE,0,10,0,10,1,1,1,6,201133,2025-07-02 12:00:00,2025-12-20 12:59:37,2025-09-05 10:16:10,,,,J-Pop,,1821627678,JPB602502019,
2508,,9221,False,False,,Discovery,,,,"Aaron Shirk, Rickie Nolls & Gallie Fisher",,Discovery - Single,"Aaron Shirk, Rickie Nolls & Gallie Fisher",0,9,0,9,1,1,1,1,219200,2025-09-05 12:00:00,2025-12-20 12:59:37,2025-09-05 13:26:27,,,,Dance,,1832061830,CA5KR2585773,
2509,,9225,False,False,,Save Me (feat. Svniivan),,,,ROY KNOX & Tim Beeren,,Save Me - Single (feat. Svniivan) - Single,ROY KNOX & Tim Beeren,0,10,0,10,1,1,1,1,204841,2019-12-07 12:00:00,2025-12-20 12:59:37,2025-09-08 06:12:54,,,,Dance,,1488945588,GB2LD1900431,
2510,,9227,False,False,,Over My Head,,,,ROY KNOX & Mike Robert,,Over My Head - Single,ROY KNOX & Mike Robert,0,11,0,11,1,1,1,1,192000,2020-10-08 12:00:00,2025-12-20 12:59:37,2025-09-08 06:13:07,,,,Electronic,,1532369164,GB2LD2010196,
2511,,9229,True,False,,With U,"1507931245, 1478739371, 1059820724","Afinity, ROY KNOX, Skyelle",,"Afinity, ROY KNOX & Skyelle",,With U - Single,"Afinity, ROY KNOX, Skyelle",0,23,0,23,1,1,1,1,252800,2023-08-21 12:00:00,2025-12-20 12:59:37,2025-09-08 06:13:17,V.F,English,Dance,Dubstep,"Dubstep.MelodicDubstep, Dubstep.Brostep",1700533482,CA6D22300348,Music126/v4/d1/a1/61/d1a161f3-a48f-2481-0aff-9635a53128fd/742779548917.png
2512,,9231,False,False,,Your Poison,,,,ROY KNOX,,Your Poison - Single,ROY KNOX,0,10,0,10,1,1,1,1,198400,2024-10-10 12:00:00,2025-12-20 12:59:37,2025-09-08 06:13:26,,,,Dubstep,,1770913605,GB2LD2410471,
2513,,9233,False,False,,Afraid To Love,,,,ROY KNOX,,Ophelia Presents: Advent Volume 5,Various Artists,0,10,0,10,1,1,3,8,236800,2022-08-19 12:00:00,2025-12-20 12:59:37,2025-09-08 06:13:47,,,,Dance,,1806512117,GBEWA2204662,
2514,,9235,False,False,,Say What You Mean (feat. Noah Cunane),,,,"ROY KNOX, SadBois & afterxheaven",,Say What You Mean (feat. Noah Cunane) - Single,"ROY KNOX, SadBois & afterxheaven",0,9,0,9,1,1,1,1,187621,2025-02-24 12:00:00,2025-12-20 12:59:37,2025-09-08 06:14:07,,,,Bass,,1790761624,CA6D22400695,
2515,,9237,False,False,,Memory Box,,,,ROY KNOX,,Memory Box - Single,ROY KNOX,0,10,0,10,1,1,1,1,128000,2024-02-09 12:00:00,2025-12-20 12:59:37,2025-09-08 06:14:18,,,,Dubstep,,1728769705,GB2LD2410026,
2516,,9239,False,False,,About U,,,,ROY KNOX,,About U - Single,ROY KNOX,0,11,0,11,1,1,1,1,198400,2023-05-15 12:00:00,2025-12-20 12:59:37,2025-09-08 06:14:49,,,,Dubstep,,1685320109,CA6D22300174,
2517,,9241,False,False,,Fell for a Demon,,,,ROY KNOX & LINKER,,Fell for a Demon - Single,ROY KNOX & LINKER,0,10,0,10,1,1,1,1,243600,2024-03-15 12:00:00,2025-12-20 12:59:37,2025-09-08 06:15:20,,,,Electronic,,1734667519,GB2LD2410077,
2518,,9243,False,False,,Back 2 You,,,,ROY KNOX,,Ophelia Presents: Advent Volume 6,Various Artists,0,10,0,10,1,1,2,8,192000,2023-01-27 12:00:00,2025-12-20 12:59:37,2025-09-08 06:15:29,,,,Dance,,1806517513,GBEWA2207861,
2519,,9245,False,False,,Unsteady,,,,"ROY KNOX, Lost Wolves & Soundr",,Unsteady - Single,"ROY KNOX, Lost Wolves & Soundr",0,10,0,10,1,1,1,1,211864,2023-12-08 12:00:00,2025-12-20 12:59:37,2025-09-08 06:15:42,,,,Dance,,1716635567,CA5KR2400871,
2520,,9247,True,False,,If I Stay (feat. Stephanie Schulte),"1478739371, 1227057552, 968861298","ROY KNOX, Austin Christopher, Stephanie Schulte",,ROY KNOX & Austin Christopher,,Ophelia Presents: Advent Volume 10,Various Artists,0,29,0,29,1,1,1,8,198400,2025-02-07 12:00:00,2025-12-20 12:59:37,2025-09-08 06:15:50,V.M,English,Dance,Dance,Dubstep.MelodicDubstep,1806746657,GBEWA2500060,Music221/v4/06/21/39/06213959-21d1-3171-e244-1e98dc52863e/5039061071396.jpg
2521,,9249,False,False,,Only You,,,,"ROY KNOX, Derpcat & imallryt",,Only You - Single,"ROY KNOX, Derpcat & imallryt",0,11,0,11,1,1,1,1,180000,2021-10-26 12:00:00,2025-12-20 12:59:37,2025-09-08 06:16:28,,,,Electronic,,1586360363,GB2LD2110285,
2522,,9251,False,False,,Hideaway,,,,"Hayve, ROY KNOX & Skyelle",,Hideaway - Single,"Hayve, ROY KNOX & Skyelle",0,10,0,10,1,1,1,1,215862,2024-04-24 12:00:00,2025-12-20 12:59:37,2025-09-08 06:16:54,,,,Dance,,1738510618,CA6D22400225,
2523,,9253,True,False,,Call me,1022677279,Novelbright,,Novelbright,,PYRAMID,Novelbright,0,10,0,10,1,1,11,13,172333,2025-09-01 12:00:00,2025-12-20 12:59:37,2025-09-11 01:51:35,V.M,Japanese,Rock,Rock,Pop.Influenced,"1835312428, 1886087917",JPPO02502474,Music221/v4/ab/ae/ec/abaeecee-2f9f-e592-a611-c651cf257ba7/26UMGIM22696.rgb.jpg
2524,,9255,False,False,,Never Look Back (feat. Monika Santucci),,,,SPIRIT LINK,,Never Look Back (feat. Monika Santucci) - Single,SPIRIT LINK,0,9,0,9,1,1,1,1,192563,2025-07-18 12:00:00,2025-12-20 12:59:37,2025-09-11 01:53:34,,,,Electronic,,1825429233,GXBDS2517369,
2525,,9257,False,False,,On My Mind,,,,Tatsunoshin & Slenderino,,On My Mind - Single,Tatsunoshin & Slenderino,0,10,0,10,1,1,1,1,179600,2025-07-15 12:00:00,2025-12-20 12:59:37,2025-09-11 02:01:26,,,,Hardcore,,1818875476,GB2LD2510290,
2526,,9259,False,False,,Tranquil for Life,,,,PYKAMIA,,Tranquil for Life - Single,PYKAMIA,0,12,0,12,1,1,1,1,168000,2025-08-30 12:00:00,2025-12-20 12:59:37,2025-09-11 04:18:58,,,,Instrumental,,1837359737,QT65W2507893,
2527,,9267,False,False,,雪割草,,,,Synthion,,雪割草 - Single,Synthion,0,10,0,10,1,1,1,2,296000,2025-09-09 12:00:00,2025-12-20 12:59:37,2025-09-13 10:10:27,,,,Rock,,1837218862,QM24S2505385,
2528,,9269,False,False,,まどろみ (feat. ねんね),,,,*Luna,,Qualia (feat. ねんね) - Single,*Luna,0,8,0,8,1,1,2,3,216000,2025-08-29 12:00:00,2025-12-20 12:59:37,2025-09-22 05:40:38,,,,J-Pop,,1832270049,JP92N2539555,
2529,,9271,True,False,,World of Starry,1676938685,PYKAMIA,,PYKAMIA,,World of Starry - Single,PYKAMIA,0,47,0,47,1,1,1,1,140308,2025-07-23 12:00:00,2025-12-20 12:59:37,2025-09-22 05:40:45,A,-,Instrumental,Electronic,,"1829128011, 1883242788",TCAJX2506663,Music221/v4/85/76/77/85767799-3183-6fb0-3d6b-5f7f354c440f/859712941879_cover.jpg
2530,,9273,True,False,,Brilliant Blue,1466480537,Junk,,Junk,,Brilliant Blue - Single,Junk,0,55,0,55,1,1,1,1,154159,2025-09-13 12:00:00,2025-12-20 12:59:37,2025-09-22 05:40:54,A,-,Dance,Anime,Trance,1839496810,QT66J2563312,Music211/v4/a4/52/e8/a452e86b-7c1a-fefd-0882-4026345ebff8/4550712669317_cover.png
2531,,9275,False,False,,Celestial,,,,Larza & KILIAM,,Celestial - Single,Larza & KILIAM,0,11,0,11,1,1,1,1,201774,2025-08-22 12:00:00,2025-12-20 12:59:37,2025-09-22 05:41:03,,,,Dance,,1828648861,QT4K52591841,
2532,,9277,True,False,,Overture,1762561744,Odd,,Odd,,Overture - EP,Odd,0,37,0,37,1,1,2,4,198316,2025-08-31 12:00:00,2025-12-20 12:59:37,2025-09-22 05:41:09,V.F,Japanese,Rock,J-Pop,,1831193947,TCJPK2572477,Music211/v4/8a/ef/35/8aef35c0-14d5-7aaf-bb20-1a5711b40c1e/4550711404377_cover.png
2533,,9279,False,False,,Life Is Piano,,,,Junk,,Life Is Piano - Single,Junk,0,11,0,11,1,1,1,1,129032,2020-08-22 12:00:00,2025-12-20 12:59:37,2025-09-24 11:17:14,,,,House,,1526632329,TCJPM2022511,
2534,,9281,True,False,,Back in My Star,1506938868,Sanaas,,Sanaas,,J - Neration 10,Various Artists,0,32,0,32,1,1,1,10,223734,2019-04-29 12:00:00,2025-12-20 12:59:37,2025-09-25 00:13:13,V.F,English,Dance,Dance,Hard.JCore,1506940360,CACWV2011124,Music113/v4/f9/8f/66/f98f66cc-9222-1814-4c8e-e59afd8fb478/672985169456.png
2535,,9283,False,False,,Subway Line,,,,MEDZ & John White,,Subway Line - Single,MEDZ & John White,0,8,0,8,1,1,1,1,277195,2025-09-05 12:00:00,2025-12-20 12:59:37,2025-10-03 04:15:42,,,,House,,1833066187,QZWFW2578855,
2536,,9285,False,False,,By the Light of the Moon (feat. Kerli),,,,Seven Lions,,By the Light of the Moon (feat. Kerli) - Single,Seven Lions,0,8,0,8,1,1,1,1,267062,2025-09-17 12:00:00,2025-12-20 12:59:37,2025-10-03 04:16:25,,,,Dance,,1833982638,CA5KR2587087,
2537,,9287,False,False,,Radio Voices,,,,MOKKAI,,Radio Voices - Single,MOKKAI,0,7,0,7,1,1,1,1,172670,2025-09-20 12:00:00,2025-12-20 12:59:37,2025-10-03 04:16:52,,,,Dubstep,,1840683014,QZZ7X2565529,
2538,,9289,False,False,,YOU,,,,禮衣 & Twinfield,,YOU - Single,"NICHIMEZO, Rei & Twinfield",0,6,0,6,1,1,1,1,197200,2025-08-20 12:00:00,2025-12-20 12:59:37,2025-10-03 04:18:19,,,,J-Pop,,1830412226,JPP302500531,
2539,,9291,False,False,,継炎,,,,MEMESIA,,Keien - Single,MEMESIA,0,7,0,7,1,1,1,1,266566,2025-09-06 12:00:00,2025-12-20 12:59:37,2025-10-03 04:20:02,,,,J-Pop,,1836603000,TCJPL2567967,
2540,,9293,False,False,,Overnight 2025,,,,KMNZ,,Kmnrevival,KMNZ,0,9,0,9,1,1,6,8,223188,2025-09-06 12:00:00,2025-12-20 12:59:37,2025-10-03 04:20:22,,,,Hip-Hop/Rap,,1837447284,TCJPL2568158,
2541,,9295,False,False,,忘れたら,,,,capo2,,If You Forget - Single,capo2,0,8,0,8,1,1,1,1,222174,2025-08-08 12:00:00,2025-12-20 12:59:37,2025-10-03 04:20:41,,,,J-Pop,,1830816554,TCJPK2556893,
2542,,9297,False,False,,Do It All Again,,,,Nyman & Giin,,Do It All Again - Single,Nyman & Giin,0,8,0,8,1,1,1,1,176610,2025-08-08 12:00:00,2025-12-20 12:59:37,2025-10-03 04:21:15,,,,Pop,,1825941070,QZWFE2515394,
2543,,9299,False,False,,New Home,,,,ARAYA & She Was Silver,,New Home - Single,ARAYA & She Was Silver,0,7,0,7,1,1,1,1,244000,2025-09-19 12:00:00,2025-12-20 12:59:37,2025-10-03 04:21:31,,,,Dubstep,,1839294203,QZZ7U2544313,
2544,,9301,False,False,,Goodbye,,,,"William Black, Blanke & MGRD",,Goodbye - Single,"William Black, Blanke & MGRD",0,5,0,5,1,1,1,1,176087,2025-09-26 12:00:00,2025-12-20 12:59:37,2025-10-05 12:22:49,,,,Dubstep,,1834319748,CA5KR2587176,
2545,,9303,False,False,,Friendship (feat. Olivia Ridgely),,,,"SABAI, BOTCASH & Casey Cook",,Friendship (feat. Olivia Ridgely) - EP,"SABAI, BOTCASH & Casey Cook",0,6,0,6,1,1,1,4,223576,2025-09-19 12:00:00,2025-12-20 12:59:37,2025-10-05 12:23:05,,,,Dance,,1836282770,CA5KR2589212,
2546,,9305,False,False,,Full Blue Sky,,,,Junk,,Full Blue Sky - Single,Junk,0,7,0,7,1,1,1,1,244112,2025-09-28 12:00:00,2025-12-20 12:59:37,2025-10-05 12:23:16,,,,Trance,,1842670912,QT66K2500289,
2547,,9307,False,False,,Synthesize,,,,"SPIRIT LINK, HYLIA & Kascal",,Synthesize - Single,"SPIRIT LINK, HYLIA & Kascal",0,12,0,12,1,1,1,1,214400,2025-07-11 12:00:00,2025-12-20 12:59:37,2025-10-05 12:33:00,,,,Dubstep,,1810790328,SE6XY2585833,
2548,,9309,True,False,,雨と虹のように,1785121694,蒼狼ルナ,,蒼狼ルナ,,Arcana,蒼狼ルナ,0,21,0,21,1,1,12,15,239000,2025-09-26 12:00:00,2025-12-20 12:59:37,2025-10-05 12:34:52,V.F,Japanese,Rock,J-Pop,,1841830740,QT66J2591908,Music211/v4/48/12/b3/4812b3b2-7f62-26e8-8548-ab6ba14fcd4e/4550712857523_cover.png
2549,,9311,False,False,,Imprints,,,,"Abov, shXdow. & RUNN",,Imprints - Single,"Abov, shXdow. & RUNN",0,8,0,8,1,1,1,1,206000,2025-07-11 12:00:00,2025-12-20 12:59:37,2025-10-05 12:35:18,,,,Dance,,1821492598,CA5KR2539129,
2550,,9313,True,False,,watercolor,978885336,Synthion,,Synthion,,Antique -The United-,Various Artists,0,47,0,47,1,1,31,33,280067,2025-03-31 12:00:00,2025-12-20 12:59:37,2025-10-11 07:33:39,A,-,Instrumental,Alternative,Dance.Influenced,1775391690,QM42K2453452,Music211/v4/da/6e/c8/da6ec88d-471c-61e0-791c-024f2e9968f3/085494407054_cover.jpg
2551,,9315,False,False,,Honest,,,,Mazare & Drive!Drive!,,Honest - Single,Mazare & Drive!Drive!,0,7,0,7,1,1,1,1,220690,2025-09-30 12:00:00,2025-12-20 12:59:37,2025-10-14 00:18:57,,,,Alternative,,1838482809,GB2LD2520491,
2552,,9317,True,False,,Midnight City Escape,1537528070,Purukichi,,Purukichi,,Torque - Single,Purukichi,0,22,0,22,1,1,3,3,210698,2025-10-01 12:00:00,2025-12-20 12:59:37,2025-10-14 00:19:46,A,-,Dance,Electronic,DrumNBass,1837366402,JP92Y2506456,Music221/v4/8e/61/8f/8e618f4a-a042-c4cc-b714-5c1da55b372e/4573694834849.jpg
2553,,9319,False,False,,水縹と踊る (feat. みすず.),,,,Odd,,Overture - EP,Odd,0,5,0,5,1,1,4,4,243871,2025-08-31 12:00:00,2025-12-20 12:59:37,2025-10-14 00:21:06,,,,J-Pop,,1831193953,TCJPK2572580,
2554,,9321,False,False,,Voyage of Us,,,,松永依織,,Parallel Vision,Iori Matsunaga,0,5,0,5,1,1,9,11,252533,2025-09-17 12:00:00,2025-12-20 12:59:37,2025-10-14 00:21:11,,,,Anime,,1831692659,JPX632500023,
2555,,9323,False,False,,ココロカレイドスコープ,,,,REiNa,,Kokoro Kaleidoscope - Single,REiNa,0,4,0,4,1,1,1,2,182507,2025-09-24 12:00:00,2025-12-20 12:59:37,2025-10-14 00:21:41,,,,J-Pop,,1841313496,QT66J2586467,
2556,,9325,False,False,,IYKYK,,,,San Holo & Amanda Joy,,IYKYK - Single,San Holo & Amanda Joy,0,4,0,4,1,1,1,1,236800,2025-08-27 12:00:00,2025-12-20 12:59:37,2025-10-14 00:22:57,,,,Electronic,,1827219996,QZWH32500625,
2557,,9327,False,False,,Monster,,,,William Black & Baby Blue,,Monster - Single,William Black & Baby Blue,0,4,0,4,1,1,1,1,234000,2025-08-15 12:00:00,2025-12-20 12:59:37,2025-10-23 01:53:37,,,,Dubstep,,1828591870,CA5KR2542487,
2558,,9329,False,False,,Hearts On Fire,,,,TARK & Matt Wright,,Hearts On Fire - Single,TARK & Matt Wright,0,4,0,4,1,1,1,1,215172,2025-09-26 12:00:00,2025-12-20 12:59:37,2025-10-23 01:53:53,,,,Electronic,,1824172418,GXBDS2545035,
2559,,9331,False,False,,Sticks & Stones,,,,Adam Seuba,,Sticks & Stones - Single,Adam Seuba,0,4,0,4,1,1,1,1,201000,2025-10-10 12:00:00,2025-12-20 12:59:37,2025-10-23 01:53:59,,,,Pop,,1833117589,USA2P2540737,
2560,,9333,False,False,,Just You and Me,,,,Moon1k,,Just You and Me - Single,Moon1k,0,4,0,4,1,1,1,1,187440,2025-09-24 12:00:00,2025-12-20 12:59:37,2025-10-23 01:54:07,,,,Electronic,,1841960535,CBEYJ2568551,
2561,,9335,False,False,,Starliners,,,,Junk,,Starliners - Single,Junk,0,4,0,4,1,1,1,2,198501,2025-10-04 12:00:00,2025-12-20 12:59:37,2025-10-23 01:54:13,,,,House,,1844037396,QT66K2518312,
2562,,9337,False,False,,Aurora,,,,紙崎ねい,,Aurora - Single,Kamisaki Nei,0,5,0,5,1,1,1,1,210857,2025-10-11 12:00:00,2025-12-20 12:59:37,2025-10-23 01:54:18,,,,Anime,,1845046883,QT66K2529772,
2563,,9339,False,False,,Mizuki's Garden,,,,PYKAMIA,,Mizuki's Garden - Single,PYKAMIA,0,7,0,7,1,1,1,1,497716,2025-10-12 12:00:00,2025-12-20 12:59:37,2025-10-23 01:54:29,,,,Instrumental,,1846635377,QT6622526473,
2564,,9341,False,False,,Seeing Lights,,,,Fujiyori & まより,,Seeing Lights - Single,Fujiyori & まより,0,6,0,6,1,1,1,1,230233,2025-09-17 12:00:00,2025-12-20 12:59:37,2025-10-23 01:54:46,,,,Electronic,,1845879698,GXHG92570287,
2565,,9343,False,False,,星海 (feat. Rime),,,,Roca,,Stellar Sea (feat. Rime) - Single,Roca,0,6,0,6,1,1,1,1,198800,2025-09-22 12:00:00,2025-12-20 12:59:37,2025-10-23 01:55:01,,,,Electronic,,1840794809,JP92N2545035,
2566,,9345,False,False,,ひまわり,,,,Project Lumina,,Sunflower - Single,Project Lumina,0,6,0,6,1,1,1,1,239667,2025-10-02 12:00:00,2025-12-20 12:59:37,2025-10-23 01:55:15,,,,J-Pop,,1840803008,JP92U2500468,
2567,,9347,False,False,,So Far Away (feat. Lilly Ahlberg),,,,Seven Lions,,So Far Away (feat. Lilly Ahlberg) - Single,Seven Lions,0,5,0,5,1,1,1,2,248620,2025-10-15 12:00:00,2025-12-20 12:59:37,2025-10-23 01:55:50,,,,Dance,,1841501662,CA5KR2593426,
2568,,9349,False,False,,Waste Of My Desire,,,,SPIRIT LINK,,Waste Of My Desire - Single,SPIRIT LINK,0,5,0,5,1,1,1,1,214714,2025-08-29 12:00:00,2025-12-20 12:59:37,2025-10-23 01:56:08,,,,Dubstep,,1834065434,SE6XW2599198,
2569,,9351,False,False,,Save Tonight,,,,SLANDER & HALIENE,,Save Tonight - Single,SLANDER & HALIENE,0,4,0,4,1,1,1,1,294400,2025-09-26 12:00:00,2025-12-20 12:59:37,2025-10-23 01:56:20,,,,Dance,,1836072001,NL8RL2554291,
2570,,9359,False,False,,"from the Future (Piano Arrange) [feat. 鏡音玲, 鏡音連 & 初音未來]",,,,市瀬るぽ,,"PIANISSIMO (feat. 鏡音玲, 小春六花, 初音未來 & 鏡音連)",Ichinose LUPO,0,15,0,15,1,1,9,10,268500,2024-11-20 12:00:00,2025-12-20 12:59:37,2025-10-26 13:18:45,,,,Pop,,1778343855,JP92Q2401381,
2571,,9361,False,False,,泡沫と水風船 (Piano Arrange) [feat. 初音未來],,,,市瀬るぽ,,"PIANISSIMO (feat. 鏡音玲, 小春六花, 初音未來 & 鏡音連)",Ichinose LUPO,0,14,0,14,1,1,8,10,173500,2024-11-20 12:00:00,2025-12-20 12:59:37,2025-10-26 14:03:18,,,,Pop,,1778343854,JP92Q2401380,
2572,,9363,False,False,,春を歩いた (Piano Solo) [feat. 初音未來],,,,市瀬るぽ,,"PIANISSIMO (feat. 鏡音玲, 小春六花, 初音未來 & 鏡音連)",Ichinose LUPO,0,18,0,18,1,1,7,10,219000,2024-11-20 12:00:00,2025-12-20 12:59:37,2025-10-26 14:05:33,,,,Pop,,1778343853,JP92Q2401379,
2573,,9365,False,False,,Stuck On You,,,,capo2 & EAERAN,,Stuck On You - Single,capo2 & EAERAN,0,4,0,4,1,1,1,1,152516,2025-10-22 12:00:00,2025-12-20 12:59:37,2025-10-28 01:13:13,,,,Electronic,,1847424756,QT66K2555793,
2574,,9367,False,False,,Soulweaver,,,,"DraGonis, Treb & Super Jump",,Soulweaver - Single,"DraGonis, Treb & Super Jump",0,4,0,4,1,1,1,1,231724,2025-09-26 12:00:00,2025-12-20 12:59:37,2025-10-28 03:36:02,,,,Dubstep,,1844490272,SE6SA2571422,
2575,,9369,False,False,,"For You, Always",,,,YUKIYANAGI,,"For You, Always - Single",Yukiyanagi,0,4,0,4,1,1,1,1,256114,2025-10-17 12:00:00,2025-12-20 12:59:37,2025-10-28 06:45:18,,,,Dance,,1845759095,QT66K2533614,
2576,,9371,False,False,,Find Your Way (feat. Sora Sayuri),,,,Culture Code,,Find Your Way (feat. Sora Sayuri) - Single,Culture Code,0,5,0,5,1,1,1,1,224571,2025-10-17 12:00:00,2025-12-20 12:59:37,2025-10-28 06:55:04,,,,Dance,,1846326932,QT3FD2549711,
2577,,9373,False,False,,RUNNING ON EMPTY,,,,dreamr. & REIDØ,,RUNNING ON EMPTY - Single,dreamr. & REIDØ,0,5,0,5,1,1,1,2,191294,2025-10-17 12:00:00,2025-12-20 12:59:37,2025-10-28 10:11:52,,,,Dance,,1842010663,USA2P2550020,
2578,,9375,False,False,,Just A Dream,,,,Ventaria & Brycian,,Just A Dream - Single,Ventaria & Brycian,0,6,0,6,1,1,1,1,160970,2025-10-10 12:00:00,2025-12-20 12:59:37,2025-10-28 10:12:02,,,,Electronic,,1840928996,QZS7J2548329,
2579,,9379,False,False,,Say It To Me,,,,"SABAI, HALIENE & ANDe",,"Fuck It, I'm Alright",SABAI,0,3,0,3,1,1,3,7,271299,2025-10-22 12:00:00,2025-12-20 12:59:37,2025-11-04 23:51:04,,,,Pop,,1844974832,CA5KR2595668,
2580,,9381,False,False,,Hello I Miss U,,,,"Mazare, SadBois & Carter Rubin",,Hello I Miss U - Single,"Mazare, SadBois & Carter Rubin",0,3,0,3,1,1,1,1,161860,2025-10-23 12:00:00,2025-12-20 12:59:37,2025-11-05 06:08:55,,,,Dance,,1842258685,CA6D22500269,
2581,,9383,True,False,,Upside Down,"1712350050, 1844751362","Cloudy Parallels, Xentry",,Cloudy Parallels & Xentry,,Upside Down - Single,"Cloudy Parallels, Xentry",0,23,0,23,1,1,1,1,261897,2025-10-24 12:00:00,2025-12-20 12:59:37,2025-11-05 06:09:09,V.F,English,Dance,Dance,Dubstep.MelodicDubstep,1845542478,QT65Z2597939,Music221/v4/97/7d/4f/977d4f42-6a70-11ec-d1d6-737e1a862574/859719943838_cover.jpg
2582,,9385,False,False,,Prism Gate,,,,"Tatsunoshin, Aira Arere, GALSTYLEZ & Massive New Krew",,Raspberry Potion,"Tatsunoshin, Aira Arere & GALSTYLEZ",0,3,0,3,1,1,6,8,181161,2025-09-05 12:00:00,2025-12-20 12:59:37,2025-11-05 06:11:28,,,,Electronic,,1833427393,TCJPL2510920,
2583,,9387,False,False,,Novel,,,,"technoplanet, 木下珠子 & 津山峻平",,Paradox_Heart.exe - EP,technoplanet & Tamako Kinoshita,0,3,0,3,1,1,4,4,272000,2025-10-26 12:00:00,2025-12-20 12:59:37,2025-11-05 06:15:26,,,,J-Pop,,1844754686,JPR502512992,
2584,,9389,False,False,,グライド,,,,Myuk,,Glide - Single,Myuk,0,3,0,3,1,1,1,1,210533,2025-10-05 12:00:00,2025-12-20 12:59:37,2025-11-05 06:20:43,,,,J-Pop,,1840408005,JPU902503424,
2585,,9391,False,False,,yellow,,,,culenasm,,yellow - Single,culenasm,0,2,0,2,1,1,1,1,203044,2025-10-29 12:00:00,2025-12-20 12:59:37,2025-11-10 21:33:55,,,,Rock,,1844548925,QMFMF2518960,
2586,,9393,False,False,,Miles From Home,,,,"Jason Ross, Kompany & HYMNALS",,Miles From Home - Single,"Jason Ross, Kompany & HYMNALS",0,18,0,18,1,1,1,1,241548,2025-10-31 12:00:00,2025-12-20 12:59:37,2025-11-10 21:35:30,,,,Dance,,1843968946,CA5KR2595614,
2587,,9395,False,False,,The Other Side,,,,Fairlane,,The Other Side - Single,Fairlane,0,16,0,16,1,1,1,1,207866,2025-09-05 12:00:00,2025-12-20 12:59:37,2025-11-10 21:35:42,,,,Dance,,1832869271,QZTGW2406592,
2588,,9397,False,False,,168.5 (feat. Billy Choi),,,,MC Cheung Tinfu,,168.5 (feat. Billy Choi) - Single,MC Cheung Tinfu,0,2,0,2,1,1,1,1,149944,2025-10-09 12:00:00,2025-12-20 12:59:37,2025-11-10 21:35:55,,,,Cantopop/HK-Pop,,1843066104,HKI492508215,
2589,,9399,False,False,,Running Back To You,,,,PatFromLastYear,,Running Back To You - Single,PatFromLastYear,0,2,0,2,1,1,1,1,169846,2025-10-30 12:00:00,2025-12-20 12:59:37,2025-11-10 21:37:00,,,,House,,1850212820,QT6E82546186,
2590,,9401,False,False,,1991,,,,米津玄師,,1991 - Single,Kenshi Yonezu,0,2,0,2,1,1,1,1,227392,2025-10-13 12:00:00,2025-12-20 12:59:37,2025-11-10 21:37:23,,,,J-Pop,,1844275014,JPU902503511,
2591,,9403,False,False,,Sonosaki,,,,Alfakyun.,,Almatic,Alfakyun.,0,2,0,2,1,1,7,12,303560,2017-05-24 12:00:00,2025-12-20 12:59:37,2025-11-13 01:46:14,,,,Rock,,1570070624,JPTK01704500,
2592,,9405,False,False,,-Error,,,,Alfakyun.,,"#Watashiigai, Zenin, Shiawasesonimieru.",Alfakyun.,0,1,0,1,1,1,10,12,238366,2022-06-22 12:00:00,2025-12-20 12:59:37,2025-11-13 01:51:44,,,,J-Pop,,1628041148,JPVI02201323,
2593,,9407,False,False,,No Sleep,,,,Last Heroes & Liel Kolet,,No Sleep // Naked Soul - Single,Last Heroes & Liel Kolet,0,2,0,2,1,1,1,2,200000,2020-05-29 12:00:00,2025-12-20 12:59:37,2025-11-13 05:07:22,,,,Dance,,1807183040,GBEWA1906050,
2594,,9409,False,False,,Naked Soul (feat. Liel Kolet),,,,Last Heroes & Liel Kolet,,No Sleep // Naked Soul - Single,Last Heroes & Liel Kolet,0,2,0,2,1,1,2,2,286345,2020-05-29 12:00:00,2025-12-20 12:59:37,2025-11-13 05:41:42,,,,Dance,,1807183041,GBEWA1906051,
2595,,9411,True,False,,Till I (feat. 優里),"912316913, 1489331027","SawanoHiroyuki[nZk], 優里",,SawanoHiroyuki[nZk],,iv,SawanoHiroyuki[nZk],0,67,0,67,1,1,9,16,281240,2021-03-03 12:00:00,2025-12-20 12:59:37,2025-11-13 06:17:29,V.M,Japanese,Pop,Rock,Rock.Influenced,1551613743,JPU902003526,Music124/v4/a6/57/07/a65707b7-954d-5437-0130-a6d66adcc0bf/4547366498042.jpg
2596,,9413,False,False,,Into the Sky (feat. Tielle),,,,SawanoHiroyuki[nZk],,Into the Sky EP,SawanoHiroyuki[nZk],0,1,0,1,1,1,1,8,229973,2016-06-29 12:00:00,2025-12-20 12:59:37,2025-11-13 09:38:59,,,,Anime,,1538258116,JPU901600630,
2597,,9415,False,False,,Lucid Eyes (feat. Jay Mason),,,,SABAI & Rival,,Lucid Eyes (feat. Jay Mason) - Single,SABAI & Rival,0,1,0,1,1,1,1,1,229241,2025-10-22 12:00:00,2025-12-20 12:59:37,2025-11-20 05:46:22,,,,Pop,,1843974777,CA5KR2595669,
2598,,9417,False,False,,Long Last the Child (feat. AKA & Eili),,,,ARForest,,Long Last the Child - Single,ARForest,0,1,0,1,1,1,1,2,183706,2025-10-31 12:00:00,2025-12-20 12:59:37,2025-11-20 05:46:57,,,,Rock,,1847684622,QZHZD2575446,
2599,,9419,False,False,,アンビバレンス (feat. 相沢),,,,すりぃ,,アンビバレンス (feat. 相沢) - Single,Surii,0,1,0,1,1,1,1,1,176100,2023-06-05 12:00:00,2025-12-20 12:59:37,2025-11-25 23:49:35,,,,J-Pop,,1691420564,QZXLZ2306612,
2600,,9421,False,False,,Goodbye Vanity,,,,PYKAMIA,,Vanity Piano III Life,PYKAMIA,0,1,0,1,1,1,2,11,200678,2024-10-31 12:00:00,2025-12-20 12:59:37,2025-11-26 10:46:41,,,,Instrumental,,1817231390,TCAJR2519511,
2601,,9423,False,False,,Stars in Vain,,,,PYKAMIA,,Vanity Piano III Life,PYKAMIA,0,6,0,6,1,1,7,11,146165,2024-10-31 12:00:00,2025-12-20 12:59:37,2025-11-26 10:59:46,,,,Instrumental,,1817231400,TCAJR2519536,
2602,,9425,False,False,,The Feeling,,,,Gryffin & YDG,,The Feeling - Single,Gryffin & YDG,0,1,0,1,1,1,1,1,199059,2025-11-14 12:00:00,2025-12-20 12:59:37,2025-11-27 03:56:09,,,,Dance,,1846976430,QZJ842506168,
2603,,9427,False,False,,Are You Still There,,,,Hoang,,Are You Still There - Single,Hoang,0,1,0,1,1,1,1,1,201000,2025-11-07 12:00:00,2025-12-20 12:59:37,2025-11-27 03:58:14,,,,Dance,,1846686700,SE6I32563659,
2604,,9429,False,False,,Back When It Was Easy,,,,Culture Code,,Back When It Was Easy - Single,Culture Code,0,1,0,1,1,1,1,1,256000,2025-09-26 12:00:00,2025-12-20 12:59:37,2025-11-27 04:01:04,,,,Dubstep,,1840406060,QZZ7X2534527,
2605,,9431,False,False,,Alter Ego,,,,rinahamu & KOTONOHOUSE,,Alter Ego,rinahamu & KOTONOHOUSE,0,1,0,1,1,1,2,11,164167,2025-09-14 12:00:00,2025-12-20 12:59:37,2025-11-27 04:34:56,,,,Electronic,,1838269567,QT66J2509647,
2606,,9433,False,False,,Phantom Killer Tune (feat. MEIKO),,,,Twinfield,,"Sugar Toy Boxxx (feat. 初音未來, MEIKO, KAITO, 巡音流歌, 鏡音玲 & 鏡音連)",Twinfield,0,1,0,1,1,1,3,10,191200,2025-09-17 12:00:00,2025-12-20 12:59:37,2025-11-27 04:40:13,,,,Pop,,1836335593,JP92Q2502870,
2607,,9435,False,False,,For the Meteor Shower,,,,Halv,,Comet Punch!,Halv,0,1,0,1,1,1,8,8,184768,2025-11-01 12:00:00,2025-12-20 12:59:37,2025-11-27 04:40:45,,,,Electronic,,1848819275,QT66K2538562,
2608,,9437,False,False,,Carry On,,,,Nyman,,Carry On - Single,Nyman,0,1,0,1,1,1,1,1,155200,2025-10-17 12:00:00,2025-12-20 12:59:37,2025-11-27 09:30:46,,,,Pop,,1844711509,QT3F92502659,
2609,,9439,False,False,,Sunset Glow,,,,culenasm,,Sunset Glow - Single,culenasm,0,1,0,1,1,1,1,1,244363,2025-11-12 12:00:00,2025-12-20 12:59:37,2025-11-27 09:30:55,,,,Rock,,1848780170,QMFMF2565747,
2610,,9441,False,False,,Akuta,,,,ReoNa,,HEART,ReoNa,0,1,0,1,1,1,4,14,314533,2025-10-08 12:00:00,2025-12-20 12:59:37,2025-11-27 09:31:04,,,,Anime,,1839166539,JPU902503191,
2611,,9443,False,False,,Scarlet,,,,Shion,,Scarlet - Single,Shion,0,1,0,1,1,1,1,1,201250,2025-10-26 12:00:00,2025-12-20 12:59:37,2025-11-27 09:31:15,,,,J-Pop,,1848099996,QT66K2562892,
2612,,9445,False,False,,When You're Gone,,,,Avril Lavigne,,The Best Damn Thing (Expanded Edition),Avril Lavigne,0,1,0,1,1,1,5,17,240493,2007-04-13 12:00:00,2025-12-20 12:59:37,2025-12-02 06:48:07,,,,Pop,,268993517,USRC10700004,
2613,,9447,False,False,,Dissonance (feat. UNI),,,,Aika,,Dissonance - Single,Aika,0,1,0,1,1,1,1,2,474946,2025-11-07 12:00:00,2025-12-20 12:59:37,2025-12-03 05:22:11,,,,Dance,,1846179616,QT3FD2512336,
2614,,9449,False,False,,clearmind,,,,Couple N,,clearmind - Single,Couple N,0,2,0,2,1,1,1,1,223000,2025-11-21 12:00:00,2025-12-20 12:59:37,2025-12-03 10:25:38,,,,Pop,,1854775241,QT6EY2569724,
2615,,9459,True,False,,Horizon Dream,1346391254,Endorfin.,,Endorfin.,,Horizon Dream - EP,Endorfin.,0,23,0,23,1,1,1,4,273173,2025-11-24 12:00:00,2025-12-20 12:59:37,2025-12-04 14:19:14,V.F,Japanese,Pop,J-Pop,Dance.Influenced,1855801712,JPR502513466,Music211/v4/d2/10/9f/d2109f9c-0d04-80c1-7bd3-82406a546c83/PA00206976_0_234090_jacket.jpg
2616,,9455,False,False,,JANE DOE,,,,米津玄師 & 宇多田光,,JANE DOE - Single,Kenshi Yonezu & Hikaru Utada,0,1,0,1,1,1,1,1,235947,2025-09-22 12:00:00,2025-12-20 12:59:37,2025-12-04 14:19:14,,,,J-Pop,,1840081736,JPU902502822,
2617,,9457,False,False,,Lapisnest (feat. HATSUNE MIKU),,,,Reku Mochizuki,,Lapisnest (feat. HATSUNE MIKU) - Single,Reku Mochizuki,0,1,0,1,1,1,1,1,140667,2025-11-07 12:00:00,2025-12-20 12:59:37,2025-12-04 14:19:14,,,,Anime,,1850887322,QT66K2587540,
2618,,9453,False,False,,Swimming In The Sky,,,,ARMNHMR,,Swimming In The Sky - Single,ARMNHMR,0,1,0,1,1,1,1,1,228000,2025-10-17 12:00:00,2025-12-20 12:59:37,2025-12-04 14:19:14,,,,Electronic,,1840407873,QZS7J2521009,
2619,,9569,False,False,,Days,,,,lama,,Days - Single,lama,0,2,0,2,1,1,1,1,214584,2020-10-02 12:00:00,2025-12-20 12:59:37,2025-12-06 13:55:07,,,,Dance,,,,
2620,,9571,True,False,,季節は次々死んでいく,342419284,amazarashi,,amazarashi,,世界収束二一一六,amazarashi,0,38,0,38,1,1,3,12,339107,2015-02-18 12:00:00,2025-12-20 12:59:37,2025-12-07 17:35:23,V.M,Japanese,Rock,Rock,Soundtrack.Anime,"1535537316, 1538099966",JPU901402674,Music211/v4/e0/1b/6c/e01b6c3e-ca69-e062-9c9d-ba3989623ba0/4547403043532.jpg
2621,,9573,False,False,,Would I Even Like Me (feat. RUNN),,,,SABAI & Miles Away,,Would I Even Like Me (feat. RUNN) - Single,SABAI & Miles Away,0,0,0,0,1,1,1,1,217473,2025-11-28 12:00:00,2025-12-20 12:59:37,2025-12-19 05:40:24,,,,Pop,,,,
2622,,9575,False,False,,Unoriginal,,,,Asher Postman,,Creating Space (Songwriters Edition),Asher Postman,0,0,0,0,1,1,16,28,298800,2025-12-12 12:00:00,2025-12-20 12:59:37,2025-12-19 05:40:26,,,,Dance,,,,
2623,,9577,False,False,,Breaking Me,,,,Seven Lions,,Asleep in the Garden of Infernal Stars,Seven Lions,0,0,0,0,1,1,2,11,243692,2025-12-12 12:00:00,2025-12-20 12:59:37,2025-12-19 10:02:44,,,,Dance,,,,
2624,,9579,False,False,,Nothing To You,,,,"Elephante, Daye & shXdow.",,Nothing To You - Single,"Elephante, Daye & shXdow.",0,0,0,0,1,1,1,1,197357,2025-11-07 12:00:00,2025-12-20 12:59:37,2025-12-19 10:03:58,,,,Dance,,,,
2625,,9581,False,False,,Kurakura,,,,CULUA,,Kurakura - Single,CULUA,0,0,0,0,1,1,1,1,263854,2025-12-10 12:00:00,2025-12-20 12:59:37,2025-12-19 10:43:46,,,,J-Pop,,,,
